sku,medicine_name,slug,composition,molecule_name,pack_size,dosage_form,manufacturer,class_ids,sub_class,rx_required,is_chronic,is_refrigerated,schedule,substitute_group_id,catalogue_mrp,expected_sellable,sort_rank,status,live_mrp,live_sale,live_off_pct,live_available,live_tier_type,live_tier_text,live_max_qty
14794,Zerodol Sp Strip Of 10 Tablets,zerodol-sp-tablet-14794,Aceclofenac 100mg + Serratiopeptidase 15mg + Paracetamol / Acetaminophen 325mg,Aceclofenac+Serratiopeptidase+Paracetamol / Acetaminophen,10 Units in Strip,Tablet,Ipca Laboratories,pain-relief-medicines,Analgesic/antipyretic,TRUE,FALSE,FALSE,SCHEDULE H,,127.07,TRUE,1,live,139.69,104.77,25,true,5,Guaranteed Delivery,20
5071,Meftal Spas Strip Of 10 Tablets,meftal-spas-tablet-5071,Mefenamic Acid 250mg + Dicycloverine / Dicyclomine 10mg,Mefenamic Acid+Dicycloverine / Dicyclomine,10 Units in Strip,Tablet,Blue Cross Laboratories Private Limited,gastrointestinal-medicines,Anti-Spasmodics,TRUE,FALSE,FALSE,SCHEDULE H,3504471,50.44,TRUE,2,live,51.56,40.22,22,true,5,Guaranteed Delivery,20
40467,Chymoral Forte Strip Of 20 Tablets,chymoral-forte-strip-of-20-tablets-40467,Chymotrypsin-Trypsin 100000au,Chymotrypsin-Trypsin,20 Units in Strip,Tablet,Torrent Pharmaceuticals Ltd,pain-relief-medicines,Anti-Inflammatory,TRUE,FALSE,FALSE,SCHEDULE H,,459.56,TRUE,3,live,514.12,401.01,22,true,5,Guaranteed Delivery,20
14791,Zerodol P Strip Of 10 Tablets,zerodol-p-tablet-14791,Aceclofenac 100mg + Paracetamol / Acetaminophen 325mg,Aceclofenac+Paracetamol / Acetaminophen,10 Units in Strip,Tablet,Ipca Laboratories,pain-relief-medicines,Analgesic/antipyretic,TRUE,FALSE,FALSE,SCHEDULE H,,69.13,TRUE,4,live,75.94,60.75,20,true,5,Guaranteed Delivery,20
233178,Montair Lc Strip Of 15 Tablets,montair-lc-tablet-15-s-233178,Levocetirizine 5mg + Montelukast 10mg,Levocetirizine+Montelukast,15 Units in Strip,Tablet,Cipla Limited,anti-allergic-medicines|cough-and-cold-medicines,,TRUE,FALSE,FALSE,SCHEDULE H,3507314,348.94,TRUE,6,live,419.79,314.84,25,true,5,Guaranteed Delivery,20
44140,Dolo 650Mg Strip Of 15 Tablets,dolo-650mg-strip-of-15-tablets-44140,Paracetamol / Acetaminophen 650mg,Paracetamol / Acetaminophen,15 Units in Strip,Tablet,Micro Labs,pain-relief-medicines,Analgesic/antipyretic,FALSE,FALSE,FALSE,NON SCHEDULED,3502852,33.29,TRUE,8,live,32.12,24.09,25,true,5,Guaranteed Delivery,20
176347,Udiliv 300Mg Strip Of 15 Tablets,udiliv-300mg-strip-of-15-tablets-176347,Ursodeoxycholic Acid / Ursodiol 300mg,Ursodeoxycholic Acid / Ursodiol,15 Units in Strip,Tablet,Abbott India Ltd,liver-care-medicines,Cholelithiasis,TRUE,FALSE,FALSE,SCHEDULE H,3502522,800.06,TRUE,9,live,1016.34,762.25,25,true,5,Guaranteed Delivery,20
41025,Clavam 625Mg Strip Of 10 Tablets,clavam-625mg-tablet-41025,Amoxycillin / Amoxicillin 500mg + Clavulanic Acid 125mg,Amoxycillin / Amoxicillin+Clavulanic Acid,10 Units in Strip,Tablet,Alkem Laboratories Ltd,antibiotics,Penicillins,TRUE,FALSE,FALSE,SCHEDULE H,,204.76,TRUE,10,live,196.73,153.45,22,true,5,Guaranteed Delivery,20
37255,Betadine 2% Mint Flavour Bottle Of 50Ml Gargle,betadine-2-gargle-mint-50ml-37255,Povidone-Iodine 2%w/v,Povidone-Iodine,50 Ml in Bottle,Gargle,Win-Medicare Pvt Ltd,antibiotics,Antiseptic,FALSE,FALSE,FALSE,NON SCHEDULED,4488771,171.79,TRUE,12,live,200,156,22,true,5,Guaranteed Delivery,20
206913,Ibugesic Plus Strip Of 20 Tablets,ibugesic-plus-strip-of-20-tablets-206913,Ibuprofen 400mg + Paracetamol / Acetaminophen 325mg,Ibuprofen+Paracetamol / Acetaminophen,20 Units in Strip,Tablet,Cipla Limited,pain-relief-medicines,Analgesic/antipyretic,TRUE,FALSE,FALSE,SCHEDULE H,,34.14,TRUE,13,live,41.49,30.7,26,true,5,Guaranteed Delivery,20
24074,Combiflam Strip Of 20 Tablets,combiflam-strip-of-20-tablets-24074,Ibuprofen 400mg + Paracetamol / Acetaminophen 325mg,Ibuprofen+Paracetamol / Acetaminophen,20 Units in Strip,Tablet,Sanofi,pain-relief-medicines,Analgesic/antipyretic,TRUE,FALSE,FALSE,SCHEDULE H,3501012,49.44,TRUE,14,live,57.45,43.09,25,true,5,Guaranteed Delivery,20
45277,Emeset 4Mg Strip Of 10 Tablets,emeset-4mg-tablet-45277,Ondansetron 4mg,Ondansetron,10 Units in Strip,Tablet,Cipla Limited,gastrointestinal-medicines,Anti-Emetic,TRUE,FALSE,FALSE,SCHEDULE H,,56.45,TRUE,17,live,55.23,43.63,21,true,5,Guaranteed Delivery,20
5647,Skinshine Tube Of 20Gm Cream,skinshine-tube-of-20gm-cream-5647,Tretinoin 0.025%w/w + Mometasone 0.1%w/w + Hydroquinone 2%w/w,Hydroquinone+Mometasone+Tretinoin,20 G in Tube,Cream,Cadila Pharmaceuticals Limited,dermatology-medicines,Melasma,TRUE,FALSE,FALSE,SCHEDULE H,3503823,170.93,TRUE,19,live,170.93,128.2,25,true,3,,20
18618,Nurokind Lc Strip Of 15 Tablets,nurokind-lc-strip-of-15-tablets-18618,Vitamin B12 / Mecobalamin / Cynocobalamin / Methylcobalamin 1500mcg + Vitamin B9 / Folic Acid / Folate 1.5mg + L-Carnitine / Levocarnitine / Carnitine 500mg,Vitamin B12 / Mecobalamin / Cynocobalamin / Methylcobalamin+Vitamin B9 / Folic Acid / Folate+L-Carnitine / Levocarnitine / Carnitine,15 Units in Strip,Tablet,Mankind Pharmaceuticals Ltd,vitamins-and-supplements,Multivitamin,TRUE,FALSE,FALSE,SCHEDULE H,3504015,233.75,TRUE,20,live,262.8,197.1,25,true,5,Guaranteed Delivery,20
188559,Aspirin Gastro Resistance Tablet 14'S,aspirin-gastro-resistance-tablet-14-s-188559,Aspirin / Acetyl Salicylic Acid 75mg,Aspirin / Acetyl Salicylic Acid,14 Units in Strip,Tablet,Zydus Healthcare Limited,blood-thinners,Anti-Platelet,TRUE,TRUE,FALSE,SCHEDULE H,,3.7,TRUE,21,live,101.04,85.88,15,false,2,Out of Stock,15
37385,Betnovate C Tube Of 30Gm Cream,betnovate-c-cream-30gm-37385,Betamethasone 0.1%w/w + Clioquinol / Iodochlorhydroxyquin 3%w/w,Betamethasone+Clioquinol / Iodochlorhydroxyquin,30 G in Tube,Cream,Glaxosmithkline,dermatology-medicines,Psoriasis,TRUE,FALSE,FALSE,SCHEDULE H,,65.17,TRUE,22,live,80.3,62.63,22,true,5,Guaranteed Delivery,20
33719,Allegra 120Mg Strip Of 10 Tablets,allegra-120mg-tablet-33719,Fexofenadine 120mg,Fexofenadine,10 Units in Strip,Tablet,Sanofi,anti-allergic-medicines,,TRUE,FALSE,FALSE,SCHEDULE H,3571751,237.31,TRUE,24,live,272.92,210.15,23,true,5,Guaranteed Delivery,20
30280,Primolut N 5Mg Strip Of 10 Tablets,primolut-n-5mg-strip-of-10-tablets-30280,Norethisterone 5mg,Norethisterone,10 Units in Strip,Tablet,Zydus Healthcare Limited,womens-health-medicines,Menstrual and Gynaecological Disorders,TRUE,FALSE,FALSE,SCHEDULE H,,60.1,TRUE,25,live,57.96,42.89,26,true,5,Guaranteed Delivery,20
199509,Econorm Sachet Of 765Mg Oral Powder,econorm-sachet-of-0-765gm-powder-199509,Saccharomyces Boulardii 250mg,Saccharomyces Boulardii,765 Mg in Sachet,Oral Powder,Dr Reddy'S Laboratories Ltd,gastrointestinal-medicines,Prebiotic and Probiotic,TRUE,FALSE,FALSE,SCHEDULE H,3502701,65.48,TRUE,26,live,71.11,52.62,26,true,5,Guaranteed Delivery,20
35526,Ascoril Ls Bottle Of 100Ml Expectorant,ascoril-ls-expectorant-100ml-35526,Levosalbutamol / Levalbuterol(1.0 Mg/5Ml) + Ambroxol Hydrochloride(30.0 Mg/5Ml) + Guaiphenesin / Guaifenesin(50.0 Mg/5Ml),Levosalbutamol / Levalbuterol+Ambroxol Hydrochloride+Guaiphenesin / Guaifenesin,100 Ml in Bottle,Expectorant,Glenmark Pharmaceuticals,cough-and-cold-medicines,,TRUE,FALSE,FALSE,SCHEDULE H,,127.48,TRUE,27,live,158,123.24,22,true,5,Guaranteed Delivery,20
3132705,Sinarest New Strip Of 15 Tablets,sinarest-new-strip-of-15-tablets-3132705,Chlorpheniramine / Chlorphenamine 2mg + Phenylephrine 10mg + Paracetamol / Acetaminophen 500mg,Chlorpheniramine / Chlorphenamine+Phenylephrine+Paracetamol / Acetaminophen,15 Units in Strip,Tablet,Centaur Pharmaceuticals Pvt Ltd,cough-and-cold-medicines,,TRUE,FALSE,FALSE,SCHEDULE H,3500774,109.23,TRUE,28,live,135.88,101.91,25,true,5,Guaranteed Delivery,20
208890,Cremaffin Plus Refreshing Flavour Sugar Free Bottle Of 225Ml Emulsion,cremaffin-plus-refreshing-flavour-sugar-free-emulsion-225ml-208890,Magnesium Hydroxide / Milk Of Magnesia(3.75 Ml/5Ml) + Liquid Paraffin(1.25 Ml/5Ml) + Sodium Picosulfate(3.33 Mg/5Ml),Sodium Picosulfate+Liquid Paraffin+Magnesium Hydroxide / Milk Of Magnesia,225 Ml in Bottle,Emulsion,Abbott India Ltd,gastrointestinal-medicines,Laxative,TRUE,FALSE,FALSE,SCHEDULE H,3523717,294.09,TRUE,29,live,337.8,253.35,25,true,5,Guaranteed Delivery,20
11810,Ascoril Ls Bottle Of 15Ml Oral Drops,ascoril-ls-drops-11810,Ambroxol 7.5mg/ml + Levosalbutamol / Levalbuterol 0.25mg/ml + Guaiphenesin / Guaifenesin 12.5mg/ml,Ambroxol+Levosalbutamol / Levalbuterol+Guaiphenesin / Guaifenesin,15.0 Ml in Bottle,Oral Drop,Glenmark Pharmaceuticals,cough-and-cold-medicines,,TRUE,FALSE,FALSE,SCHEDULE H,,77.06,TRUE,31,live,88.13,64.33,27,true,5,Guaranteed Delivery,20
18931,O2 Strip Of 10 Tablets,o2-strip-of-10-tablets-18931,Ofloxacin 200mg + Ornidazole 500mg,Ofloxacin+Ornidazole,10 Units in Strip,Tablet,Medley Pharmaceuticals Ltd,antibiotics|gastrointestinal-medicines,Combinations,TRUE,FALSE,FALSE,SCHEDULE H,4491460,179.25,TRUE,33,live,213.95,164.74,23,true,5,Guaranteed Delivery,20
3133623,Betnovate N Tube Of 25Gm Cream,betnovate-n-tube-of-25gm-cream-3133623,Betamethasone 0.1%w/w + Neomycin 0.5%w/w,Betamethasone+Neomycin,25 G in Tube,Cream,Glaxosmithkline,dermatology-medicines,Topical Antibiotic and Steroid,TRUE,FALSE,FALSE,SCHEDULE H,3504975,56.45,TRUE,34,live,68.9,50.99,26,true,5,Guaranteed Delivery,20
5070,Meftal Forte Strip Of 10 Tablets,meftal-forte-tablet-5070,Mefenamic Acid 500mg + Paracetamol / Acetaminophen 325mg,Mefenamic Acid+Paracetamol / Acetaminophen,10 Units in Strip,Tablet,Blue Cross Laboratories Private Limited,pain-relief-medicines,Analgesic/antipyretic,TRUE,FALSE,FALSE,SCHEDULE H,,44.44,TRUE,35,live,47,36.66,22,true,5,Guaranteed Delivery,20
14790,Zerodol Mr Strip Of 10 Tablets,zerodol-mr-strip-of-10-tablets-14790,Aceclofenac 100mg + Tizanidine 2mg,Aceclofenac+Tizanidine,10 Units in Strip,Tablet,Ipca Laboratories,pain-relief-medicines|muscle-relaxants,Analgesic,TRUE,FALSE,FALSE,SCHEDULE H,,112.1,TRUE,36,live,128,99.84,22,true,5,Guaranteed Delivery,20
175901,Nurokind Plus Rf Strip Of 10 Capsules,nurokind-plus-rf-strip-of-10-capsules-175901,Vitamin B9 / Folic Acid / Folate 1.5mg + Vitamin B12 / Mecobalamin / Cynocobalamin / Methylcobalamin 1500mcg + Alpha Lipoic Acid 100mg + Vitamin B6 / Pyridoxine 3mg,Vitamin B9 / Folic Acid / Folate+Vitamin B12 / Mecobalamin / Cynocobalamin / Methylcobalamin+Alpha Lipoic Acid+Vitamin B6 / Pyridoxine,10 Units in Strip,Capsule,Mankind Pharmaceuticals Ltd,vitamins-and-supplements,Multivitamin,TRUE,FALSE,FALSE,NON SCHEDULED,3676094,112.42,TRUE,37,live,133.94,105.81,21,true,5,Guaranteed Delivery,20
2857,Pan 40Mg Strip Of 15 Tablets,pan-40mg-15-s-tab-2857,Pantoprazole 40mg,Pantoprazole,15 Units in Strip,Tablet,Alkem Laboratories Ltd,gastrointestinal-medicines,Antacid,TRUE,FALSE,FALSE,SCHEDULE H,3504861,164.99,TRUE,40,live,192.8,144.6,25,true,5,Guaranteed Delivery,20
176341,Vertin 16Mg Strip Of 15 Tablets,vertin-16-strip-of-15-tablets-176341,Betahistine 16mg,Betahistine,15 Units in Strip,Tablet,Abbott India Ltd,neurological-medicines,Anti-Vertigo,TRUE,FALSE,FALSE,SCHEDULE H,,344.83,TRUE,41,live,405.94,304.45,25,true,5,Guaranteed Delivery,20
6208,Mucinac 600Mg Orange Flavour Sugar Free Strip Of 10 Tablets,mucinac-600mg-orange-flavour-sugar-free-tablet-10-s-6208,Acetylcysteine 600mg,Acetylcysteine,10 Units in Strip,Effervescent Tablet,Cipla Limited,cough-and-cold-medicines,,TRUE,FALSE,FALSE,SCHEDULE H,,320.78,TRUE,43,live,402.8,314.18,22,true,5,Guaranteed Delivery,20
10311,Zifi 200Mg Strip Of 10 Tablets,zifi-200mg-tablet-10311,Cefixime 200mg,Cefixime,10 Units in Strip,Tablet,Fdc Limited,antibiotics,Cephalosporins,TRUE,FALSE,FALSE,SCHEDULE H1,,109.92,TRUE,44,live,105.11,81.99,22,true,5,Guaranteed Delivery,20
36989,Becosules Strip Of 20 Capsules,becosules-strip-of-20-capsules-36989,Thiamine Moninitrate 10mg + Vitamin B2 / Riboflavin 10mg + Vitamin B3 / Nicotinic Acid / Niacin 100mg + Vitamin B6 / Pyridoxine 3mg + Vitamin B12 / Mecobalamin / Cynocobalamin / Methylcobalamin 15mcg + Vitamin B7 / Biotin / Vitamin H 100mcg + Calcium Pantothenate 50mg + Vitamin B9 / Folic Acid / Folate 1.5mg + Vitamin C / Ascorbic Acid 150mg,Thiamine Moninitrate+Vitamin B2 / Riboflavin+Vitamin B3 / Nicotinic Acid / Niacin+Vitamin B6 / Pyridoxine+Vitamin B12 / Mecobalamin / Cynocobalamin / Methylcobalamin+Vitamin B7 / Biotin / Vitamin H+Calcium Pantothenate+Vitamin B9 / Folic Acid / Folate+Vitamin C / Ascorbic Acid,20 Units in Strip,Capsule,Pfizer Limited,vitamins-and-supplements,Multivitamin,FALSE,FALSE,FALSE,NON SCHEDULED,,54.52,TRUE,45,live,68.6,51.45,25,true,5,Guaranteed Delivery,20
176340,Limcee Chewable Vitamin C 500Mg | Tangy Orange | Immunity | Antioxidant & Skin Support | 15 Tablets,limcee-500mg-orange-flavour-chewable-tablets-15-s-176340,,,15 Units in Strip,Tablet,Abbott Healthcare Pvt Ltd,vitamins-and-supplements,Other,FALSE,FALSE,FALSE,,,25,TRUE,46,live,,,,,,,
6225,Norflox 400Mg Strip Of 10 Tablets,norflox-400mg-tablet-6225,Norfloxacin 400mg + Lactic Acid 120m,Lactic Acid+Norfloxacin,10 Units in Strip,Tablet,Cipla Limited,antibiotics,Fluoroquinolones,TRUE,FALSE,FALSE,SCHEDULE H,,82.46,TRUE,47,live,97.38,72.06,26,true,5,Guaranteed Delivery,20
18592,Moxikind Cv 625Mg Strip Of 10 Tablets,moxikind-cv-625mg-strip-of-10-tablets-18592,Amoxycillin / Amoxicillin 500mg + Clavulanic Acid 125mg,Amoxycillin / Amoxicillin+Clavulanic Acid,10 Units in Strip,Tablet,Mankind Pharmaceuticals Ltd,antibiotics,Penicillins,TRUE,FALSE,FALSE,SCHEDULE H,3501588,186.18,TRUE,48,live,184.14,134.42,27,true,5,Guaranteed Delivery,20
30801,Nucoxia Mr Strip Of 10 Tablets,nucoxia-mr-strip-of-10-tablets-30801,Etoricoxib 60mg + Thiocolchicoside 4mg,Etoricoxib+Thiocolchicoside,10 Units in Strip,Tablet,Zydus Healthcare Limited,pain-relief-medicines,Analgesic,TRUE,FALSE,FALSE,SCHEDULE H,,314.02,TRUE,49,live,374.26,273.21,27,true,5,Guaranteed Delivery,20
18162,Nurokind Gold Rf Strip Of 10 Capsules,nurokind-gold-rf-strip-of-10-capsules-18162,Ginseng 43.5mg + Niacinamide / Nicotinamide 25mg + Vitamin B6 / Pyridoxine 1mg + Vitamin B12 / Mecobalamin / Cynocobalamin / Methylcobalamin 500mcg + Vitamin D3 / Cholecalciferol 200iu + Vitamin B9 / Folic Acid / Folate 0.15mg + Elemental Calcium 75mg + Elemental Phosphorus 58mg + Ferrous Fumarate 30mg + Zinc Sulphate Monohydrate 10mg + Elemental Magnesium 3mg + Elemental Manganese 0.5mg + Elemental Copper 0.5mg + Elemental Iodine 0.1mg + Elemental Potassium 2mg,Ginseng+Niacinamide / Nicotinamide+Vitamin B6 / Pyridoxine+Vitamin B12 / Mecobalamin / Cynocobalamin / Methylcobalamin+Vitamin D3 / Cholecalciferol+Vitamin B9 / Folic Acid / Folate+Elemental Calcium+Elemental Phosphorus+Ferrous Fumarate+Zinc Sulphate Monohydrate+Elemental Magnesium+Elemental Manganese+Elemental Copper+Elemental Iodine+Elemental Potassium,10 Units in Strip,Capsule,Mankind Pharmaceuticals Ltd,vitamins-and-supplements,Other,FALSE,FALSE,FALSE,NON SCHEDULED,,99.86,TRUE,50,live,113.31,83.85,26,true,5,Guaranteed Delivery,20
18139,Nurokind Gold Ampoule Of 2Ml Injection,nurokind-gold-injection-18139,Vitamin B12 / Mecobalamin / Cynocobalamin / Methylcobalamin(1500.0 Mcg/2Ml) + Pyridoxine Hydrochloride(100.0 Mg/2Ml) + Niacinamide / Nicotinamide(100.0 Mg/2Ml),Vitamin B12 / Mecobalamin / Cynocobalamin / Methylcobalamin+Pyridoxine Hydrochloride+Niacinamide / Nicotinamide,2 Ml in Ampoule,Injection,Mankind Pharmaceuticals Ltd,vitamins-and-supplements,Multivitamin,TRUE,FALSE,FALSE,NON SCHEDULED,,30.06,TRUE,51,live,33.61,26.22,22,true,5,Guaranteed Delivery,20
11379,Neosporin Bottle Of 10Gm Dusting Powder,neosporin-powder-10gm-11379,Polymyxin B 5000iu + Neomycin 3400iu + Bacitracin 400iu,Polymyxin B+Bacitracin+Neomycin,10 G in Bottle,Dusting Powder,Glaxosmithkline,antibiotics,Topical Antibiotic,TRUE,FALSE,FALSE,SCHEDULE H,,95.43,TRUE,53,live,107.15,79.29,26,true,5,Guaranteed Delivery,20
215076,Clobeta Gm Tube Of 20Gm Cream,clobeta-gm-cream-20gm-215076,Borax 0.05%w/w + Clobetasol 0.05%w/w + Miconazole 2%w/w + Neomycin 0.5%w/w + Zinc 2.5%w/w,Borax+Clobetasol+Miconazole+Neomycin+Zinc,20 G in Tube,Cream,Laborate Pharmaceuticals India Ltd,dermatology-medicines,Topical Antimicrobial and Steroid,TRUE,FALSE,FALSE,SCHEDULE H,3505897,124.93,TRUE,54,live,125,91.25,27,true,5,Guaranteed Delivery,20
17420,Omnacortil 10Mg Strip Of 10 Tablets,omnacortil-10mg-tablet-17420,Prednisolone 10mg,Prednisolone,10 Units in Strip,Tablet,Macleods Pharmaceuticals,steroids,Other,TRUE,TRUE,FALSE,SCHEDULE H,,12.95,TRUE,56,live,12.88,10.95,15,true,5,Guaranteed Delivery,20
40647,Ciplox 500Mg Strip Of 10 Tablets,ciplox-500mg-tablet-40647,Ciprofloxacin 500mg,Ciprofloxacin,10 Units in Strip,Tablet,Cipla Limited,antibiotics,Fluoroquinolones,TRUE,FALSE,FALSE,SCHEDULE H,,46.16,TRUE,57,live,45.66,36.07,21,true,5,Guaranteed Delivery,20
44859,Dytor 10Mg Strip Of 15 Tablets,dytor-10mg-strip-of-15-tablets-44859,Torasemide / Torsemide 10mg,Torasemide / Torsemide,15 Units in Strip,Tablet,Cipla Limited,diuretics,,TRUE,TRUE,FALSE,SCHEDULE H,3501476,95.33,TRUE,58,live,116.51,87.38,25,true,5,Guaranteed Delivery,20
174803,Pantocid Dsr Strip Of 15 Capsules,pantocid-dsr-strip-of-15-capsules-174803,Pantoprazole 40mg + Domperidone 30mg,Domperidone+Pantoprazole,15 Units in Strip,Capsule,Sun Pharma,gastrointestinal-medicines,Antacid and Anti-Emetic,TRUE,FALSE,FALSE,SCHEDULE H,3501987,225.62,TRUE,59,live,252.19,189.14,25,true,5,Guaranteed Delivery,20
44949,Ecosprin Av 75Mg Strip Of 15 Capsules,ecosprin-av-75mg-strip-of-15-capsules-44949,Atorvastatin 10mg + Aspirin / Acetyl Salicylic Acid 75mg,Aspirin / Acetyl Salicylic Acid+Atorvastatin,15 Units in Strip,Capsule,Usv Pvt Ltd,cholesterol-medicines,Statins,TRUE,TRUE,FALSE,SCHEDULE H,3503517,60.26,TRUE,60,live,65.5,52.4,20,true,5,Guaranteed Delivery,20
2987636,Cilacar 10Mg Strip Of 15 Tablets,cilacar-10mg-strip-of-15-tablets-2987636,Cilnidipine 10mg,Cilnidipine,15 Units in Strip,Tablet,J B Chemicals And Pharmaceuticals,blood-pressure-medicines,Calcium channel blockers,TRUE,TRUE,FALSE,SCHEDULE H,3504564,197.62,TRUE,61,live,241.28,180.96,25,false,2,Out of Stock,20
12024,Telma 40Mg Strip Of 30 Tablets,telma-40mg-strip-of-30-tablets-12024,Telmisartan 40mg,Telmisartan,30 Units in Strip,Tablet,Glenmark Pharmaceuticals,blood-pressure-medicines,Angiotensin receptor blockers,TRUE,TRUE,FALSE,SCHEDULE H,3502315,224.44,TRUE,63,live,216.72,162.54,25,true,5,Guaranteed Delivery,20
29048,Drotin Ds 80Mg Strip Of 15 Tablets,drotin-ds-80mg-tab-15-s-29048,Drotaverine 80mg,Drotaverine,15 Units in Strip,Tablet,Walter Bushnell Ltd,gastrointestinal-medicines,Anti-Spasmodics,TRUE,FALSE,FALSE,SCHEDULE H,3504871,223.7,TRUE,65,live,254.4,211.15,17,true,5,Guaranteed Delivery,20
3626,Pantop 40Mg Strip Of 15 Tablets,pantop-40mg-strip-of-15-tablets-3626,Pantoprazole 40mg,Pantoprazole,15 Units in Strip,Tablet,Aristo Pharmaceuticals Pvt Ltd,gastrointestinal-medicines,Antacid,TRUE,FALSE,FALSE,SCHEDULE H,3502831,160.7,TRUE,67,live,174.45,130.84,25,true,5,Guaranteed Delivery,20
218851,Deriphyllin Strip Of 30 Tablets,deriphyllin-tab-30-s-218851,Theophylline 23mg + Etofylline 77mg,Etofylline+Theophylline,30 Units in Strip,Tablet,Zydus Healthcare Limited,respiratory-medicines,Xanthines,TRUE,TRUE,FALSE,SCHEDULE H,3500895,21.81,TRUE,68,live,25.63,20.76,19,true,5,Guaranteed Delivery,20
45624,Enzoflam Strip Of 10 Tablets,enzoflam-tablet-45624,Diclofenac 50mg + Serratiopeptidase 15mg + Paracetamol / Acetaminophen 325mg,Serratiopeptidase+Diclofenac+Paracetamol / Acetaminophen,10 Units in Strip,Tablet,Alkem Laboratories Ltd,pain-relief-medicines,Anti-Inflammatory,TRUE,FALSE,FALSE,SCHEDULE H,,155.01,TRUE,69,live,172,135.88,21,true,5,Guaranteed Delivery,20
2709,Sumo Strip Of 15 Tablets,sumo-strip-of-15-tablets-2709,Nimesulide 100mg + Paracetamol / Acetaminophen 325mg,Nimesulide+Paracetamol / Acetaminophen,15 Units in Strip,Tablet,Alkem Laboratories Ltd,pain-relief-medicines,Analgesic/antipyretic,TRUE,FALSE,FALSE,SCHEDULE H,,148.46,TRUE,70,live,184.55,143.95,22,true,5,Guaranteed Delivery,20
169391,Pan D Strip Of 15 Capsules,pan-d-strip-of-15-capsules-169391,Pantoprazole 40mg + Domperidone 30mg,Domperidone+Pantoprazole,15 Units in Strip,Capsule,Alkem Laboratories Ltd,gastrointestinal-medicines,Antacid and Anti-Emetic,TRUE,FALSE,FALSE,SCHEDULE H,3504734,215.86,TRUE,71,live,261.9,196.42,25,true,5,Guaranteed Delivery,20
2464,Taxim O 200Mg Strip Of 10 Tablets,taxim-o-200mg-tablet-2464,Cefixime 200mg,Cefixime,10 Units in Strip,Tablet,Alkem Laboratories Ltd,antibiotics,Cephalosporins,TRUE,FALSE,FALSE,SCHEDULE H1,,110.42,TRUE,72,live,105.1,80.93,23,true,5,Guaranteed Delivery,20
26252,Cyra D Strip Of 10 Capsules,cyra-d-capsule-26252,Rabeprazole 20mg + Domperidone 30mg,Rabeprazole+Domperidone,10 Units in Strip,Capsule,Systopic Laboratories,gastrointestinal-medicines,Antacid and Anti-Emetic,TRUE,FALSE,FALSE,SCHEDULE H,,52,TRUE,73,live,51,38.25,25,true,5,Guaranteed Delivery,20
17049,Headset Strip Of 2 Tablets,headset-tablet-17049,Sumatriptan 85mg + Naproxen 500mg,Sumatriptan+Naproxen,2 Units in Strip,Tablet,Lupin,migraine-medicines,,TRUE,TRUE,FALSE,SCHEDULE H,,139.9,TRUE,75,live,173.8,132.09,24,true,5,Guaranteed Delivery,20
223046,Met Xl 25Mg Strip Of 20 Tablets,met-xl-25mg-tablet-20-s-223046,Metoprolol 25mg,Metoprolol,20 Units in Strip,Tablet,Ajanta Pharma Limited,cardiac-medicines|blood-pressure-medicines,Anti-Anginal,TRUE,TRUE,FALSE,SCHEDULE H,3501575,90.71,TRUE,77,live,91.29,68.47,25,true,5,Guaranteed Delivery,20
206450,Zenflox Oz Strip Of 10 Tablets,zenflox-oz-tab-10-s-206450,Ofloxacin 200mg + Ornidazole 500mg,Ofloxacin+Ornidazole,10 Units in Strip,Tablet,Mankind Pharmaceuticals Ltd,gastrointestinal-medicines|antibiotics,Anti-Diarrhoeal,TRUE,FALSE,FALSE,SCHEDULE H,3504533,134.3,TRUE,79,live,162.07,118.31,27,true,5,Guaranteed Delivery,20
6144,Levoflox 500Mg Strip Of 10 Tablets,levoflox-500mg-tablet-6144,Levofloxacin 500mg,Levofloxacin,10 Units in Strip,Tablet,Cipla Limited,antibiotics,Fluoroquinolones,TRUE,FALSE,FALSE,SCHEDULE H1,,98.53,TRUE,80,live,96.68,71.54,26,true,5,Guaranteed Delivery,20
3689,Flexon Strip Of 15 Tablets,flexon-strip-of-15-tablets-3689,Ibuprofen 400mg + Paracetamol / Acetaminophen 325mg,Ibuprofen+Paracetamol / Acetaminophen,15 Units in Strip,Tablet,Aristo Pharmaceuticals Pvt Ltd,pain-relief-medicines,Analgesic/antipyretic,TRUE,FALSE,FALSE,SCHEDULE H,3503354,30.27,TRUE,81,live,35.25,28.55,19,true,5,Guaranteed Delivery,20
3604,Monocef 1Gm Dry Vial Of 1 Powder For Inajection,monocef-1gm-inj-3604,Ceftriaxone 1g,Ceftriaxone,1 Units in Dry Vial,Powder For Injection,Aristo Pharmaceuticals Pvt Ltd,antibiotics,Cephalosporins,TRUE,FALSE,FALSE,SCHEDULE H1,,68.66,TRUE,82,live,67.05,50.29,25,true,5,Guaranteed Delivery,20
44952,Ecosprin 75Mg Strip Of 14 Tablets,ecosprin-75mg-strip-of-14-tablets-44952,Aspirin / Acetyl Salicylic Acid 75mg,Aspirin / Acetyl Salicylic Acid,14 Units in Strip,Tablet,Usv Pvt Ltd,blood-thinners,Anti-Platelet,TRUE,TRUE,FALSE,SCHEDULE H,3655355,7.11,TRUE,83,live,5.29,4.23,20,true,5,Guaranteed Delivery,20
173910,Shelcal Xt Strip Of 15 Tablets,shelcal-xt-strip-of-15-tablets-173910,Calcium Carbonate 1250mg + Vitamin D3 / Cholecalciferol 2000iu + Vitamin B12 / Mecobalamin / Cynocobalamin / Methylcobalamin 1500mcg + L Methylfolate Calcium 1mg + Pyridoxal-5-Phosphate 20mg,Calcium Carbonate+Vitamin D3 / Cholecalciferol+Vitamin B12 / Mecobalamin / Cynocobalamin / Methylcobalamin+L Methylfolate Calcium+Pyridoxal-5-Phosphate,15 Units in Strip,Tablet,Torrent Pharmaceuticals Ltd,vitamins-and-supplements,Calcium and Vitamin D Supplementation,TRUE,FALSE,FALSE,NON SCHEDULED,,412.73,TRUE,84,live,402.15,301.61,25,true,5,Guaranteed Delivery,20
46333,Evion Lc Strip Of 10 Tablets,evion-lc-strip-of-10-tablets-46333,Vitamin E / Tocopherol 200mg + L-Carnitine / Levocarnitine / Carnitine 150mg,Vitamin E / Tocopherol+L-Carnitine / Levocarnitine / Carnitine,10 Units in Strip,Tablet,Procter & Gamble Health Limited,vitamins-and-supplements,Nutritional Supplement,TRUE,FALSE,FALSE,SCHEDULE H,3504885,59.42,TRUE,85,live,70.98,53.23,25,true,5,Guaranteed Delivery,20
6483,Oflox Oz Strip Of 10 Tablets,oflox-oz-strip-of-10-tablets-6483,Ofloxacin 200mg + Ornidazole 500mg,Ofloxacin+Ornidazole,10 Units in Strip,Tablet,Cipla Limited,antibiotics|gastrointestinal-medicines,Combinations,TRUE,FALSE,FALSE,SCHEDULE H,,176.48,TRUE,87,live,206.39,150.66,27,true,5,Guaranteed Delivery,20
14449,Gabapin Nt 100Mg Strip Of 15 Tablets,gabapin-nt-100mg-strip-of-15-tablets-14449,Gabapentin 100mg + Nortriptyline 10mg,Gabapentin+Nortriptyline,15 Units in Strip,Tablet,Intas Pharmaceuticals Ltd,nerve-pain-medicines,Peripheral Neuropathy,TRUE,TRUE,FALSE,SCHEDULE H,3502979,189.19,TRUE,88,live,218.3,165.91,24,true,5,Guaranteed Delivery,20
16346,Clinsol Tube Of 15Gm Gel,clinsol-1-gel-16346,Vitamin B3 / Nicotinic Acid / Niacin 4% + Clindamycin 1%,Clindamycin+Vitamin B3 / Nicotinic Acid / Niacin,15 G in Tube,Gel,Leeford Healthcare Ltd,dermatology-medicines,Anti-Acne,TRUE,FALSE,FALSE,SCHEDULE H,,89.36,TRUE,89,live,95,55.1,42,true,5,Guaranteed Delivery,20
25549,Rifagut 400Mg Strip Of 10 Tablets,rifagut-400mg-tablet-25549,Rifaximin 400mg,Rifaximin,10 Units in Strip,Tablet,Sun Pharma,antibiotics,Other,TRUE,FALSE,FALSE,SCHEDULE H,,399.84,TRUE,90,live,450,364.5,19,true,5,Guaranteed Delivery,20
46103,Etoshine Mr Strip Of 10 Tablets,etoshine-mr-tablet-46103,Etoricoxib 60mg + Thiocolchicoside 4mg,Etoricoxib+Thiocolchicoside,10 Units in Strip,Tablet,Sun Pharma,pain-relief-medicines,Analgesic,TRUE,FALSE,FALSE,SCHEDULE H,,285.52,TRUE,91,live,338,263.64,22,true,5,Guaranteed Delivery,20
15190,Rantac 150Mg Strip Of 30 Tablets,rantac-150mg-strip-of-30-tablets-15190,Ranitidine 150mg,Ranitidine,30 Units in Strip,Tablet,J B Chemicals And Pharmaceuticals,gastrointestinal-medicines,Antacid,TRUE,FALSE,FALSE,SCHEDULE H,3504867,44.21,TRUE,92,live,55.81,41.86,25,true,5,Guaranteed Delivery,20
211538,Urimax 0.4 Strip Of 20 Capsules,urimax-0-4-cap-20-s-211538,Tamsulosin 0.4mg,Tamsulosin,20 Units in Strip,Capsule,Cipla Limited,prostate-care-medicines,,TRUE,TRUE,FALSE,SCHEDULE H,3503871,308.61,TRUE,93,live,356.87,267.65,25,true,5,Guaranteed Delivery,20
29621,Folvite 5Mg Strip Of 45 Tablets,folvite-5mg-strip-of-45-tablets-29621,Vitamin B9 / Folic Acid / Folate 5mg,Vitamin B9 / Folic Acid / Folate,45 Units in Strip,Tablet,Pfizer Limited,vitamins-and-supplements,Other,FALSE,FALSE,FALSE,NON SCHEDULED,3501924,75.16,TRUE,94,live,73.05,58.44,20,true,5,Guaranteed Delivery,20
44492,Drotin M Strip Of 8 Tablets,drotin-m-strip-of-8-tablets-44492,Drotaverine 80mg + Mefenamic Acid 250mg,Drotaverine+Mefenamic Acid,8 Units in Strip,Tablet,Walter Bushnell Ltd,gastrointestinal-medicines,Anti-Spasmodics,TRUE,FALSE,FALSE,SCHEDULE H,3503528,145.72,TRUE,95,live,176.14,132.1,25,true,3,,15
38421,Budecort 0.5Mg 2Ml Packet Of 5 Respules,budecort-0-5mg-packet-of-2ml-1-5-respules-38421,Budesonide 0.5mg,Budesonide,5 Units in Packet,Respule,Cipla Limited,respiratory-medicines,Inhaled corticosteroids,TRUE,TRUE,FALSE,SCHEDULE H,,82.83,TRUE,97,live,127.9,95.93,25,true,5,Guaranteed Delivery,20
170584,Sompraz 40 Strip Of 15 Tablets,sompraz-40-strip-of-15-tablets-170584,Esomeprazole 40mg,Esomeprazole,15 Units in Strip,Tablet,Sun Pharma,gastrointestinal-medicines,Antacid,TRUE,FALSE,FALSE,SCHEDULE H,3503513,159.41,TRUE,99,live,183,137.25,25,true,5,Guaranteed Delivery,20
209810,Sompraz D 40Mg Strip Of 15 Capsules,sompraz-d-40mg-cap-15-s-209810,Domperidone 30mg + Esomeprazole 40mg,Domperidone+Esomeprazole,15 Units in Strip,Capsule,Sun Pharma,gastrointestinal-medicines,Antacid and Anti-Emetic,TRUE,FALSE,FALSE,SCHEDULE H,3504716,242.23,TRUE,100,live,262.5,196.88,25,true,5,Guaranteed Delivery,20
31015,Allegra M Strip Of 10 Tablets,allegra-m-tablet-31015,Montelukast 10mg + Fexofenadine 120mg,Montelukast+Fexofenadine,10 Units in Strip,Tablet,Sanofi,anti-allergic-medicines,,TRUE,FALSE,FALSE,SCHEDULE H,,265,TRUE,101,live,301.3,228.99,24,true,5,Guaranteed Delivery,20
6978,Azee 500Mg Strip Of 5 Tablets,azee-500mg-strip-of-5-tablets-6978,Azithromycin 500mg,Azithromycin,5 Units in Strip,Tablet,Cipla Limited,antibiotics,Macrolides,TRUE,FALSE,FALSE,SCHEDULE H,3502591,129.34,TRUE,102,live,126.71,93.77,26,true,5,Guaranteed Delivery,20
40655,Ciplox Tz Strip Of 10 Tablets,ciplox-tz-tablet-40655,Tinidazole 600mg + Ciprofloxacin 500mg,Tinidazole+Ciprofloxacin,10 Units in Strip,Tablet,Cipla Limited,antibiotics,Combinations,TRUE,FALSE,FALSE,SCHEDULE H,,180.39,TRUE,103,live,214.04,166.95,22,true,5,Guaranteed Delivery,20
211161,Duolin 3 500Mcg 3Ml Packet Of 5 Respules,duolin-3-packet-of-5-3ml-respules-211161,Ipratropium 500mcg + Levosalbutamol / Levalbuterol 1.25mg,Ipratropium+Levosalbutamol / Levalbuterol,5 Units in Packet,Respule,Cipla Limited,respiratory-medicines,Combinations,TRUE,TRUE,FALSE,SCHEDULE H,,74.63,TRUE,104,live,128.55,96.41,25,true,5,Guaranteed Delivery,20
6771,Dytor Plus 10Mg Strip Of 15 Tablets,dytor-plus-10mg-strip-of-15-tablets-6771,Spironolactone 50mg + Torasemide / Torsemide 10mg,Spironolactone+Torasemide / Torsemide,15 Units in Strip,Tablet,Cipla Limited,diuretics,,TRUE,TRUE,FALSE,SCHEDULE H,3502471,101.73,TRUE,105,live,122.56,91.92,25,true,5,Guaranteed Delivery,20
47403,Flexon Mr Strip Of 10 Tablets,flexon-mr-tablet-47403,Chlorzoxazone 250mg + Ibuprofen 400mg + Paracetamol / Acetaminophen 325mg,Chlorzoxazone+Ibuprofen+Paracetamol / Acetaminophen,10 Units in Strip,Tablet,Aristo Pharmaceuticals Pvt Ltd,pain-relief-medicines|muscle-relaxants,Analgesic/antipyretic,TRUE,FALSE,FALSE,SCHEDULE H,,27,TRUE,106,live,32.2,25.44,21,true,5,Guaranteed Delivery,20
49203,Glycomet Gp 1Mg Strip Of 15 Tablets,glycomet-gp-1mg-strip-of-15-tablets-49203,Glimepiride 1mg + Metformin Hydrochloride 500mg,Glimepiride+Metformin Hydrochloride,15 Units in Strip,Tablet,Usv Pvt Ltd,anti-diabetic-medicines|sarthak-test-2,Combinations,TRUE,TRUE,FALSE,SCHEDULE H,3503760,121.4,TRUE,107,live,123.28,92.46,25,true,5,Guaranteed Delivery,20
18279,Gudcef 200Mg Strip Of 10 Tablets,gudcef-200mg-strip-of-10-tablets-18279,Cefpodoxime 200mg,Cefpodoxime,10 Units in Strip,Tablet,Mankind Pharmaceuticals Ltd,antibiotics,Cephalosporins,TRUE,FALSE,FALSE,SCHEDULE H1,,175.04,TRUE,108,live,204.37,159.41,22,true,5,Guaranteed Delivery,20
170758,Melamet Tube Of 15Gm Cream,melamet-cream-15gm-170758,Hydroquinone 2%w/w + Mometasone Furoate 0.1%w/w + Tretinoin 0.025%w/w,Hydroquinone+Mometasone Furoate+Tretinoin,15 G in Tube,Cream,Uth Healthcare,dermatology-medicines,Melasma,TRUE,FALSE,FALSE,SCHEDULE H,,85.2,TRUE,109,live,87,63.51,27,true,5,Guaranteed Delivery,20
3230,Montina L Strip Of 10 Tablets,montina-l-tab-10-s-3230,Levocetirizine 5mg + Montelukast 10mg,Levocetirizine+Montelukast,10 Units in Strip,Tablet,Aristo Pharmaceuticals Pvt Ltd,anti-allergic-medicines|cough-and-cold-medicines,,TRUE,FALSE,FALSE,SCHEDULE H,,75.6,TRUE,110,live,84.37,65.81,22,true,5,Guaranteed Delivery,20
29158,Myospaz Forte Strip Of 10 Tablets,myospaz-forte-tablet-29158,Chlorzoxazone 500mg + Diclofenac 50mg + Paracetamol / Acetaminophen 325mg,Chlorzoxazone+Diclofenac+Paracetamol / Acetaminophen,10 Units in Strip,Tablet,Win-Medicare Pvt Ltd,pain-relief-medicines|muscle-relaxants,Analgesic/antipyretic,TRUE,FALSE,FALSE,SCHEDULE H,,328.61,TRUE,112,live,381.09,301.06,21,true,5,Guaranteed Delivery,20
159767,No Scars Tube Of 20Gm Cream,no-scars-cream-20gm-159767,Hydroquinone 2%w/w + Mometasone Furoate 0.1%w/w + Tretinoin 0.025%w/w,Hydroquinone+Mometasone Furoate+Tretinoin,20 G in Tube,Cream,Torque Pharmaceuticals Pvt Ltd,dermatology-medicines,Melasma,TRUE,FALSE,FALSE,SCHEDULE H,,261.67,TRUE,113,live,253,187.22,26,true,5,Guaranteed Delivery,20
16798,Signoflam Strip Of 10 Tablets,signoflam-tablet-16798,Aceclofenac 100mg + Serratiopeptidase 15mg + Paracetamol / Acetaminophen 325mg,Aceclofenac+Serratiopeptidase+Paracetamol / Acetaminophen,10 Units in Strip,Tablet,Lupin,pain-relief-medicines,Analgesic/antipyretic,TRUE,FALSE,FALSE,SCHEDULE H,,135.77,TRUE,114,live,158.55,115.74,27,true,5,Guaranteed Delivery,20
33721,Allegra 180Mg Strip Of 10 Tablets,allegra-180mg-tablet-33721,Fexofenadine 180mg,Fexofenadine,10 Units in Strip,Tablet,Sanofi,anti-allergic-medicines,,TRUE,FALSE,FALSE,SCHEDULE H,3569370,267.1,TRUE,118,live,312.04,240.27,23,true,5,Guaranteed Delivery,20
35648,Asthalin 100Mcg Cfc Free Box Of 200Md Metered Dose Inhaler,asthalin-100mcg-inhaler-35648,Salbutamol / Albuterol 100mcg,Salbutamol / Albuterol,200 Md in Box,Metered-Dose Inhaler,Cipla Limited,respiratory-medicines,Beta-2 agonists,TRUE,TRUE,FALSE,SCHEDULE H,,170.28,TRUE,120,live,169.88,127.41,25,true,5,Guaranteed Delivery,20
37142,Beplex Forte Strip Of 20 Tablets,beplex-forte-strip-of-20-tablets-37142,Vitamin C / Ascorbic Acid 100mg + Thiamine Mononitrate 10mg + Vitamin B2 / Riboflavin 10mg + Vitamin B3 / Nicotinic Acid / Niacin 25mg + Niacinamide / Nicotinamide 75mg + Vitamin B6 / Pyridoxine 3mg + Calcium Pantothenate 5mg + Vitamin B9 / Folic Acid / Folate 1.5mg + Vitamin B12 / Mecobalamin / Cynocobalamin / Methylcobalamin 15mcg + Vitamin B7 / Biotin / Vitamin H 260mcg + Magnesium Oxide 32.4mg,Vitamin C / Ascorbic Acid+Thiamine Mononitrate+Vitamin B2 / Riboflavin+Vitamin B3 / Nicotinic Acid / Niacin+Niacinamide / Nicotinamide+Vitamin B6 / Pyridoxine+Calcium Pantothenate+Vitamin B9 / Folic Acid / Folate+Vitamin B12 / Mecobalamin / Cynocobalamin / Methylcobalamin+Vitamin B7 / Biotin / Vitamin H+Magnesium Oxide,20 Units in Strip,Tablet,Lupin,vitamins-and-supplements,Multivitamin,FALSE,FALSE,FALSE,NON SCHEDULED,,47.88,TRUE,121,live,53.25,42.07,21,true,5,Guaranteed Delivery,20
37382,Betnesol 0.5Mg Strip Of 20 Tablets,betnesol-0-5mg-tablet-37382,Betamethasone 0.5mg,Betamethasone,20 Units in Strip,Tablet,Glaxosmithkline,steroids,Other,TRUE,FALSE,FALSE,SCHEDULE H,,15.76,TRUE,122,live,17.54,13.86,21,true,5,Guaranteed Delivery,20
37387,Betnovate Gm Tube Of 20Gm Cream,betnovate-gm-cream-20gm-37387,Betamethasone 0.1%w/w + Gentamicin 0.1%w/w + Miconazole 2%w/w,Miconazole+Betamethasone+Gentamicin,20 G in Tube,Cream,Glaxosmithkline,dermatology-medicines,Topical Antimicrobial and Steroid,TRUE,FALSE,FALSE,SCHEDULE H,3755218,40.58,TRUE,123,live,46.63,36.84,21,true,5,Guaranteed Delivery,20
37505,Bifilac Strip Of 10 Capsules,bifilac-strip-of-10-capsules-37505,Streptococcus Faecalis 30m + Clostridium Butyricum 2m + Bacillus Mesentericus 1m + Lactobacillus Sporogenes 50m,Bacillus Mesentericus+Clostridium Butyricum+Lactobacillus Sporogenes+Streptococcus Faecalis,10 Units in Strip,Capsule,Tablets India Ltd,gastrointestinal-medicines,Prebiotic and Probiotic,TRUE,FALSE,FALSE,NON SCHEDULED,,132.97,TRUE,124,live,149,117.71,21,true,5,Guaranteed Delivery,20
18218,Cefakind 500Mg Strip Of 10 Tablets,cefakind-500mg-tablet-18218,Cefuroxime 500mg,Cefuroxime,10 Units in Strip,Tablet,Mankind Pharmaceuticals Ltd,antibiotics,Cephalosporins,TRUE,FALSE,FALSE,SCHEDULE H,3662418,460.93,TRUE,128,live,462.7,337.77,27,true,5,Guaranteed Delivery,20
42775,Daflon 500Mg Strip Of 10 Tablets,daflon-500mg-strip-of-10-tablets-42775,Micronized Flavonoid Fraction 500mg,Micronized Flavonoid Fraction,10 Units in Strip,Tablet,Servier India Private Limited (Formerly Known As Serdia Pharmaceuticals (India) Pvt Ltd),cardiac-medicines|gastrointestinal-medicines,Varicose Veins,TRUE,FALSE,FALSE,SCHEDULE H,,165.56,TRUE,130,live,207.6,164,21,true,5,Guaranteed Delivery,20
169533,Defcort 6Mg Strip Of 10 Tablets,defcort-6mg-strip-of-10-tablets-169533,Deflazacort 6mg,Deflazacort,10 Units in Strip,Tablet,Macleods Pharmaceuticals,steroids,Other,TRUE,FALSE,FALSE,SCHEDULE H,3501580,143.63,TRUE,131,live,154.68,125.29,19,true,5,Guaranteed Delivery,20
216002,Dermikem Oc Plus Tube Of 15Gm Cream,dermikem-oc-plus-cream-15gm-216002,Clobetasol 0.05% + Miconazole 2% + Neomycin 0.5%,Clobetasol+Miconazole+Neomycin,15.0 G in Tube,Cream,Alkem Laboratories Ltd,dermatology-medicines,Topical Antimicrobial and Steroid,TRUE,FALSE,FALSE,SCHEDULE H,,96.64,TRUE,132,live,103.13,59.82,42,true,5,Guaranteed Delivery,20
210951,Dexona 0.5Mg Strip Of 30 Tablets,dexona-0-5mg-tab-30-s-210951,Dexamethasone 0.5mg,Dexamethasone,30 Units in Strip,Tablet,Zydus Healthcare Limited,steroids,Other,TRUE,FALSE,FALSE,SCHEDULE H,3503923,7.21,TRUE,133,live,6.93,5.13,26,true,5,Guaranteed Delivery,20
10899,Dexorange Orange Flavour Bottle Of 200Ml Syrup,dexorange-syp-200ml-10899,Ferric Ammonium Citrate(160.0 Mg/15Ml) + Vitamin B12 / Mecobalamin / Cynocobalamin / Methylcobalamin(7.5 Mcg/15Ml) + Vitamin B9 / Folic Acid / Folate(0.5 Mg/15Ml),Ferric Ammonium Citrate+Vitamin B9 / Folic Acid / Folate+Vitamin B12 / Mecobalamin / Cynocobalamin / Methylcobalamin,200 Ml in Bottle,Syrup,Franco Indian Pharmaceuticals Pvt Ltd,iron-and-anaemia-medicines,Haematinics,FALSE,FALSE,FALSE,NON SCHEDULED,,177.27,TRUE,134,live,217.3,176.01,19,true,5,Guaranteed Delivery,6
44378,Doxinate Strip Of 30 Tablets,doxinate-strip-of-30-tablets-44378,Vitamin B6 / Pyridoxine 10mg + Doxylamine 10mg,Vitamin B6 / Pyridoxine+Doxylamine,30 Units in Strip,Tablet,Maneesh Pharmaceuticals Ltd,gastrointestinal-medicines|womens-health-medicines,Anti-Emetic,TRUE,FALSE,FALSE,SCHEDULE G,3502590,258.1,TRUE,135,live,314.43,248.4,21,true,5,Guaranteed Delivery,20
6828,Dytor 5Mg Strip Of 15 Tablets,dytor-5mg-strip-of-15-tablets-6828,Torasemide / Torsemide 5mg,Torasemide / Torsemide,15 Units in Strip,Tablet,Cipla Limited,diuretics,,TRUE,TRUE,FALSE,SCHEDULE H,3502769,69.28,TRUE,136,live,81.35,61.01,25,true,5,Guaranteed Delivery,20
49202,Glycomet Gp 2Mg Strip Of 15 Tablets,glycomet-gp-2mg-strip-of-15-tablets-49202,Metformin Hydrochloride 500mg + Glimepiride 2mg,Metformin Hydrochloride+Glimepiride,15 Units in Strip,Tablet,Usv Pvt Ltd,anti-diabetic-medicines|sarthak-test-2,Combinations,TRUE,TRUE,FALSE,SCHEDULE H,3502198,177.59,TRUE,138,live,180,135,25,true,5,Guaranteed Delivery,20
18597,Gudcef Cv 200Mg Strip Of 10 Tablets,gudcef-cv-200mg-strip-of-10-tablets-18597,Cefpodoxime 200mg + Clavulanic Acid 125mg,Cefpodoxime+Clavulanic Acid,10 Units in Strip,Tablet,Mankind Pharmaceuticals Ltd,antibiotics,Cephalosporins,TRUE,FALSE,FALSE,SCHEDULE H1,3502513,312.85,TRUE,139,live,378.97,276.65,27,true,5,Guaranteed Delivery,20
12686,Levocet M Strip Of 10 Tablets,levocet-m-tablet-12686,Levocetirizine 5mg + Montelukast 10mg,Levocetirizine+Montelukast,10 Units in Strip,Tablet,Hetero Healthcare Limited,cough-and-cold-medicines|anti-allergic-medicines,,TRUE,FALSE,FALSE,SCHEDULE H,,104.42,TRUE,141,live,112,89.6,20,true,5,Guaranteed Delivery,20
18357,Monticope Strip Of 10 Tablets,monticope-tablet-18357,Levocetirizine 5mg + Montelukast 10mg,Levocetirizine+Montelukast,10 Units in Strip,Tablet,Mankind Pharmaceuticals Ltd,anti-allergic-medicines|cough-and-cold-medicines,,TRUE,FALSE,FALSE,SCHEDULE H,,100.71,TRUE,144,live,113.3,79.31,30,true,5,Guaranteed Delivery,20
2428,Ondem 4Mg Strip Of 10 Tablets,ondem-4mg-tablet-2428,Ondansetron 4mg,Ondansetron,10 Units in Strip,Tablet,Alkem Laboratories Ltd,gastrointestinal-medicines,Anti-Emetic,TRUE,FALSE,FALSE,SCHEDULE H,3579840,55.98,TRUE,145,live,55.2,44.71,19,true,5,Guaranteed Delivery,20
212766,Panderm Plus Plus Tube Of 15Gm Cream,panderm-plus-plus-cream-15gm-212766,Miconazole 2%w/w + Clobetasol 0.05%w/w + Neomycin 0.5%w/w,Clobetasol+Miconazole+Neomycin,15 G in Tube,Cream,Macleods Pharmaceuticals,dermatology-medicines,Topical Antimicrobial and Steroid,TRUE,FALSE,FALSE,SCHEDULE H,,113.21,TRUE,146,live,121.27,95.8,21,true,5,Guaranteed Delivery,20
14720,Perinorm 10Mg Strip Of 10 Tablets,perinorm-10mg-tablet-14720,Metoclopramide 10mg,Metoclopramide,10 Units in Strip,Tablet,Ipca Laboratories,gastrointestinal-medicines,Anti-Emetic,TRUE,FALSE,FALSE,SCHEDULE H,,14.66,TRUE,147,live,14.38,11.94,17,true,5,Guaranteed Delivery,20
209952,Rantac Mint Flavour Bottle Of 100Ml Syrup,rantac-mint-flavour-syrup-100ml-209952,Ranitidine(75.0 Mg/5Ml),Ranitidine,100 Ml in Bottle,Syrup,J B Chemicals And Pharmaceuticals,gastrointestinal-medicines,Antacid,TRUE,FALSE,FALSE,SCHEDULE H,,149.62,TRUE,149,live,166.98,131.91,21,true,5,Guaranteed Delivery,20
272,Sorbitrate 5Mg Strip Of 50 Tablets,sorbitrate-5mg-tablet-272,Isosorbide Dinitrate 5mg,Isosorbide Dinitrate,50 Units in Strip,Tablet,Abbott Healthcare Pvt Ltd,cardiac-medicines,Anti-Anginal,TRUE,TRUE,FALSE,SCHEDULE H,3508518,45.22,TRUE,150,live,43.58,33.56,23,true,5,Guaranteed Delivery,20
18202,Vomikind Md 4Mg Strip Of 10 Tablets,vomikind-md-4mg-tablet-18202,Ondansetron 4mg,Ondansetron,10 Units in Strip,Tablet,Mankind Pharmaceuticals Ltd,gastrointestinal-medicines,Anti-Emetic,TRUE,FALSE,FALSE,SCHEDULE H,,48.58,TRUE,152,live,48.11,35.12,27,true,5,Guaranteed Delivery,20
35357,Aristozyme Pineapple Flavour Bottle Of 200Ml Oral Liquid,aristozyme-pineapple-flav-liquid-200ml-35357,Diastase / Alpha Amylase(50.0 Mg/5Ml) + Pepsin(10.0 Mg/5Ml),Diastase / Alpha Amylase+Pepsin,200 Ml in Bottle,Oral Liquid,Aristo Pharmaceuticals Pvt Ltd,gastrointestinal-medicines,Digestants,FALSE,FALSE,FALSE,NON SCHEDULED,,133.83,TRUE,154,live,151.87,119.98,21,true,5,Guaranteed Delivery,20
11551,Augmentin Duo 625Mg Strip Of 10 Tablets,augmentin-duo-625mg-strip-of-10-tablets-11551,Amoxycillin / Amoxicillin 500mg + Clavulanic Acid 125mg,Amoxycillin / Amoxicillin+Clavulanic Acid,10 Units in Strip,Tablet,Glaxosmithkline,antibiotics,Penicillins,TRUE,FALSE,FALSE,SCHEDULE H,3503847,205.4,TRUE,155,live,196.65,143.55,27,true,5,Guaranteed Delivery,20
40509,Cifran 500Mg Strip Of 10 Tablets,cifran-500mg-strip-of-10-tablets-40509,Ciprofloxacin 500mg,Ciprofloxacin,10 Units in Strip,Tablet,Ranbaxy Laboratories (Sun Pharma),antibiotics,Fluoroquinolones,TRUE,FALSE,FALSE,SCHEDULE H,,45.93,TRUE,158,live,45.28,37.58,17,true,5,Guaranteed Delivery,20
41145,Clingen Forte Strip Of 7 Vaginal Capsules,clingen-forte-vaginal-capsule-7-s-41145,Tinidazole 100mg + Clotrimazole 100mg + Clindamycin 100mg,Clindamycin+Clotrimazole+Tinidazole,7 Units in Strip,Vaginal Capsule,Aristo Pharmaceuticals Pvt Ltd,womens-health-medicines,Menstrual and Gynaecological Disorders,TRUE,FALSE,FALSE,SCHEDULE H,,187.94,TRUE,159,live,215,169.85,21,true,5,Guaranteed Delivery,20
215072,Cosvate Gm Tube Of 25Gm Cream,cosvate-gm-cream-25gm-215072,Clobetasol Propionate 0.05%w/w + Gentamicin 0.1%w/w + Miconazole Nitrate 2%w/w,Clobetasol Propionate+Gentamicin+Miconazole Nitrate,25.0 G in Tube,Cream,Eris Life Sciences Pvt Ltd,dermatology-medicines,Topical Antimicrobial and Steroid,TRUE,FALSE,FALSE,SCHEDULE H,3505896,39.53,TRUE,161,live,44.15,36.64,17,true,5,Guaranteed Delivery,20
213369,Disprin Regular 325Mg Strip Of 10 Effervescent Tablets,disprin-regular-325mg-tablet-10-s-213369,Aspirin / Acetyl Salicylic Acid 325mg,Aspirin / Acetyl Salicylic Acid,10 Units in Strip,Effervescent Tablet,Reckitt Benckiser (India) Private Limited,pain-relief-medicines,Analgesic,FALSE,FALSE,FALSE,SCHEDULE H,,25.28,TRUE,162,live,7.07,5.73,19,true,5,Guaranteed Delivery,20
44258,Domstal 10Mg Strip Of 10 Tablets,domstal-10mg-tablet-44258,Domperidone 10mg,Domperidone,10 Units in Strip,Tablet,Torrent Pharmaceuticals Ltd,gastrointestinal-medicines,Anti-Emetic,TRUE,FALSE,FALSE,SCHEDULE H,,26.11,TRUE,163,live,24.66,19.48,21,true,5,Guaranteed Delivery,20
47362,Flavedon Mr 35Mg Strip Of 10 Tablets,flavedon-mr-35mg-strip-of-10-tablets-47362,Trimetazidine 35mg,Trimetazidine,10 Units in Strip,Tablet,Servier India Private Limited (Formerly Known As Serdia Pharmaceuticals (India) Pvt Ltd),cardiac-medicines,Anti-Anginal,TRUE,TRUE,FALSE,SCHEDULE H,,155.85,TRUE,166,live,179.67,134.75,25,true,5,Guaranteed Delivery,20
170408,Follihair Abbott New Biotin With Vitamins Bottle Of 30 Tablets,new-follihair-tablet-30-s-170408,,,30 Units in Bottle,Tablet,Abbott Healthcare Pvt Ltd,dermatology-medicines,Hair Care,FALSE,FALSE,FALSE,,,706.71,TRUE,167,live,,,,,,,
49470,Grilinctus Bm Bottle Of 100Ml Syrup,grilinctus-bm-bottle-of-100ml-syrup-49470,Bromhexine 8mg + Terbutaline 2.5mg,Bromhexine+Terbutaline,100 Ml in Bottle,Syrup,Franco Indian Pharmaceuticals Pvt Ltd,cough-and-cold-medicines,,TRUE,FALSE,FALSE,SCHEDULE H,3529939,115.25,TRUE,168,live,131.7,104.04,21,true,5,Guaranteed Delivery,20
50071,Hifenac Mr Strip Of 10 Tablets,hifenac-mr-tablet-50071,Aceclofenac 100mg + Chlorzoxazone 500mg + Paracetamol / Acetaminophen 325mg,Chlorzoxazone+Aceclofenac+Paracetamol / Acetaminophen,10 Units in Strip,Tablet,Intas Pharmaceuticals Ltd,muscle-relaxants|pain-relief-medicines,,TRUE,FALSE,FALSE,SCHEDULE H,,94.03,TRUE,169,live,115.5,91.25,21,true,5,Guaranteed Delivery,20
6988,Junior Lanzol 15Mg Strip Of 15 Tablets,junior-lanzol-15mg-strip-of-15-tablets-6988,Lansoprazole 15mg,Lansoprazole,15 Units in Strip,Tablet,Cipla Limited,gastrointestinal-medicines,Antacid,TRUE,FALSE,FALSE,SCHEDULE H,3502201,168.9,TRUE,170,live,184.5,149.45,19,true,5,Guaranteed Delivery,20
12685,Levocet 5Mg Strip Of 10 Tablets,levocet-5mg-strip-of-10-tablets-12685,Levocetirizine 5mg,Levocetirizine,10 Units in Strip,Tablet,Hetero Healthcare Limited,anti-allergic-medicines,,TRUE,FALSE,FALSE,SCHEDULE H,,50.34,TRUE,171,live,52.9,41.79,21,true,5,Guaranteed Delivery,20
18121,Mahacef 200Mg Strip Of 10 Tablets,mahacef-200mg-tablet-18121,Cefixime 200mg,Cefixime,10 Units in Strip,Tablet,Mankind Pharmaceuticals Ltd,antibiotics,Cephalosporins,TRUE,FALSE,FALSE,SCHEDULE H1,,99.96,TRUE,172,live,99.12,77.31,22,true,5,Guaranteed Delivery,20
21823,Medrol 4Mg Strip Of 10 Tablets,medrol-4mg-tablet-21823,Methylprednisone / Methylprednisolone 4mg,Methylprednisone / Methylprednisolone,10 Units in Strip,Tablet,Pfizer Limited,steroids,Other,TRUE,TRUE,FALSE,SCHEDULE H,,54.93,TRUE,173,live,59.3,45.07,24,true,5,Guaranteed Delivery,20
92472,Mole D Strip Of 15 Capsules,mole-d-cap-92472,Domperidone 20mg + Omeprazole 10mg,Domperidone+Omeprazole,15 Units in Strip,Capsule,Aamorb Pharmaceuticals Pvt Ltd,gastrointestinal-medicines,Antacid and Anti-Emetic,TRUE,FALSE,FALSE,SCHEDULE H,,74.4,TRUE,174,live,74,55.5,25,false,2,Out of Stock,10
22583,Moxclav 625Mg Strip Of 10 Tablets,moxclav-625mg-strip-of-10-tablets-22583,Amoxycillin / Amoxicillin 500mg + Clavulanic Acid 125mg,Amoxycillin / Amoxicillin+Clavulanic Acid,10 Units in Strip,Tablet,Ranbaxy Laboratories (Sun Pharma),antibiotics,Penicillins,TRUE,FALSE,FALSE,SCHEDULE H,,205.87,TRUE,175,live,195.38,154.35,21,true,5,Guaranteed Delivery,20
8211,Mucolite Bottle Of 15Ml Oral Drops,mucolite-drops-15ml-8211,Ambroxol 7.5mg,Ambroxol,15.0 Ml in Bottle,Oral Drop,Dr Reddy'S Laboratories Ltd,cough-and-cold-medicines,,TRUE,FALSE,FALSE,SCHEDULE H,,42.25,TRUE,176,live,51.11,38.33,25,true,5,Guaranteed Delivery,20
216940,Nucoxia 90Mg Strip Of 15 Tablets,nucoxia-90mg-tab-15-s-216940,Etoricoxib 90mg,Etoricoxib,15 Units in Strip,Tablet,Zydus Healthcare Limited,pain-relief-medicines,Analgesic,TRUE,FALSE,FALSE,SCHEDULE H,3506059,298.76,TRUE,177,live,349.28,258.47,26,true,5,Guaranteed Delivery,20
18165,Nurokind Od 1500Mcg Strip Of 20 Tablets,nurokind-od-1500mcg-strip-of-20-tablets-18165,Vitamin B12 / Mecobalamin / Cynocobalamin / Methylcobalamin 1500mcg,Vitamin B12 / Mecobalamin / Cynocobalamin / Methylcobalamin,20 Units in Strip,Tablet,Mankind Pharmaceuticals Ltd,vitamins-and-supplements,Other,TRUE,FALSE,FALSE,NON SCHEDULED,,181.24,TRUE,178,live,212.12,159.09,25,true,5,Guaranteed Delivery,20
29602,Ovral L Strip Of 21 Tablets,ovral-l-strip-of-21-tablets-29602,Levonorgestrel 0.15mg + Ethinylestradiol 0.03mg,Levonorgestrel+Ethinylestradiol,21 Units in Strip,Tablet,Pfizer Limited,womens-health-medicines,Female Hormone Pills,TRUE,FALSE,FALSE,SCHEDULE H,,68.49,TRUE,179,live,67.65,54.8,19,true,5,Guaranteed Delivery,20
194006,T Bact 2% Tube Of 15Gm Ointment,t-bact-2-ointment-15gm-194006,Mupirocin 2%,Mupirocin,15 G in Tube,Ointment,Glaxosmithkline,antibiotics,Topical Antibiotic,TRUE,FALSE,FALSE,SCHEDULE H,3504138,334.71,TRUE,181,live,327.13,251.89,23,true,5,Guaranteed Delivery,20
193303,Udiliv 150Mg Strip Of 15 Tablets,udiliv-150mg-strip-of-15-tablets-193303,Ursodeoxycholic Acid / Ursodiol 150mg,Ursodeoxycholic Acid / Ursodiol,15 Units in Strip,Tablet,Abbott India Ltd,liver-care-medicines,Cholelithiasis,TRUE,FALSE,FALSE,SCHEDULE H,3504212,451.77,TRUE,182,live,579.73,434.8,25,true,5,Guaranteed Delivery,20
29610,Wysolone Dt 10Mg Strip Of 15 Tablets,wysolone-dt-10mg-strip-of-15-tablets-29610,Prednisolone 10mg,Prednisolone,15 Units in Strip,Tablet,Pfizer Limited,steroids,Other,TRUE,TRUE,FALSE,SCHEDULE H,,20.71,TRUE,183,live,19.02,15.6,18,true,5,Guaranteed Delivery,20
2484,Zocef 500Mg Strip Of 10 Tablets,zocef-500mg-tablet-2484,Cefuroxime 500mg,Cefuroxime,10 Units in Strip,Tablet,Alkem Laboratories Ltd,antibiotics,Cephalosporins,TRUE,FALSE,FALSE,SCHEDULE H,,679.29,TRUE,184,live,552.95,431.3,22,true,5,Guaranteed Delivery,20
37233,Betacap Tr 40Mg Strip Of 10 Capsules,betacap-tr-40mg-cap-37233,Propranolol 40mg,Propranolol,10 Units in Strip,Capsule,Sun Pharma,cardiac-medicines|blood-pressure-medicines,Anti-Anginal,TRUE,TRUE,FALSE,SCHEDULE H,,46.66,TRUE,187,live,45.28,34.87,23,true,5,Guaranteed Delivery,20
214459,Candibiotic Plus Bottle Of 5Ml Ear Drops,candibiotic-plus-bottle-of-5ml-ear-drops-214459,Beclomethasone Dipropionate 0.025%w/v + Neomycin Sulphate 0.5%w/v + Clotrimazole 1%w/v,Clotrimazole+Beclomethasone Dipropionate+Neomycin Sulphate,5 Ml in Bottle,Ear Drop,Glenmark Pharmaceuticals,antibiotics,Otic Antimicrobial,TRUE,FALSE,FALSE,SCHEDULE H,,95.25,TRUE,188,live,108.75,80.47,26,true,5,Guaranteed Delivery,20
11675,Candid V Tube Of 30Gm Vaginal Gel,candid-v-gel-11675,Clotrimazole 2%w/w,Clotrimazole,30 G in Tube,Vaginal Gel,Glenmark Pharmaceuticals,antifungal-medicines,Other,TRUE,FALSE,FALSE,SCHEDULE H,,131.99,TRUE,189,live,164.06,121.4,26,true,5,Guaranteed Delivery,20
39777,Ceftas 200Mg Strip Of 10 Tablets,ceftas-200mg-tab-39777,Cefixime 200mg,Cefixime,10 Units in Strip,Tablet,Intas Pharmaceuticals Ltd,antibiotics,Cephalosporins,TRUE,FALSE,FALSE,SCHEDULE H1,,97.68,TRUE,190,live,99.93,83.94,16,true,5,Guaranteed Delivery,20
40468,Chymoral Plus Strip Of 15 Tablets,chymoral-plus-tablet-40468,Diclofenac 50mg + Tripsin-Chymotripsin 50000au,Tripsin-Chymotripsin+Diclofenac,15 Units in Strip,Tablet,Torrent Pharmaceuticals Ltd,pain-relief-medicines,Analgesic,TRUE,FALSE,FALSE,SCHEDULE H,,206.07,TRUE,191,live,246.35,204.47,17,true,5,Guaranteed Delivery,20
40609,Cipcal 500Mg Strip Of 15 Tablets,cipcal-500mg-strip-of-15-tablets-40609,Calcium 500mg + Vitamin D3 / Cholecalciferol 250iu,Calcium+Vitamin D3 / Cholecalciferol,15 Units in Strip,Tablet,Cipla Gx,vitamins-and-supplements,Calcium and Vitamin D Supplementation,FALSE,FALSE,FALSE,NON SCHEDULED,,95.59,TRUE,192,live,107.92,48.56,55,true,5,Guaranteed Delivery,20
40635,Ciplar 10Mg Strip Of 15 Tablets,ciplar-10mg-strip-of-15-tablets-40635,Propranolol 10mg,Propranolol,15 Units in Strip,Tablet,Cipla Limited,blood-pressure-medicines|cardiac-medicines,Beta blockers,TRUE,TRUE,FALSE,SCHEDULE H,3502762,22.59,TRUE,193,live,21.09,16.24,23,true,5,Guaranteed Delivery,20
198900,Inderal 10 Mg Strip Of 10 Tablets,inderal-10-mg-tablet-20-198900,Propranolol 10mg,Propranolol,10 Units in Strip,Tablet,Abbott India Ltd,blood-pressure-medicines|cardiac-medicines,Beta blockers,TRUE,TRUE,FALSE,SCHEDULE H,,22,FALSE,196,live,,,,,,,
25000,Krimson 35Mg Strip Of 21 Tablets,krimson-35mg-tab-25000,Cyproterone 2mg + Ethinylestradiol 0.035mg,Cyproterone+Ethinylestradiol,21 Units in Strip,Tablet,Sun Pharma,womens-health-medicines,Polycystic Ovarian Disease,TRUE,FALSE,FALSE,SCHEDULE H,,429.6,TRUE,197,live,458.44,357.58,22,true,5,Guaranteed Delivery,20
12678,Lanol Er 650Mg Strip Of 10 Tablets,lanol-er-650mg-tablet-12678,Paracetamol / Acetaminophen 650mg,Paracetamol / Acetaminophen,10 Units in Strip,Tablet,Hetero Healthcare Limited,pain-relief-medicines,Analgesic/antipyretic,TRUE,FALSE,FALSE,NON SCHEDULED,4181040,21.9,TRUE,198,live,21.4,16.91,21,true,5,Guaranteed Delivery,20
23914,Lasilactone 50Mg Strip Of 10 Tablets,lasilactone-50mg-strip-of-10-tablets-23914,Spironolactone 50mg + Frusemide / Furosemide 20mg,Spironolactone+Frusemide / Furosemide,10 Units in Strip,Tablet,Emcure Pharmaceuticals Ltd,diuretics,,TRUE,TRUE,FALSE,SCHEDULE H,,60.49,TRUE,199,live,66.84,50.13,25,true,5,Guaranteed Delivery,20
21817,Magnex Forte 1.5Gm Vial Of 1 Injection,magnex-forte-1-5gm-inj-21817,Cefoperazone 1g + Sulbactam 500mg,Cefoperazone+Sulbactam,1.5 G in Vial,Powder For Injection,Pfizer Limited,antibiotics,Cephalosporins,TRUE,FALSE,FALSE,SCHEDULE H1,,729.06,FALSE,200,live,908.46,681.35,25,false,1,We do not sell this product,20
22573,Mobizox Strip Of 10 Tablets,mobizox-tablet-22573,Chlorzoxazone 500mg + Diclofenac 50mg + Paracetamol / Acetaminophen 325mg,Chlorzoxazone+Diclofenac+Paracetamol / Acetaminophen,10 Units in Strip,Tablet,Ranbaxy Laboratories (Sun Pharma),pain-relief-medicines|muscle-relaxants,Analgesic/antipyretic,TRUE,FALSE,FALSE,SCHEDULE H,,237.01,TRUE,201,live,287,223.86,22,true,5,Guaranteed Delivery,20
22581,Mox 500Mg Strip Of 15 Capsules,mox-500mg-capsule-22581,Amoxycillin / Amoxicillin 500mg,Amoxycillin / Amoxicillin,15 Units in Strip,Capsule,Ranbaxy Laboratories (Sun Pharma),antibiotics,Penicillins,TRUE,FALSE,FALSE,SCHEDULE H,3503566,120.73,TRUE,202,live,117.77,91.86,22,true,5,Guaranteed Delivery,20
25758,Pantocid 40Mg Strip Of 15 Tablets,pantocid-40mg-strip-of-15-tablets-25758,Pantoprazole 40mg,Pantoprazole,15 Units in Strip,Tablet,Sun Pharma,gastrointestinal-medicines,Antacid,TRUE,FALSE,FALSE,SCHEDULE H,3501140,180.97,TRUE,205,live,195.94,146.95,25,true,5,Guaranteed Delivery,20
9287,Pause 500Mg Strip Of 10 Tablets,pause-500mg-tablet-9287,Tranexamic Acid 500mg,Tranexamic Acid,10 Units in Strip,Tablet,Emcure Pharmaceuticals Ltd,blood-thinners,Haemostatics,TRUE,FALSE,FALSE,SCHEDULE H,,190.83,TRUE,206,live,199.29,161.42,19,true,5,Guaranteed Delivery,20
18179,Rabekind Dsr Strip Of 10 Capsules,rabekind-dsr-capsule-18179,Rabeprazole 20mg + Domperidone 30mg,Rabeprazole+Domperidone,10 Units in Strip,Capsule,Mankind Pharmaceuticals Ltd,gastrointestinal-medicines,Antacid and Anti-Emetic,TRUE,FALSE,FALSE,SCHEDULE H,3503237,105.24,TRUE,207,live,127.88,93.35,27,true,5,Guaranteed Delivery,20
199109,Redotil Strip Of 15 Capsules,redotil-capsule-15-199109,Racecadotril 100mg,Racecadotril,15 Units in Strip,Capsule,Dr Reddy'S Laboratories Ltd,gastrointestinal-medicines,Anti-Diarrhoeal,TRUE,FALSE,FALSE,SCHEDULE H,3503045,411.35,TRUE,209,live,484.42,353.63,27,true,5,Guaranteed Delivery,20
223395,Telekast L Strip Of 15 Tablets,telekast-l-tab-15-s-223395,Levocetirizine 5mg + Montelukast 10mg,Levocetirizine+Montelukast,15 Units in Strip,Tablet,Lupin,cough-and-cold-medicines|anti-allergic-medicines,,TRUE,FALSE,FALSE,SCHEDULE H,3506424,315.06,TRUE,210,live,368.15,294.52,20,true,5,Guaranteed Delivery,20
11797,Telma Am 40/5Mg Strip Of 15 Tablets,telma-am-40-5mg-tablet-15-s-11797,Telmisartan 40mg + Amlodipine 5mg,Telmisartan+Amlodipine,15 Units in Strip,Tablet,Glenmark Pharmaceuticals,blood-pressure-medicines,Combinations,TRUE,TRUE,FALSE,SCHEDULE H,3501020,293.15,TRUE,211,live,341.72,256.29,25,true,5,Guaranteed Delivery,20
11652,Telma H 40Mg Strip Of 15 Tablets,telma-h-40mg-strip-of-15-tablets-11652,Telmisartan 40mg + Hydrochlorothiazide 12.5mg,Telmisartan+Hydrochlorothiazide,15 Units in Strip,Tablet,Glenmark Pharmaceuticals,blood-pressure-medicines,Combinations,TRUE,TRUE,FALSE,SCHEDULE H,3502864,309.62,TRUE,212,live,367.5,275.62,25,true,5,Guaranteed Delivery,20
28384,Vibact Ds Strip Of 10 Capsules,vibact-ds-capsule-28384,Streptococcus Faecalis 60m + Clostridium Butyricum 4m + Bacillus Mesentericus 2m + Lactic Acid Bacillus 100m,Bacillus Mesentericus+Streptococcus Faecalis+Clostridium Butyricum+Lactic Acid Bacillus,10 Units in Strip,Capsule,Usv Pvt Ltd,gastrointestinal-medicines,Prebiotic and Probiotic,TRUE,FALSE,FALSE,NON SCHEDULED,,216.9,TRUE,213,live,228.3,178.07,22,true,5,Guaranteed Delivery,20
20665,Voveran Sr 100Mg Strip Of 15 Tablets,voveran-sr-100mg-tablet-20665,Diclofenac 100mg,Diclofenac,15 Units in Strip,Tablet,Novartis Healthcare Pvt Ltd,pain-relief-medicines,Analgesic,TRUE,FALSE,FALSE,SCHEDULE H,,210.06,TRUE,214,live,245.15,181.41,26,true,5,Guaranteed Delivery,20
32727,Aceclo Plus Strip Of 15 Tablets,aceclo-plus-strip-of-15-tablets-32727,Aceclofenac 100mg + Paracetamol / Acetaminophen 325mg,Aceclofenac+Paracetamol / Acetaminophen,15 Units in Strip,Tablet,Aristo Pharmaceuticals Pvt Ltd,pain-relief-medicines,Analgesic/antipyretic,TRUE,FALSE,FALSE,SCHEDULE H,,97.52,TRUE,215,live,106.87,82.29,23,true,5,Guaranteed Delivery,20
191720,Acnestar Tube Of 22Gm Gel,acnestar-gel-22gm-191720,Clindamycin 1%w/w + Niacinamide / Nicotinamide 4%w/w,Clindamycin+Niacinamide / Nicotinamide,22 G in Tube,Gel,Mankind Consumer Products Private Limited,dermatology-medicines,Anti-Acne,TRUE,FALSE,FALSE,SCHEDULE H,,130,TRUE,218,live,121,89.54,26,true,5,Guaranteed Delivery,20
34161,Ambrodil S Bottle Of 100Ml Syrup,ambrodil-s-syp-100ml-34161,Ambroxol(15.0 Mg/5Ml) + Salbutamol / Albuterol(1.0 Mg/5Ml),Ambroxol+Salbutamol / Albuterol,100.0 Ml in Bottle,Syrup,Aristo Pharmaceuticals Pvt Ltd,cough-and-cold-medicines,,TRUE,FALSE,FALSE,SCHEDULE H,,34.56,TRUE,219,live,40,31.6,21,true,5,Guaranteed Delivery,6
36004,Avil 25Mg Strip Of 15 Tablets,avil-25mg-strip-of-15-tablets-36004,Pheniramine 25mg,Pheniramine,15 Units in Strip,Tablet,Sanofi,anti-allergic-medicines,,TRUE,FALSE,FALSE,SCHEDULE G,,11.42,TRUE,220,live,13.66,10.79,21,true,5,Guaranteed Delivery,20
183974,Azithral (Azithromycin) 500Mg Strip Of 5 Tablets,azithral-500mg-tab-5-s-183974,Azithromycin 500mg,Azithromycin,5 Units in Strip,Tablet,Alembic Pharmaceuticals Ltd,antibiotics,Macrolides,TRUE,FALSE,FALSE,SCHEDULE H,3501554,127.91,TRUE,221,live,126.73,97.58,23,true,5,Guaranteed Delivery,20
222821,New Celin 500Mg Strip Of 25 Tablets,new-celin-500mg-strip-of-25-tablets-222821,Vitamin C / Ascorbic Acid 500mg,Vitamin C / Ascorbic Acid,25 Units in Strip,Tablet,Koye Pharmaceuticals Pvt Ltd,vitamins-and-supplements,Other,FALSE,FALSE,FALSE,NON SCHEDULED,3501562,41.71,TRUE,223,live,41.21,33.38,19,false,2,Out of Stock,20
42859,Darolac Strip Of 10 Capsules,darolac-capsule-42859,Lactobacillus Sporogenes 2.5b,Lactobacillus Sporogenes,10 Units in Strip,Capsule,Aristo Pharmaceuticals Pvt Ltd,gastrointestinal-medicines,Prebiotic and Probiotic,TRUE,FALSE,FALSE,NON SCHEDULED,,121.07,TRUE,224,live,135.93,107.38,21,true,5,Guaranteed Delivery,20
43239,Derobin Ointment Tube Of 30G,derobin-oint-30gm-43239,Dithranol 1.15% + Salicylic Acid 1.15% + Coal Tar 5.3%,Dithranol+Salicylic Acid+Coal Tar,30.0 G in Tube,Ointment,Usv Pvt Ltd,dermatology-medicines,Psoriasis,FALSE,FALSE,FALSE,SCHEDULE H,,124.5,TRUE,225,live,130.78,103.32,21,true,5,Guaranteed Delivery,20
723,Duphaston 10Mg Strip Of 10 Tablets,duphaston-10mg-strip-of-10-tablets-723,Dydrogesterone 10mg,Dydrogesterone,10 Units in Strip,Tablet,Abbott India Ltd,womens-health-medicines,Female Infertility,TRUE,FALSE,FALSE,SCHEDULE H,3509262,834.31,TRUE,226,live,901.82,676.37,25,true,5,Guaranteed Delivery,20
44942,Ecosprin 150Mg Strip Of 14 Tablets,ecosprin-150mg-strip-of-14-tablets-44942,Aspirin / Acetyl Salicylic Acid 150mg,Aspirin / Acetyl Salicylic Acid,14 Units in Strip,Tablet,Usv Pvt Ltd,blood-thinners,Anti-Platelet,TRUE,TRUE,FALSE,SCHEDULE H,3501268,14.29,TRUE,227,live,10.58,8.46,20,true,5,Guaranteed Delivery,20
45245,Emanzen D Strip Of 10 Tablets,emanzen-d-tablet-45245,Diclofenac 50mg + Serratiopeptidase 10mg,Diclofenac+Serratiopeptidase,10 Units in Strip,Tablet,Emcure Pharmaceuticals Ltd,pain-relief-medicines,Analgesic,TRUE,FALSE,FALSE,SCHEDULE H,,211.28,TRUE,228,live,262.2,207.14,21,true,5,Guaranteed Delivery,20
9050,Enzar Forte Strip Of 15 Tablets,enzar-forte-strip-of-15-tablets-9050,Pancreatin 170mg + Sodium Tauroglycocholate 65mg,Sodium Tauroglycocholate+Pancreatin,15 Units in Strip,Tablet,Torrent Pharmaceuticals Ltd,gastrointestinal-medicines,Digestants,TRUE,FALSE,FALSE,SCHEDULE H,,182.09,TRUE,229,live,223.96,183.65,18,true,5,Guaranteed Delivery,20
552,Faceclin Tube Of 20Gm Gel,faceclin-gel-20gm-552,Clindamycin 1%w/w + Vitamin B3 / Nicotinic Acid / Niacin 4%w/w,Clindamycin+Vitamin B3 / Nicotinic Acid / Niacin,20 G in Tube,Gel,Abbott Healthcare Pvt Ltd,dermatology-medicines,Anti-Acne,TRUE,FALSE,FALSE,SCHEDULE H,,197.38,TRUE,230,live,242.89,196.74,19,true,5,Guaranteed Delivery,20
47409,Flexura D Strip Of 10 Tablets,flexura-d-tablet-47409,Diclofenac 50mg + Metaxalone 400mg,Diclofenac+Metaxalone,10 Units in Strip,Tablet,Sun Pharma,muscle-relaxants|pain-relief-medicines,,TRUE,FALSE,FALSE,SCHEDULE H,4015982,207.73,TRUE,231,live,247,200.07,19,true,5,Guaranteed Delivery,20
28535,Glycomet Sr 500Mg Strip Of 20 Tablets,glycomet-sr-500mg-strip-of-20-tablets-28535,Metformin Hydrochloride 500mg,Metformin Hydrochloride,20 Units in Strip,Tablet,Usv Pvt Ltd,anti-diabetic-medicines|sarthak-test-2,Biguanides,TRUE,TRUE,FALSE,SCHEDULE G,3503112,43.41,TRUE,232,live,42.24,31.68,25,true,5,Guaranteed Delivery,20
50985,Indocap Sr 75Mg Strip Of 10 Capsules,indocap-sr-75mg-cap-50985,Indometacin / Indomethacin 75mg,Indometacin / Indomethacin,10 Units in Strip,Capsule,Jagsonpal Pharmaceuticals Ltd,bone-and-joint-medicines|pain-relief-medicines,Rheumatoid Arthritis,TRUE,FALSE,FALSE,SCHEDULE H,,140.75,TRUE,233,live,152.93,120.81,21,true,5,Guaranteed Delivery,18
18118,Mahacef Plus 200Mg Strip Of 10 Tablets,mahacef-plus-200mg-tablet-18118,Cefixime 200mg + Ofloxacin 200mg,Cefixime+Ofloxacin,10 Units in Strip,Tablet,Mankind Pharmaceuticals Ltd,antibiotics,Combinations,TRUE,FALSE,FALSE,SCHEDULE H1,,167.87,TRUE,236,live,190.76,143.07,25,true,5,Guaranteed Delivery,20
25496,Mondeslor Strip Of 10 Tablets,mondeslor-tablet-25496,Desloratadine 5mg + Montelukast 10mg,Desloratadine+Montelukast,10 Units in Strip,Tablet,Sun Pharma,respiratory-medicines,Leukotriene antagonists,TRUE,TRUE,FALSE,SCHEDULE H,,215.78,TRUE,237,live,240,187.2,22,true,5,Guaranteed Delivery,20
172697,Soframycin Multi-Purpose Antiseptic Cream For Cuts | Wounds | Burns | Skin Infection | 30 Gm,soframycin-skin-cream-30gm-172697,,,30 G in Tube,Cream,Encube Ethicals Pvt Ltd,antibiotics,Topical Antibiotic,FALSE,FALSE,FALSE,,3790601,55.48,TRUE,239,live,,,,,,,
44584,Duolin 20/50Mcg Box Of 200Md Metered Dose Inhaler,duolin-inhaler-200md-44584,Ipratropium 20mcg + Levosalbutamol / Levalbuterol 50mcg,Ipratropium+Levosalbutamol / Levalbuterol,200 Md in Box,Metered-Dose Inhaler,Cipla Limited,respiratory-medicines,Combinations,TRUE,TRUE,FALSE,SCHEDULE H,,396.3,TRUE,241,live,468.21,355.84,24,true,5,Guaranteed Delivery,20
3057390,Montair Fx Strip Of 15 Tablets,montair-fx-strip-of-15-tablets-3057390,Montelukast 10mg + Fexofenadine 120mg,Montelukast+Fexofenadine,15 Units in Strip,Tablet,Cipla Limited,anti-allergic-medicines,,TRUE,FALSE,FALSE,SCHEDULE H,3508644,357.01,TRUE,242,live,416.5,333.2,20,true,5,Guaranteed Delivery,20
6411,Urimax D Strip Of 15 Tablets,urimax-d-strip-of-15-tablets-6411,Dutasteride 0.5mg + Tamsulosin 0.4mg,Dutasteride+Tamsulosin,15 Units in Strip,Tablet,Cipla Limited,prostate-care-medicines,,TRUE,TRUE,FALSE,SCHEDULE H,3501004,577.21,TRUE,243,live,626.19,469.64,25,true,5,Guaranteed Delivery,20
26792,Nexpro 40Mg Strip Of 15 Tablets,nexpro-40mg-tablet-26792,Esomeprazole 40mg,Esomeprazole,15 Units in Strip,Tablet,Torrent Pharmaceuticals Ltd,gastrointestinal-medicines,Antacid,TRUE,FALSE,FALSE,SCHEDULE H,3744296,173.54,TRUE,245,live,187.5,151.88,19,true,5,Guaranteed Delivery,20
14836,Solvin Cold Strip Of 10 Tablets,solvin-cold-tablet-14836,Chlorpheniramine / Chlorphenamine 2mg + Phenylephrine 10mg + Paracetamol / Acetaminophen 500mg,Chlorpheniramine / Chlorphenamine+Phenylephrine+Paracetamol / Acetaminophen,10 Units in Strip,Tablet,Ipca Laboratories,cough-and-cold-medicines,,TRUE,FALSE,FALSE,SCHEDULE H,3505585,61.7,TRUE,247,live,69.94,54.55,22,true,5,Guaranteed Delivery,20
18291,Asthakind Dx Sugar Free Bottle Of 100Ml Syrup,asthakind-dx-sf-syp-100ml-18291,Phenylephrine(5.0 Mg/5Ml) + Dextromethorphan(15.0 Mg/5Ml) + Chlorpheniramine / Chlorphenamine(2.0 Mg/5Ml),Dextromethorphan+Phenylephrine+Chlorpheniramine / Chlorphenamine,100 Ml in Bottle,Syrup,Mankind Pharmaceuticals Ltd,cough-and-cold-medicines,,TRUE,FALSE,FALSE,SCHEDULE H,3506289,100.48,TRUE,248,live,113.43,85.07,25,true,5,Guaranteed Delivery,20
177421,Candid Mouth Paint | Oral Thrush Treatment | Liquid | Bottle | 25 Ml,candid-mouth-paint-25ml-177421,,,25 Ml in Bottle,Mouth Paint,Glenmark Pharmaceuticals,antifungal-medicines,Other,FALSE,FALSE,FALSE,SCHEDULE H,3501550,194,TRUE,249,live,,,,,,,
13933,Intagesic Mr Strip Of 10 Tablets,intagesic-mr-tablet-13933,Diclofenac Sodium 50mg + Paracetamol/Acetaminophen 325mg + Chlorzoxazone 250mg,Diclofenac Sodium+Paracetamol/Acetaminophen+Chlorzoxazone,10 Units in Strip,Tablet,Intas Pharmaceuticals Ltd Gx,pain-relief-medicines|muscle-relaxants,Analgesic/antipyretic,TRUE,FALSE,FALSE,SCHEDULE H,,108.24,TRUE,251,live,116.25,66.26,43,true,5,Guaranteed Delivery,20
47795,Foracort 200Mcg Box Of 30 Rotacaps,foracort-200mcg-rotacaps-47795,Formoterol Fumarate 6mcg + Budesonide 200mcg,Formoterol Fumarate+Budesonide,30 Units in Box,Rotacap,Cipla Limited,respiratory-medicines,Combinations,TRUE,TRUE,FALSE,SCHEDULE H,4488404,195.21,TRUE,252,live,184.57,142.12,23,true,5,Guaranteed Delivery,20
6216,Nicip Plus Strip Of 10 Tablets,nicip-plus-tablet-6216,Nimesulide 100mg + Paracetamol / Acetaminophen 325mg,Nimesulide+Paracetamol / Acetaminophen,10 Units in Strip,Tablet,Cipla Limited,pain-relief-medicines,Analgesic/antipyretic,TRUE,FALSE,FALSE,SCHEDULE H,3501906,64.86,TRUE,253,live,67.13,42.29,37,true,5,Guaranteed Delivery,20
35650,Asthalin 2.5Mg 2.5Ml Packet Of 5 Respules,asthalin-respules-2-5ml-1-5-35650,Salbutamol / Albuterol 2.5mg,Salbutamol / Albuterol,5 Units in Packet,Respule,Cipla Limited,respiratory-medicines,Beta-2 agonists,TRUE,TRUE,FALSE,SCHEDULE H,,26.46,TRUE,254,live,44,34.76,21,true,5,Guaranteed Delivery,20
35654,Asthalin Bottle Of 100Ml Syrup,asthalin-syp-100ml-35654,Salbutamol / Albuterol(2.0 Mg/5Ml),Salbutamol / Albuterol,100 Ml in Bottle,Syrup,Cipla Limited,respiratory-medicines,Beta-2 agonists,TRUE,TRUE,FALSE,SCHEDULE H,,19.29,TRUE,256,live,18.9,15.31,19,true,5,Guaranteed Delivery,20
18203,Vomikind Bottle Of 30Ml Syrup,vomikind-syp-18203,Ondansetron 2mg/ml,Ondansetron,30 Ml in Bottle,Syrup,Mankind Pharmaceuticals Ltd,gastrointestinal-medicines,Anti-Emetic,TRUE,FALSE,FALSE,SCHEDULE H,,40.56,TRUE,259,live,40.01,29.61,26,true,5,Guaranteed Delivery,20
9031,Shelcal Hd Strip Of 15 Tablets,shelcal-hd-strip-of-15-tablets-9031,Vitamin D3 / Cholecalciferol 500iu + Calcium 500mg,Calcium+Vitamin D3 / Cholecalciferol,15 Units in Strip,Tablet,Torrent Pharmaceuticals Ltd,vitamins-and-supplements,Calcium and Vitamin D Supplementation,TRUE,FALSE,FALSE,NON SCHEDULED,,138.6,TRUE,262,live,170.9,128.18,25,true,5,Guaranteed Delivery,20
176516,Levera 500Mg Strip Of 15 Tablets,levera-500mg-strip-of-15-tablets-176516,Levetiracetam 500mg,Levetiracetam,15 Units in Strip,Tablet,Intas Pharmaceuticals Ltd,neurological-medicines,Anti-Epileptic,TRUE,TRUE,FALSE,SCHEDULE H,3501172,212.34,TRUE,264,live,209.48,157.11,25,true,5,Guaranteed Delivery,20
14718,Perinorm Ampoule Of 2Ml Injection,perinorm-inj-2ml-14718,Metoclopramide 5mg/ml,Metoclopramide,2 Ml in Ampoule,Injection,Ipca Laboratories,gastrointestinal-medicines,Anti-Emetic,TRUE,FALSE,FALSE,SCHEDULE H,,6.25,TRUE,265,live,5.75,4.54,21,true,5,Guaranteed Delivery,20
3119617,Febutaz 40Mg Strip Of 15 Tablets,febutaz-40mg-strip-of-15-tablets-3119617,Febuxostat 40mg,Febuxostat,15 Units in Strip,Tablet,Sun Pharma,gout-medicines,Xanthine oxidase inhibitors,TRUE,TRUE,FALSE,SCHEDULE H,4167187,213.12,TRUE,267,live,253,189.75,25,true,5,Guaranteed Delivery,20
224360,Syndopa Plus Strip Of 15 Tablets,syndopa-plus-strip-of-15-tablets-224360,Carbidopa 25mg + Levodopa 100mg,Levodopa+Carbidopa,15 Units in Strip,Tablet,Sun Pharma,neurological-medicines,Anti-Parkinsonian,TRUE,TRUE,FALSE,SCHEDULE H,3506462,42.28,TRUE,268,live,41.44,31.08,25,true,5,Guaranteed Delivery,20
176339,Claribid 500Mg Strip Of 10 Tablets,claribid-500mg-strip-of-10-tablets-176339,Clarithromycin 500mg,Clarithromycin,10 Units in Strip,Tablet,Abbott Healthcare Pvt Ltd,antibiotics,Macrolides,TRUE,FALSE,FALSE,SCHEDULE H,3501010,475.48,TRUE,269,live,428.29,342.63,20,true,5,Guaranteed Delivery,20
18400,Caldikind Plus Strip Of 10 Capsules,caldikind-plus-strip-of-10-capsules-18400,Elemental Boron 1.5mg + Calcium Carbonate 500mg + Vitamin B9 / Folic Acid / Folate 400mcg + Docosahexanoic Acid 60mg + Calcitriol 0.25mcg + Vitamin B12 / Mecobalamin / Cynocobalamin / Methylcobalamin 1500mcg + Eicosapenaenoic Acid 90mg,Elemental Boron+Calcium Carbonate+Vitamin B9 / Folic Acid / Folate+Docosahexanoic Acid+Calcitriol+Vitamin B12 / Mecobalamin / Cynocobalamin / Methylcobalamin+Eicosapenaenoic Acid,10 Units in Strip,Capsule,Mankind Pharmaceuticals Ltd,vitamins-and-supplements,Nutritional Supplement,TRUE,FALSE,FALSE,NON SCHEDULED,,159.31,TRUE,273,live,175.2,136.66,22,true,5,Guaranteed Delivery,20
190247,Stamlo 5Mg Strip Of 30 Tablets,stamlo-5mg-strip-of-30-tablets-190247,Amlodipine 5mg,Amlodipine,30 Units in Strip,Tablet,Dr Reddy'S Laboratories Ltd,blood-pressure-medicines|cardiac-medicines,Calcium channel blockers,TRUE,TRUE,FALSE,SCHEDULE H,3505000,85.98,TRUE,274,live,80.51,60.38,25,true,5,Guaranteed Delivery,20
12225,Renerve Plus Strip Of 15 Softgel Capsules,renerve-plus-strip-of-15-capsules-12225,Vitamin B12 / Mecobalamin / Cynocobalamin / Methylcobalamin 1500mcg + Vitamin B9 / Folic Acid / Folate 1.5mg + Zinc Monomethionine 25mg + Selenomethionine 55mcg + Chromium Polynicotinate 200mcg + Alpha Lipoic Acid 200mg + Myo-Inositol / Inositol 100mg,Vitamin B12 / Mecobalamin / Cynocobalamin / Methylcobalamin+Vitamin B9 / Folic Acid / Folate+Zinc Monomethionine+Selenomethionine+Chromium Polynicotinate+Alpha Lipoic Acid+Myo-Inositol / Inositol,15 Units in Strip,Softgel Capsule,Eris Life Sciences Pvt Ltd,vitamins-and-supplements,Nutritional Supplement,TRUE,FALSE,FALSE,NON SCHEDULED,,296.07,TRUE,276,live,329.62,253.81,23,true,5,Guaranteed Delivery,20
8730,Livogen Strip Of 15 Captabs,livogen-captab-15-s-8730,Vitamin B9 / Folic Acid / Folate 1.5mg + Ferrous Fumarate 152mg,Ferrous Fumarate+Vitamin B9 / Folic Acid / Folate,15 Units in Strip,Captab,Procter & Gamble Health Limited,iron-and-anaemia-medicines,Haematinics,TRUE,FALSE,FALSE,NON SCHEDULED,,88.29,TRUE,277,live,104.43,78.32,25,true,5,Guaranteed Delivery,20
25018,Liofen 10Mg Strip Of 10 Tablets,liofen-10mg-strip-of-10-tablets-25018,Baclofen 10mg,Baclofen,10 Units in Strip,Tablet,Sun Pharma,neurological-medicines|muscle-relaxants,Multiple Sclerosis,TRUE,FALSE,FALSE,SCHEDULE H,,122.56,TRUE,278,live,127.01,99.07,22,true,5,Guaranteed Delivery,20
36624,Bactrim Ds Strip Of 10 Tablets,bactrim-ds-tablet-36624,Sulfamethoxazole 800mg + Trimethoprim 160mg,Trimethoprim+Sulfamethoxazole,10 Units in Strip,Tablet,Abbott Healthcare Pvt Ltd,antibiotics,Other,TRUE,FALSE,FALSE,SCHEDULE H,,25.73,TRUE,279,live,24.56,19.4,21,true,5,Guaranteed Delivery,20
225467,Met Xl 50Mg Strip Of 20 Tablets,met-xl-50mg-tablet-20-s-225467,Metoprolol Tartarate 50mg,Metoprolol Tartarate,20 Units in Strip,Tablet,Ajanta Pharma Limited,cardiac-medicines|blood-pressure-medicines,Anti-Anginal,TRUE,TRUE,FALSE,SCHEDULE H,3946912,124.74,TRUE,281,live,124.74,93.55,25,true,5,Guaranteed Delivery,20
229426,Bio D3 Max Strip Of 15 Softgel Capsules,bio-d3-max-capsule-15-s-229426,Boron 1.5mg + Calcitriol 0.25mcg + Calcium Carbonate 500mg + Docosahexaenoic Acid (Dha) 120mg + Eicosapentaenoic Acid (Epa) 180mg + Vitamin B9 / Folic Acid / Folate 400mcg + Vitamin B12 / Mecobalamin / Cynocobalamin / Methylcobalamin 1500mcg,Boron+Calcitriol+Calcium Carbonate+Docosahexaenoic Acid (Dha)+Eicosapentaenoic Acid (Epa)+Vitamin B9 / Folic Acid / Folate+Vitamin B12 / Mecobalamin / Cynocobalamin / Methylcobalamin,15 Units in Strip,Softgel Capsule,Macleods Pharmaceuticals,vitamins-and-supplements,Calcium and Vitamin D Supplementation,TRUE,FALSE,FALSE,NON SCHEDULED,3509671,406.52,TRUE,285,live,442.4,331.8,25,true,5,Guaranteed Delivery,20
25767,Lumia 60K Strip Of 8 Capsules,lumia-60k-strip-of-8-capsules-25767,Vitamin D3 / Cholecalciferol 60000iu,Vitamin D3 / Cholecalciferol,8 Units in Strip,Capsule,Sun Pharma,vitamins-and-supplements,Other,TRUE,FALSE,FALSE,NON SCHEDULED,,276.33,TRUE,286,live,264.65,198.49,25,true,5,Guaranteed Delivery,20
26962,Veloz D Strip Of 10 Capsules,veloz-d-capsule-26962,Rabeprazole 20mg + Domperidone 30mg,Rabeprazole+Domperidone,10 Units in Strip,Capsule,Torrent Pharmaceuticals Ltd,gastrointestinal-medicines,Antacid and Anti-Emetic,TRUE,FALSE,FALSE,SCHEDULE H,,208.96,TRUE,288,live,226.4,176.59,22,true,5,Guaranteed Delivery,20
15062,Hcqs 200Mg Strip Of 15 Tablets,hcqs-200mg-strip-of-15-tablets-15062,Hydroxychloroquine 200mg,Hydroxychloroquine,15 Units in Strip,Tablet,Ipca Laboratories,bone-and-joint-medicines,Rheumatoid Arthritis,TRUE,TRUE,FALSE,SCHEDULE H1,3501787,105.64,TRUE,289,live,101.9,76.43,25,true,5,Guaranteed Delivery,20
45104,Electral Sachet Of 21.80Gm Oral Powder (Green),electral-powder-21-80gm-45104,Anhydrous Dextrose 13.5gm + Potassium Chloride 1.5gm + Sodium Chloride 2.6gm + Sodium Citrate 2.9gm,Anhydrous Dextrose+Potassium Chloride+Sodium Chloride+Sodium Citrate,21.8 G in Sachet,Oral Powder,Fdc Limited,vitamins-and-supplements,Electrolytes,FALSE,FALSE,FALSE,NON SCHEDULED,3991642,23.1,TRUE,291,live,23.2,17.4,25,true,5,Guaranteed Delivery,20
208618,Ascoril D Plus Sugar Free Bottle Of 100Ml Syrup,ascoril-d-plus-sf-syp-100ml-208618,Dextromethorphan(10.0 Mg/5Ml) + Phenylephrine(5.0 Mg/5Ml) + Chlorpheniramine / Chlorphenamine(2.0 Mg/5Ml),Dextromethorphan+Phenylephrine+Chlorpheniramine / Chlorphenamine,100 Ml in Bottle,Syrup,Glenmark Pharmaceuticals,cough-and-cold-medicines,,TRUE,FALSE,FALSE,SCHEDULE H,,139.71,TRUE,294,live,158.43,115.65,27,true,5,Guaranteed Delivery,20
25611,Rifagut 550Mg Strip Of 10 Tablets,rifagut-550mg-tablet-25611,Rifaximin 550mg,Rifaximin,10 Units in Strip,Tablet,Sun Pharma,antibiotics,Other,TRUE,FALSE,FALSE,SCHEDULE H,,498.78,TRUE,298,live,581,435.75,25,true,5,Guaranteed Delivery,20
22877,Cepodem Xp 325Mg Strip Of 10 Tablets,cepodem-xp-325mg-tablet-22877,Cefpodoxime 200mg + Clavulanic Acid 125mg,Cefpodoxime+Clavulanic Acid,10 Units in Strip,Tablet,Ranbaxy Laboratories (Sun Pharma),antibiotics,Cephalosporins,TRUE,FALSE,FALSE,SCHEDULE H1,,370.81,TRUE,299,live,393,334.05,15,true,5,Guaranteed Delivery,20
10392,Zifi Cv 200Mg Strip Of 10 Tablets,zifi-cv-200mg-tablet-10392,Cefixime 200mg + Clavulanic Acid 125mg,Cefixime+Clavulanic Acid,10 Units in Strip,Tablet,Fdc Limited,antibiotics,Cephalosporins,TRUE,FALSE,FALSE,SCHEDULE H1,,304.81,TRUE,300,live,364.34,302.4,17,true,5,Guaranteed Delivery,20
10991,Emolene Tube Of 100Gm Cream,emolene-cream-100gm-10991,Propylene Glycol 15mg,Propylene Glycol,100.0 G in Tube,Cream,Abbott Healthcare Pvt Ltd,dermatology-medicines,Skin Care,TRUE,FALSE,FALSE,NON SCHEDULED,,345.4,TRUE,301,live,390.94,293.2,25,true,5,Guaranteed Delivery,20
2778,Aldigesic Sp Strip Of 10 Tablets,aldigesic-sp-tablet-2778,Serratiopeptidase 10mg + Aceclofenac 100mg + Paracetamol / Acetaminophen 325mg,Aceclofenac+Serratiopeptidase+Paracetamol / Acetaminophen,10 Units in Strip,Tablet,Alkem Laboratories Ltd,pain-relief-medicines,Anti-Inflammatory,TRUE,FALSE,FALSE,SCHEDULE H,,120.47,TRUE,302,live,127.85,74.15,42,true,5,Guaranteed Delivery,20
49207,Glycomet 500Mg Strip Of 10 Tablets,glycomet-500mg-strip-of-10-tablets-49207,Metformin Hydrochloride 500mg,Metformin Hydrochloride,10 Units in Strip,Tablet,Usv Pvt Ltd,anti-diabetic-medicines|sarthak-test-2,Biguanides,TRUE,TRUE,FALSE,SCHEDULE G,,19.39,TRUE,305,live,19.59,14.69,25,true,5,Guaranteed Delivery,20
26803,Nikoran 5Mg Bottle Of 20 Tablets,nikoran-5mg-bottle-of-20-tablets-26803,Nicorandil 5mg,Nicorandil,20 Units in Bottle,Tablet,Torrent Pharmaceuticals Ltd,cardiac-medicines,Anti-Anginal,TRUE,TRUE,TRUE,SCHEDULE H,3885722,415.07,TRUE,306,live,494.76,371.07,25,true,5,Guaranteed Delivery,20
25480,Vsl 3 Strip Of 10 Capsules,vsl-3-strip-of-10-capsules-25480,Probiotics(112.5 Billion Cfu),Probiotics,10 Units in Strip,Capsule,Sun Pharma,gastrointestinal-medicines,Prebiotic and Probiotic,FALSE,FALSE,TRUE,NON SCHEDULED,,429.15,TRUE,307,live,451.88,338.91,25,true,5,Guaranteed Delivery,20
17679,Enzomac Plus Strip Of 10 Tablets,enzomac-plus-tablet-17679,Rutoside 100mg + Diclofenac 50mg + Chymotrypsin-Trypsin 48mg + Bromelain 90mg,Bromelain+Chymotrypsin-Trypsin+Diclofenac+Rutoside,10 Units in Strip,Tablet,Macleods Pharmaceuticals,pain-relief-medicines,Anti-Inflammatory,TRUE,FALSE,FALSE,SCHEDULE H,,296.41,TRUE,308,live,319.16,248.94,22,true,5,Guaranteed Delivery,20
14428,Montas L Strip Of 10 Tablets,montas-l-tablet-14428,Levocetirizine 5mg + Montelukast 10mg,Levocetirizine+Montelukast,10 Units in Strip,Tablet,Intas Pharmaceuticals Ltd Gx,cough-and-cold-medicines|anti-allergic-medicines,,TRUE,FALSE,FALSE,SCHEDULE H,,176,TRUE,309,live,183.28,102.64,44,true,5,Guaranteed Delivery,20
169656,Omee 20Mg Strip Of 20 Capsules,omee-20mg-strip-of-20-capsules-169656,Omeprazole 20mg,Omeprazole,20 Units in Strip,Capsule,Alkem Laboratories Ltd,gastrointestinal-medicines,Antacid,TRUE,FALSE,FALSE,SCHEDULE H,3503666,63.03,TRUE,311,live,61.32,34.95,43,true,5,Guaranteed Delivery,20
14465,Rabium Dsr Strip Of 15 Capsules,rabium-dsr-strip-of-15-capsules-14465,Rabeprazole 20mg + Domperidone 30mg,Rabeprazole+Domperidone,15 Units in Strip,Capsule,Intas Pharmaceuticals Ltd,gastrointestinal-medicines,Antacid and Anti-Emetic,TRUE,FALSE,FALSE,SCHEDULE H,3501627,198.03,TRUE,312,live,239.2,184.18,23,true,5,Guaranteed Delivery,20
20703,Regestrone 5Mg Strip Of 10 Tablets,regestrone-5mg-tablet-20703,Norethisterone 5mg,Norethisterone,10 Units in Strip,Tablet,Torrent Pharmaceuticals Ltd,womens-health-medicines,Menstrual and Gynaecological Disorders,TRUE,FALSE,FALSE,SCHEDULE H,,59.02,TRUE,313,live,57.5,45.43,21,true,5,Guaranteed Delivery,20
11867,Telma 20Mg Strip Of 15 Tablets,telma-20mg-strip-of-15-tablets-11867,Telmisartan 20mg,Telmisartan,15 Units in Strip,Tablet,Glenmark Pharmaceuticals,blood-pressure-medicines,Angiotensin receptor blockers,TRUE,TRUE,FALSE,SCHEDULE H,3501356,64.29,TRUE,314,live,61.79,48.81,21,true,5,Guaranteed Delivery,20
25291,Trapic Mf Strip Of 10 Tablets,trapic-mf-tablet-25291,Tranexamic Acid 500mg + Mefenamic Acid 250mg,Tranexamic Acid+Mefenamic Acid,10 Units in Strip,Tablet,Sun Pharma,blood-thinners,Haemostatics,TRUE,FALSE,FALSE,SCHEDULE H,,430.3,TRUE,315,live,468,397.8,15,true,5,Guaranteed Delivery,20
46633,Famocid 40Mg Strip Of 14 Tablets,famocid-40mg-tablet-46633,Famotidine 40mg,Famotidine,14 Units in Strip,Tablet,Sun Pharma,gastrointestinal-medicines,Antacid,TRUE,FALSE,FALSE,SCHEDULE H,,10.16,TRUE,318,live,11.72,9.26,21,true,5,Guaranteed Delivery,20
23200,Neopeptine Bottle Of 15Ml Oral Drops,neopeptine-drops-15ml-23200,Diastase / Alpha Amylase 20mg + Dill Oil 2mg + Caraway Oil 2mg + Anise Oil 2mg + Papain 10mg,Diastase / Alpha Amylase+Dill Oil+Caraway Oil+Anise Oil+Papain,15.0 Ml in Bottle,Oral Drop,Raptakos Brett & Co Ltd,gastrointestinal-medicines,Digestants,FALSE,FALSE,FALSE,NON SCHEDULED,3504519,109.98,TRUE,319,live,117.5,92.83,21,true,4,Short in Supply. May be delivered late.,20
43627,Diclowin Plus Strip Of 10 Tablets,diclowin-plus-tablet-43627,Diclofenac 50mg + Paracetamol / Acetaminophen 500mg,Diclofenac+Paracetamol / Acetaminophen,10 Units in Strip,Tablet,Wings Pharmaceuticals Pvt Ltd,pain-relief-medicines,Analgesic/antipyretic,TRUE,FALSE,FALSE,SCHEDULE H,3542319,25.15,TRUE,320,live,27.2,18.5,32,false,2,Out of Stock,20
38250,Bro Zedex Bottle Of 100Ml Syrup,bro-zedex-syp-38250,Terbutaline Sulphate(1.25 Mg/5Ml) + Bromhexine(4.0 Mg/5Ml) + Guaiphenesin / Guaifenesin(50.0 Mg/5Ml),Terbutaline Sulphate+Guaiphenesin / Guaifenesin+Bromhexine,100 Ml in Bottle,Syrup,Dr Reddy'S Laboratories Ltd,cough-and-cold-medicines,,TRUE,FALSE,FALSE,SCHEDULE H,,157.88,TRUE,321,live,195.16,154.18,21,true,5,Guaranteed Delivery,20
14450,Gabapin Nt 400Mg Strip Of 15 Tablets,gabapin-nt-400mg-strip-of-15-tablets-14450,Gabapentin 400mg + Nortriptyline 10mg,Gabapentin+Nortriptyline,15 Units in Strip,Tablet,Intas Pharmaceuticals Ltd,nerve-pain-medicines,Peripheral Neuropathy,TRUE,TRUE,FALSE,SCHEDULE H,3502790,466.9,TRUE,322,live,515.63,386.72,25,true,5,Guaranteed Delivery,20
30428,Nasoclear 0.65% Bottle Of 20Ml Nasal Spray,nasoclear-0-65-nasal-spray-30428,,,20 Ml in Bottle,Nasal Spray,Zydus Healthcare Limited,cough-and-cold-medicines,,FALSE,FALSE,FALSE,,,58.88,TRUE,323,live,,,,,,,
49235,Glynase Mf Strip Of 10 Tablets,glynase-mf-strip-of-10-tablets-49235,Metformin 500mg + Glipizide 5mg,Glipizide+Metformin,10 Units in Strip,Tablet,Usv Pvt Ltd,anti-diabetic-medicines|sarthak-test-2,Combinations,TRUE,TRUE,FALSE,SCHEDULE H,,20.07,TRUE,324,live,20.81,16.02,23,true,5,Guaranteed Delivery,20
14785,Zerodol Th 4Mg Strip Of 10 Tablets,zerodol-th-4mg-tablet-14785,Aceclofenac 100mg + Thiocolchicoside 4mg,Aceclofenac+Thiocolchicoside,10 Units in Strip,Tablet,Ipca Laboratories,pain-relief-medicines,Analgesic,TRUE,FALSE,FALSE,SCHEDULE H,,237.35,TRUE,325,live,275,211.75,23,true,5,Guaranteed Delivery,20
3113511,Roseday 10Mg Strip Of 15 Tablets,roseday-10mg-strip-of-15-tablets-3113511,Rosuvastatin 10mg,Rosuvastatin,15 Units in Strip,Tablet,Usv Pvt Ltd,cholesterol-medicines,Statins,TRUE,TRUE,FALSE,SCHEDULE H,3509018,201.19,TRUE,326,live,233,174.75,25,true,5,Guaranteed Delivery,20
25657,Tetrafol Plus Strip Of 10 Tablets,tetrafol-plus-tablet-25657,L-5-Methyltetrahydrofolate Calcium 2.8mg + Vitamin B12 / Mecobalamin / Cynocobalamin / Methylcobalamin 2000mcg + Pyridoxal-5-Phosphate 25mg,L-5-Methyltetrahydrofolate Calcium+Vitamin B12 / Mecobalamin / Cynocobalamin / Methylcobalamin+Pyridoxal-5-Phosphate,10 Units in Strip,Tablet,Sun Pharma,vitamins-and-supplements,Multivitamin,TRUE,FALSE,FALSE,NON SCHEDULED,,238.23,TRUE,328,live,282,219.96,22,true,5,Guaranteed Delivery,20
6576,Rabesec Dsr Strip Of 10 Capsules,rabesec-dsr-capsule-6576,Rabeprazole 20mg + Domperidone 30mg,Rabeprazole+Domperidone,10 Units in Strip,Capsule,Cipla Gx,gastrointestinal-medicines,Antacid and Anti-Emetic,TRUE,FALSE,FALSE,SCHEDULE H,3505237,160.73,TRUE,330,live,182.68,122.4,33,true,5,Guaranteed Delivery,20
48533,Gemcal Strip Of 15 Capsules,gemcal-strip-of-15-capsules-48533,Vitamin D3 / Cholecalciferol 0.25mcg + Zinc 7.5mg + Calcium Carbonate 500mg,Calcium Carbonate+Vitamin D3 / Cholecalciferol+Zinc,15 Units in Strip,Softgel Capsule,Alkem Laboratories Ltd,vitamins-and-supplements,Calcium and Vitamin D Supplementation,TRUE,FALSE,FALSE,NON SCHEDULED,3502206,350.48,TRUE,331,live,431,323.25,25,true,5,Guaranteed Delivery,20
16617,Acemiz Plus Strip Of 10 Tablets,acemiz-plus-tablet-16617,Aceclofenac 100mg + Paracetamol / Acetaminophen 325mg,Aceclofenac+Paracetamol / Acetaminophen,10 Units in Strip,Tablet,Lupin,pain-relief-medicines,Analgesic/antipyretic,TRUE,FALSE,FALSE,SCHEDULE H,,118.56,TRUE,333,live,135.75,99.1,27,true,5,Guaranteed Delivery,20
16619,Acemiz Mr Strip Of 10 Tablets,acemiz-mr-tablet-16619,Aceclofenac 100mg + Paracetamol / Acetaminophen 325mg + Chlorzoxazone 250mg,Aceclofenac+Paracetamol / Acetaminophen+Chlorzoxazone,10 Units in Strip,Tablet,Lupin,muscle-relaxants|pain-relief-medicines,,TRUE,FALSE,FALSE,SCHEDULE H,,113.83,TRUE,334,live,136.4,99.57,27,true,5,Guaranteed Delivery,20
6864,Fourderm Tube Of 20Gm Cream,fourderm-cream-20gm-6864,Miconazole 2% + Chlorhexidine 0.2% + Clobetasol 0.05% + Neomycin 0.5%,Miconazole+Chlorhexidine+Clobetasol+Neomycin,20.0 G in Tube,Cream,Cipla Gx,dermatology-medicines,Topical Antimicrobial and Steroid,TRUE,FALSE,FALSE,SCHEDULE H,3504304,174.66,TRUE,336,live,190.27,136.99,28,true,5,Guaranteed Delivery,20
21915,Minipress Xl 5Mg Strip Of 30 Tablets,minipress-xl-5mg-strip-of-30-tablets-21915,Prazosin 5mg,Prazosin,30 Units in Strip,Tablet,Pfizer Limited,blood-pressure-medicines,Alpha blockers,TRUE,TRUE,FALSE,SCHEDULE H,3503601,625.72,TRUE,337,live,709.98,532.49,25,false,2,Out of Stock,20
14461,Morr F 5% Bottle Of 60Ml Solution,morr-f-5-solution-60ml-14461,Finasteride 0.1%w/v + Minoxidil 5%w/v,Finasteride+Minoxidil,60 Ml in Bottle,Skin Solution,Intas Pharmaceuticals Ltd,dermatology-medicines,Alopecia,TRUE,FALSE,FALSE,SCHEDULE H,,810.64,TRUE,338,live,850,637.5,25,true,5,Guaranteed Delivery,20
6256,Oflox 200Mg Strip Of 10 Tablets,oflox-200mg-tablet-6256,Ofloxacin 200mg,Ofloxacin,10 Units in Strip,Tablet,Cipla Limited,antibiotics,Fluoroquinolones,TRUE,FALSE,FALSE,SCHEDULE H,,94.86,TRUE,340,live,110.5,81.77,26,true,5,Guaranteed Delivery,20
6261,Okacet 10Mg Strip Of 10 Tablets,okacet-10mg-tablet-6261,Cetirizine 10mg,Cetirizine,10 Units in Strip,Tablet,Cipla Gx,anti-allergic-medicines,,TRUE,FALSE,FALSE,SCHEDULE H,3988581,20.52,TRUE,341,live,20.05,14.24,29,true,5,Guaranteed Delivery,20
173904,Omez 20Mg Strip Of 20 Capsules,omez-20-cap-20-s-173904,Omeprazole 20mg,Omeprazole,20 Units in Strip,Capsule,Dr Reddy'S Laboratories Ltd,gastrointestinal-medicines,Antacid,TRUE,FALSE,FALSE,SCHEDULE H,3503855,62.63,TRUE,342,live,61.22,45.91,25,true,5,Guaranteed Delivery,20
2497,Ondem Md 4Mg Strip Of 10 Tablets,ondem-md-4mg-tab-2497,Ondansetron 4mg,Ondansetron,10 Units in Strip,Tablet,Alkem Laboratories Ltd,gastrointestinal-medicines,Anti-Emetic,TRUE,FALSE,FALSE,SCHEDULE H,,56.85,TRUE,343,live,55.2,43.06,22,true,5,Guaranteed Delivery,20
29601,Ovral G Strip Of 20 Tablets,ovral-g-tablet-29601,Norgestrel 0.5mg + Ethinylestradiol 0.05mg,Norgestrel+Ethinylestradiol,20 Units in Strip,Tablet,Pfizer Limited,womens-health-medicines,Female Hormone Pills,TRUE,FALSE,FALSE,SCHEDULE H,,293.8,TRUE,344,live,354.3,290.53,18,true,5,Guaranteed Delivery,20
6879,Paracip 500Mg Strip Of 10 Tablets,paracip-500mg-tablet-6879,Paracetamol / Acetaminophen 500mg,Paracetamol / Acetaminophen,10 Units in Strip,Tablet,Cipla Health Limited,pain-relief-medicines,Analgesic/antipyretic,FALSE,FALSE,FALSE,NON SCHEDULED,3504954,10.42,TRUE,345,live,9.77,7.03,28,true,5,Guaranteed Delivery,20
179089,Sucral O Suspension 200Ml,sucral-o-susp-200ml-179089,Sucralfate(1.0 Gm/5Ml) + Oxetacaine / Oxethazaince(10.0 Mg/5Ml),Sucralfate+Oxetacaine / Oxethazaince,200 Ml in Bottle,Suspension,Strassenburg Pharmaceuticals Ltd,gastrointestinal-medicines,Antacid and Anti-Flatulent,TRUE,FALSE,FALSE,SCHEDULE H,3927806,293.44,TRUE,346,live,312.19,243.51,22,false,2,Out of Stock,6
67442,Sumo Cold Strip Of 10 Tablets,sumo-cold-strip-of-10-tablets-67442,Paracetamol/Acetaminophen 500mg + Phenylephrine Hydrochloride 5mg + Caffeine 30mg + Diphenhydramine 25mg,Paracetamol/Acetaminophen+Phenylephrine Hydrochloride+Caffeine+Diphenhydramine,10 Units in Strip,Tablet,Alkem Laboratories Ltd,cough-and-cold-medicines,,TRUE,FALSE,FALSE,SCHEDULE H,4483263,46.53,TRUE,347,live,55.65,45.08,19,true,5,Guaranteed Delivery,18
18600,Terbinaforce 250Mg Strip Of 7 Tablets,terbinaforce-250mg-strip-of-7-tablets-18600,Terbinafine 250mg,Terbinafine,7 Units in Strip,Tablet,Mankind Pharmaceuticals Ltd,antifungal-medicines,Other,TRUE,FALSE,FALSE,SCHEDULE H,,111.33,TRUE,348,live,124.68,92.26,26,true,5,Guaranteed Delivery,20
10309,Zifi O 200Mg/200Mg Strip Of 10 Tablets,zifi-o-200mg-200mg-strip-of-10-tablets-10309,Cefixime 200mg + Ofloxacin 200mg,Cefixime+Ofloxacin,10 Units in Strip,Tablet,Fdc Limited,antibiotics,Combinations,TRUE,FALSE,FALSE,SCHEDULE H1,,182.24,TRUE,349,live,229.1,178.7,22,true,5,Guaranteed Delivery,20
2070,Roxid 150Mg Strip Of 10 Tablets,roxid-150mg-tablet-2070,Roxithromycin 150mg,Roxithromycin,10 Units in Strip,Tablet,Alembic Pharmaceuticals Ltd,antibiotics,Macrolides,TRUE,FALSE,FALSE,SCHEDULE H,,205.69,TRUE,350,live,237.66,187.75,21,true,5,Guaranteed Delivery,20
6824,Ciplar La 40Mg Strip Of 15 Tablets,ciplar-la-40mg-strip-of-15-tablets-6824,Propranolol 40mg,Propranolol,15 Units in Strip,Tablet,Cipla Limited,blood-pressure-medicines|cardiac-medicines,Beta blockers,TRUE,TRUE,FALSE,SCHEDULE H,3505190,112.04,TRUE,351,live,123.28,93.69,24,true,5,Guaranteed Delivery,20
8475,Razo D Strip Of 15 Capsules,razo-d-strip-of-15-capsules-8475,Rabeprazole 20mg + Domperidone 30mg,Rabeprazole+Domperidone,15 Units in Strip,Capsule,Dr Reddy'S Laboratories Ltd,gastrointestinal-medicines,Antacid and Anti-Emetic,TRUE,FALSE,FALSE,SCHEDULE H,3504888,337.77,TRUE,352,live,361,277.97,23,true,5,Guaranteed Delivery,20
3765,Megaheal Tube Of 15Gm Gel,megaheal-gel-15gm-3765,Silver Colloid 32ppm,Silver Colloid,15 G in Tube,Gel,Aristo Pharmaceuticals Pvt Ltd,antibiotics,Antiseptic,TRUE,FALSE,FALSE,NON SCHEDULED,3501445,123.96,TRUE,353,live,135.93,106.03,22,true,5,Guaranteed Delivery,20
22950,Silodal 8Mg Strip Of 10 Capsules,silodal-8mg-capsule-22950,Silodosin 8mg,Silodosin,10 Units in Strip,Capsule,Ranbaxy Laboratories (Sun Pharma),prostate-care-medicines,,TRUE,TRUE,FALSE,SCHEDULE H,4485719,298.71,TRUE,354,live,319,239.25,25,true,5,Guaranteed Delivery,20
32845,Acitrom 1Mg Strip Of 30 Tablets,acitrom-1mg-strip-of-30-tablets-32845,Acenocoumarol 1mg,Acenocoumarol,30 Units in Strip,Tablet,Abbott Healthcare Pvt Ltd,blood-thinners,Anti-Coagulant,TRUE,TRUE,FALSE,SCHEDULE H,3500951,297.79,TRUE,355,live,363.37,279.79,23,true,5,Guaranteed Delivery,20
36990,Becosules Z Strip Of 20 Capsules,becosules-z-strip-of-20-capsules-36990,Thiamine Moninitrate 10mg + Vitamin B2 / Riboflavin 10mg + Pyridoxine Hydrochloride 3mg + Vitamin B12 / Mecobalamin / Cynocobalamin / Methylcobalamin 15mcg + Niacinamide / Nicotinamide 100mg + Calcium Pantothenate 50mg + Vitamin B9 / Folic Acid / Folate 1.5mg + Vitamin B7 / Biotin / Vitamin H 100mcg + Vitamin C / Ascorbic Acid 150mg + Elemental Zinc 41.4mg,Thiamine Moninitrate+Vitamin B2 / Riboflavin+Pyridoxine Hydrochloride+Vitamin B12 / Mecobalamin / Cynocobalamin / Methylcobalamin+Niacinamide / Nicotinamide+Calcium Pantothenate+Vitamin B9 / Folic Acid / Folate+Vitamin B7 / Biotin / Vitamin H+Vitamin C / Ascorbic Acid+Elemental Zinc,20 Units in Strip,Capsule,Pfizer Limited,vitamins-and-supplements,Multivitamin,FALSE,FALSE,FALSE,NON SCHEDULED,3504915,54.58,TRUE,356,live,62.94,47.2,25,true,5,Guaranteed Delivery,20
38913,Candid B Tube Of 20Gm Cream,candid-b-cream-20gm-38913,Beclometasone 0.025% + Clotrimazole 1%,Beclometasone+Clotrimazole,20 G in Tube,Cream,Glenmark Pharmaceuticals,antifungal-medicines,Topical Anti-Fungal and Steroid,TRUE,FALSE,FALSE,SCHEDULE H,3502671,153.67,TRUE,357,live,178.12,138.93,22,true,5,Guaranteed Delivery,20
40512,Cifran Ct Strip Of 10 Tablets,cifran-ct-strip-of-10-tablets-40512,Tinidazole 600mg + Ciprofloxacin 500mg,Tinidazole+Ciprofloxacin,10 Units in Strip,Tablet,Ranbaxy Laboratories (Sun Pharma),antibiotics,Combinations,TRUE,FALSE,FALSE,SCHEDULE H,,153.66,TRUE,358,live,174.38,136.02,22,true,5,Guaranteed Delivery,20
16697,Lcin 500Mg Strip Of 10 Tablets,lcin-500mg-tab-16697,Levofloxacin 500mg,Levofloxacin,10 Units in Strip,Tablet,Lupin,antibiotics,Fluoroquinolones,TRUE,FALSE,FALSE,SCHEDULE H1,3544483,96.95,TRUE,359,live,96.6,73.42,24,true,5,Guaranteed Delivery,20
14379,Oflotas Oz Strip Of 10 Tablets,oflotas-oz-tablet-14379,Ofloxacin 200mg + Ornidazole 500mg,Ofloxacin+Ornidazole,10 Units in Strip,Tablet,Intas Pharmaceuticals Ltd Gx,gastrointestinal-medicines|antibiotics,Anti-Diarrhoeal,TRUE,FALSE,FALSE,SCHEDULE H,,141.56,TRUE,360,live,145.31,77.01,47,true,5,Guaranteed Delivery,20
188275,Rablet 20Mg Strip Of 15 Tablets,rablet-20mg-strip-of-15-tablets-188275,Rabeprazole 20mg,Rabeprazole,15 Units in Strip,Tablet,Lupin,gastrointestinal-medicines,Antacid,TRUE,FALSE,FALSE,SCHEDULE H,3504869,183.2,TRUE,361,live,215.25,159.28,26,true,5,Guaranteed Delivery,20
25227,Sompraz L Strip Of 10 Capsules,sompraz-l-capsule-25227,Esomeprazole 40mg + Levosulpiride 75mg,Esomeprazole+Levosulpiride,10 Units in Strip,Capsule,Sun Pharma,gastrointestinal-medicines,Antacid and Anti-Reflux,TRUE,FALSE,FALSE,SCHEDULE H,,286.55,TRUE,362,live,315,261.45,17,true,5,Guaranteed Delivery,20
3136186,Amlokind 5Mg Strip Of 15 Tablets,amlokind-5mg-strip-of-15-tablets-3136186,Amlodipine 5mg,Amlodipine,15 Units in Strip,Tablet,Mankind Pharmaceuticals Ltd,blood-pressure-medicines|cardiac-medicines,Calcium channel blockers,TRUE,TRUE,FALSE,SCHEDULE H,3509304,23.93,TRUE,363,live,23.67,17.99,24,true,5,Guaranteed Delivery,20
17565,Montemac L Strip Of 10 Tablets,montemac-l-tablet-17565,Levocetirizine 5mg + Montelukast 10mg,Levocetirizine+Montelukast,10 Units in Strip,Tablet,Macleods Pharmaceuticals,anti-allergic-medicines|cough-and-cold-medicines,,TRUE,FALSE,FALSE,SCHEDULE H,,145.97,TRUE,364,live,184.89,144.21,22,true,5,Guaranteed Delivery,20
11348,Odimont Lc Strip Of 15 Tablets,odimont-lc-strip-of-15-tablets-11348,Levocetirizine 5mg + Montelukast 10mg,Levocetirizine+Montelukast,15 Units in Strip,Tablet,Zydus Healthcare Limited,anti-allergic-medicines|cough-and-cold-medicines,,TRUE,FALSE,FALSE,SCHEDULE H,3501412,337.79,TRUE,365,live,418.69,322.39,23,true,4,Short in Supply. May be delivered late.,20
210501,Asthakind Sugar Free Bottle Of 100Ml Expectorant,asthakind-sugar-free-expectorant-100ml-210501,Bromhexine(2.0 Mg/5Ml) + Guaiphenesin / Guaifenesin(50.0 Mg/5Ml) + Terbutaline(1.25 Mg/5Ml),Guaiphenesin / Guaifenesin+Terbutaline+Bromhexine,100 Ml in Bottle,Expectorant,Mankind Pharmaceuticals Ltd,cough-and-cold-medicines,,TRUE,FALSE,FALSE,SCHEDULE H,3661196,97.3,TRUE,366,live,113.43,85.07,25,true,5,Guaranteed Delivery,20
17726,Bio D3 Plus Strip Of 15 Softgel Capsules,bio-d3-plus-strip-of-15-capsules-17726,Calcitriol 0.25mcg + Elemental Calcium 200mg,Calcitriol+Elemental Calcium,15 Units in Strip,Softgel Capsule,Macleods Pharmaceuticals,vitamins-and-supplements,Calcium and Vitamin D Supplementation,TRUE,FALSE,FALSE,NON SCHEDULED,,296.85,TRUE,367,live,341.34,266.25,22,true,5,Guaranteed Delivery,20
34467,Amlopres At 50Mg Strip Of 15 Tablets,amlopres-at-50mg-strip-of-15-tablets-34467,Amlodipine 5mg + Atenolol 50mg,Amlodipine+Atenolol,15 Units in Strip,Tablet,Cipla Limited,blood-pressure-medicines,Combinations,TRUE,TRUE,FALSE,SCHEDULE H,3503174,164.74,TRUE,369,live,203.92,154.98,24,true,5,Guaranteed Delivery,20
2443,Satrogyl O Strip Of 10 Tablets,satrogyl-o-tablet-2443,Satranidazole 300mg + Ofloxacin 200mg,Ofloxacin+Satranidazole,10 Units in Strip,Tablet,Alkem Laboratories Ltd,gastrointestinal-medicines,Anti-Diarrhoeal,TRUE,FALSE,FALSE,SCHEDULE H,,175.39,TRUE,370,live,203.4,168.82,17,true,5,Guaranteed Delivery,20
233408,Dydroboon Strip Of 10 Tablets,dydroboon-tablet-10-s-233408,Dydrogesterone 10mg,Dydrogesterone,10 Units in Strip,Tablet,Mankind Pharmaceuticals Ltd,womens-health-medicines,Female Infertility,TRUE,FALSE,FALSE,SCHEDULE H,,603.38,TRUE,371,live,735.27,551.45,25,true,5,Guaranteed Delivery,20
18593,Pantakind Dsr Strip Of 15 Capsules,pantakind-dsr-capsule-18593,Pantoprazole 40mg + Domperidone 30mg,Domperidone+Pantoprazole,15 Units in Strip,Capsule,Mankind Pharmaceuticals Ltd,gastrointestinal-medicines,Antacid and Anti-Emetic,TRUE,FALSE,FALSE,SCHEDULE H,3504979,109.89,TRUE,372,live,186.85,138.27,26,true,5,Guaranteed Delivery,20
26961,Veloz 20Mg Strip Of 15 Tablets,veloz-20mg-tablet-26961,Rabeprazole 20mg,Rabeprazole,15 Units in Strip,Tablet,Torrent Pharmaceuticals Ltd,gastrointestinal-medicines,Antacid,TRUE,FALSE,FALSE,SCHEDULE H,,186.46,TRUE,373,live,209.06,163.07,22,true,5,Guaranteed Delivery,20
34659,Ampoxin 500Mg Strip Of 15 Capsules,ampoxin-500mg-strip-of-15-capsules-34659,Cloxacillin 250mg + Ampicillin 250mg,Ampicillin+Cloxacillin,15 Units in Strip,Capsule,Torrent Pharmaceuticals Ltd,antibiotics,Penicillins,TRUE,FALSE,FALSE,SCHEDULE H,3503369,99.65,TRUE,374,live,121.55,100.89,17,true,5,Guaranteed Delivery,20
23054,Mox Cv 625Mg Strip Of 10 Tablets,mox-cv-625mg-tablet-23054,Amoxycillin / Amoxicillin 500mg + Clavulanic Acid 125mg,Amoxycillin / Amoxicillin+Clavulanic Acid,10 Units in Strip,Tablet,Ranbaxy Laboratories (Sun Pharma),antibiotics,Penicillins,TRUE,FALSE,FALSE,SCHEDULE H,,205.58,TRUE,376,live,195.38,162.17,17,true,5,Guaranteed Delivery,20
8446,Razo 20Mg Strip Of 15 Tablets,razo-20mg-strip-of-15-tablets-8446,Rabeprazole 20mg,Rabeprazole,15 Units in Strip,Tablet,Dr Reddy'S Laboratories Ltd,gastrointestinal-medicines,Antacid,TRUE,FALSE,FALSE,SCHEDULE H,3503011,256.4,TRUE,379,live,267,205.59,23,true,5,Guaranteed Delivery,20
8614,Relent Strip Of 15 Tablets,relent-tablet-8614,Ambroxol 60mg + Cetirizine 5mg,Ambroxol+Cetirizine,15 Units in Strip,Tablet,Dr Reddy'S Laboratories Ltd,cough-and-cold-medicines,,TRUE,FALSE,FALSE,SCHEDULE H,3502495,128.85,TRUE,380,live,147.42,119.41,19,true,5,Guaranteed Delivery,20
8212,Mucolite Bottle Of 100Ml Syrup,mucolite-syp-100ml-8212,Ambroxol 30mg,Ambroxol,100 Ml in Bottle,Syrup,Dr Reddy'S Laboratories Ltd,cough-and-cold-medicines,,TRUE,FALSE,FALSE,SCHEDULE H,3502813,122.16,TRUE,381,live,141.09,104.41,26,true,5,Guaranteed Delivery,20
231490,Enzomac Strip Of 15 Tablets,enzomac-tablet-15-s-231490,Trypsin 48mg + Bromelain 90mg + Rutoside 100mg,Bromelain+Rutoside+Trypsin,15 Units in Strip,Tablet,Macleods Pharmaceuticals,pain-relief-medicines,Anti-Inflammatory,TRUE,FALSE,FALSE,SCHEDULE H,3507141,392.13,TRUE,382,live,421.63,354.17,16,true,5,Guaranteed Delivery,20
232097,Ccm Bottle Of 40 Tablets,ccm-tablet-40-s-232097,Vitamin D3 / Cholecalciferol 100iu + Vitamin B9 / Folic Acid / Folate 50mcg + Calcium Citrate Maleate 250mg,Calcium Citrate Maleate+Vitamin B9 / Folic Acid / Folate+Vitamin D3 / Cholecalciferol,40 Units in Bottle,Tablet,Glaxosmithkline,vitamins-and-supplements,Calcium and Vitamin D Supplementation,TRUE,FALSE,FALSE,NON SCHEDULED,3507215,522.21,TRUE,383,live,561.56,421.17,25,true,5,Guaranteed Delivery,20
201751,New Nutrolin B Pedtab Strip Of 10 Tablets,new-nutrolin-b-ped-tablet-10-201751,Vitamin B3 / Nicotinic Acid / Niacin 20mg + Lactobacillus Sporogenes 60m + Vitamin B6 / Pyridoxine 1.5mg,Vitamin B3 / Nicotinic Acid / Niacin+Vitamin B6 / Pyridoxine+Lactobacillus Sporogenes,10 Units in Strip,Tablet,Cipla Limited,vitamins-and-supplements,Multivitamin,FALSE,FALSE,FALSE,NON SCHEDULED,4303501,39.09,TRUE,385,live,42.26,32.12,24,true,5,Guaranteed Delivery,20
39517,Cefakind 250Mg Strip Of 10 Tablets,cefakind-250mg-tablet-39517,Cefuroxime 250mg,Cefuroxime,10 Units in Strip,Tablet,Mankind Pharmaceuticals Ltd,antibiotics,Cephalosporins,TRUE,FALSE,FALSE,SCHEDULE H,,218.92,TRUE,387,live,261.88,217.36,17,true,5,Guaranteed Delivery,20
6364,Spasmonil Strip Of 10 Tablets,spasmonil-tablet-6364,Dicycloverine / Dicyclomine 20mg + Paracetamol / Acetaminophen 325mg,Dicycloverine / Dicyclomine+Paracetamol / Acetaminophen,10 Units in Strip,Tablet,Cipla Gx,gastrointestinal-medicines,Anti-Spasmodics,TRUE,FALSE,FALSE,SCHEDULE H,,29.16,TRUE,388,live,32.93,23.71,28,true,5,Guaranteed Delivery,20
170131,Matilda Forte Strip Of 15 Capsules,matilda-forte-cap-15-s-170131,Vitamin B12 / Mecobalamin / Cynocobalamin / Methylcobalamin 1500mcg + Alpha Lipoic Acid 200mg + Vitamin B9 / Folic Acid / Folate 1.5mg + Vitamin B7 / Biotin / Vitamin H 200mcg + Vitamin B6 / Pyridoxine 3mg,Vitamin B6 / Pyridoxine+Vitamin B12 / Mecobalamin / Cynocobalamin / Methylcobalamin+Alpha Lipoic Acid+Vitamin B9 / Folic Acid / Folate+Vitamin B7 / Biotin / Vitamin H,15 Units in Strip,Capsule,Lupin,vitamins-and-supplements,Multivitamin,TRUE,FALSE,FALSE,NON SCHEDULED,3929128,383.93,TRUE,389,live,459.1,344.33,25,true,5,Guaranteed Delivery,20
15407,Stugeron 25Mg Strip Of 25 Tablets,stugeron-25mg-strip-of-25-tablets-15407,Cinnarizine 25mg,Cinnarizine,25 Units in Strip,Tablet,Dr Reddy'S Laboratories Ltd,neurological-medicines,Anti-Vertigo,TRUE,FALSE,FALSE,SCHEDULE H,3504858,269,TRUE,390,live,269.06,209.87,22,true,5,Guaranteed Delivery,20
2347,Azithral 250Mg Strip Of 10 Tablets,azithral-250mg-strip-of-10-tablets-2347,Azithromycin 250mg,Azithromycin,10 Units in Strip,Tablet,Alembic Pharmaceuticals Ltd,antibiotics,Macrolides,TRUE,FALSE,FALSE,SCHEDULE H,3508553,127.66,TRUE,391,live,125.48,99.13,21,true,5,Guaranteed Delivery,20
488795,Melacare Tube Of 25Gm Cream,melacare-tube-of-25gm-cream-488795,Hydroquinone 2%w/w + Mometasone Furoate 0.1%w/w + Tretinoin 0.025%w/w,Hydroquinone+Mometasone Furoate+Tretinoin,25 G in Tube,Cream,Ajanta Pharma Limited,dermatology-medicines,Melasma,TRUE,FALSE,FALSE,SCHEDULE H,3503783,242.81,TRUE,395,live,265,193.45,27,true,5,Guaranteed Delivery,20
36287,Azicip 500Mg Strip Of 3 Tablets,azicip-500mg-tablet-36287,Azithromycin 500mg,Azithromycin,3 Units in Strip,Tablet,Cipla Gx,antibiotics,Macrolides,TRUE,FALSE,FALSE,SCHEDULE H,3506941,78.09,TRUE,396,live,75.53,46.83,38,true,5,Guaranteed Delivery,20
504089,Ketoford Tube Of 15Gm Cream,ketoford-tube-of-15gm-cream-504089,Ketoconazole 2%w/w,Ketoconazole,15 G in Tube,Cream,Leeford Healthcare Ltd,antifungal-medicines,Topical Anti-Fungal,TRUE,FALSE,FALSE,SCHEDULE H,,89.87,TRUE,397,live,85,49.3,42,true,5,Guaranteed Delivery,20
217263,Crocin 650Mg Advance Strip Of 15 Tablets,crocin-650mg-advance-tab-15-s-217263,,,15 Units in Strip,Tablet,Glaxosmithkline,pain-relief-medicines,Analgesic/antipyretic,FALSE,FALSE,FALSE,NON SCHEDULED,4023172,32.92,TRUE,398,live,,,,,,,
25700,Istamet 50/500Mg Strip Of 15 Tablets,istamet-50-500mg-tablet-15-s-25700,Metformin Hydrochloride 500mg + Sitagliptin 50mg,Sitagliptin+Metformin Hydrochloride,15 Units in Strip,Tablet,Sun Pharma,anti-diabetic-medicines|sarthak-test-2,Combinations,TRUE,TRUE,FALSE,SCHEDULE H,3804038,173.17,TRUE,400,live,176.25,132.19,25,true,5,Guaranteed Delivery,20
215693,Levosiz M Strip Of 15 Tablets,levosiz-m-tab-15-s-215693,Levocetirizine 5mg + Montelukast 10mg,Levocetirizine+Montelukast,15 Units in Strip,Tablet,Systopic Laboratories,anti-allergic-medicines|cough-and-cold-medicines,,TRUE,FALSE,FALSE,SCHEDULE H,3505861,100.47,TRUE,401,live,109.5,88.7,19,true,5,Guaranteed Delivery,20
176446,Alex Bottle Of 100Ml Syrup,alex-bottle-of-100ml-syrup-176446,Dextromethorphan(10.0 Mg/5Ml) + Phenylephrine(5.0 Mg/5Ml) + Chlorpheniramine / Chlorphenamine(2.0 Mg/5Ml),Dextromethorphan+Phenylephrine+Chlorpheniramine / Chlorphenamine,100 Ml in Bottle,Syrup,Glenmark Pharmaceuticals,cough-and-cold-medicines,,TRUE,FALSE,FALSE,SCHEDULE H,3924414,137.13,TRUE,403,live,158.43,115.65,27,true,5,Guaranteed Delivery,20
35719,Atarax 25Mg Strip Of 15 Tablets,atarax-25mg-strip-of-15-tablets-35719,Hydroxyzine 25mg,Hydroxyzine,15 Units in Strip,Tablet,Dr Reddy'S Laboratories Ltd,anti-allergic-medicines,,TRUE,FALSE,FALSE,SCHEDULE H,3504847,94.54,TRUE,404,live,117.04,92.46,21,true,5,Guaranteed Delivery,20
41205,Cloben G Tube Of 15Gm Cream,cloben-g-cream-15gm-41205,Clotrimazole 1% + Beclometasone 0.025% + Neomycin 0.5%,Clotrimazole+Beclometasone+Neomycin,15.0 G in Tube,Cream,Indoco Remedies Ltd,dermatology-medicines,Topical Antimicrobial and Steroid,TRUE,FALSE,FALSE,SCHEDULE H,3501085,121.15,TRUE,406,live,130,102.7,21,true,4,Short in Supply. May be delivered late.,20
42034,Corex Dx Bottle Of 100Ml Syrup,corex-dx-syp-100ml-42034,Dextromethorphan 10mg + Chlorpheniramine / Chlorphenamine 4mg,Dextromethorphan+Chlorpheniramine / Chlorphenamine,100.0 Ml in Bottle,Syrup,Cipla Limited,cough-and-cold-medicines,,TRUE,FALSE,FALSE,SCHEDULE H,3503682,143.72,TRUE,407,live,159.83,124.67,22,true,5,Guaranteed Delivery,20
26761,Lopamide 2Mg Strip Of 10 Tablets,lopamide-2mg-tablet-26761,Loperamide 2mg,Loperamide,10 Units in Strip,Tablet,Torrent Pharmaceuticals Ltd,gastrointestinal-medicines,Anti-Diarrhoeal,TRUE,FALSE,FALSE,SCHEDULE H,,24.46,TRUE,410,live,24.45,19.32,21,true,5,Guaranteed Delivery,20
5074,Meftal 500Mg Strip Of 10 Tablets,meftal-500mg-tablet-5074,Mefenamic Acid 500mg,Mefenamic Acid,10 Units in Strip,Tablet,Blue Cross Laboratories Private Limited,pain-relief-medicines,Analgesic,TRUE,FALSE,FALSE,SCHEDULE H,,29.02,TRUE,411,live,31.87,26.45,17,true,5,Guaranteed Delivery,20
24353,Meprate 10Mg Strip Of 10 Tablets,meprate-10mg-tablet-24353,Medroxyprogesterone 10mg,Medroxyprogesterone,10 Units in Strip,Tablet,Serum Institute Of India Private Limited,womens-health-medicines,Female Hormone Pills,TRUE,FALSE,FALSE,SCHEDULE H,,68.31,TRUE,412,live,66.62,55.96,16,true,4,Short in Supply. May be delivered late.,20
217400,Pantosec 40Mg Strip Of 15 Tablets,pantosec-tab-15-s-217400,Pantoprazole 40mg,Pantoprazole,15 Units in Strip,Tablet,Cipla Limited,gastrointestinal-medicines,Antacid,TRUE,FALSE,FALSE,SCHEDULE H,3504805,222.05,TRUE,413,live,222.05,159.88,28,true,5,Guaranteed Delivery,20
11596,Septran Ds 800/160Mg Strip Of 10 Tablets,septran-ds-800-160mg-tablet-10-s-11596,Sulfamethoxazole 800mg + Trimethoprim 160mg,Trimethoprim+Sulfamethoxazole,10 Units in Strip,Tablet,Koye Pharmaceuticals Pvt Ltd,antibiotics,Other,TRUE,FALSE,FALSE,SCHEDULE H,,25.01,TRUE,414,live,24.57,20.15,18,true,4,Short in Supply. May be delivered late.,20
10934,Surfaz Sn Tube Of 10Gm Cream,surfaz-sn-cream-10934,Clotrimazole 1% + Beclometasone 0.025% + Neomycin 3500u,Clotrimazole+Beclometasone+Neomycin,10 G in Tube,Cream,Franco Indian Pharmaceuticals Pvt Ltd,dermatology-medicines,Topical Antimicrobial and Steroid,TRUE,FALSE,FALSE,SCHEDULE H,,97.79,TRUE,415,live,108.9,84.94,22,true,5,Guaranteed Delivery,20
18206,Zenflox 200Mg Strip Of 10 Tablets,zenflox-200mg-tablet-18206,Ofloxacin 200mg,Ofloxacin,10 Units in Strip,Tablet,Mankind Pharmaceuticals Ltd,antibiotics,Fluoroquinolones,TRUE,FALSE,FALSE,SCHEDULE H,,73.35,TRUE,417,live,85.07,65.5,23,true,5,Guaranteed Delivery,20
22754,Zole F Tube Of 15Gm Ointment,zole-f-oint-22754,Fluocinolone 0.01% + Miconazole 2%,Fluocinolone+Miconazole,15.0 G in Tube,Ointment,Ranbaxy Laboratories (Sun Pharma),antifungal-medicines,Topical Anti-Fungal and Steroid,TRUE,FALSE,FALSE,SCHEDULE H,3502122,110.09,TRUE,418,live,128,103.68,19,true,5,Guaranteed Delivery,20
40002,Cepodem 200Mg Strip Of 10 Tablets,cepodem-200mg-tablet-40002,Cefpodoxime 200mg,Cefpodoxime,10 Units in Strip,Tablet,Ranbaxy Laboratories (Sun Pharma),antibiotics,Cephalosporins,TRUE,FALSE,FALSE,SCHEDULE H1,,191.8,TRUE,419,live,210.95,166.65,21,true,5,Guaranteed Delivery,20
41383,Clopitab 75Mg Strip Of 15 Tablets,clopitab-75mg-strip-of-15-tablets-41383,Clopidogrel 75mg,Clopidogrel,15 Units in Strip,Tablet,Lupin,blood-thinners,Anti-Platelet,TRUE,TRUE,FALSE,SCHEDULE H,,108.75,TRUE,422,live,106.59,79.94,25,true,5,Guaranteed Delivery,20
49172,Glyciphage 500Mg Strip Of 20 Tablets,glyciphage-500mg-strip-of-20-tablets-49172,Metformin Hydrochloride 500mg,Metformin Hydrochloride,20 Units in Strip,Tablet,Franco Indian Pharmaceuticals Pvt Ltd,anti-diabetic-medicines|sarthak-test-2,Biguanides,TRUE,TRUE,FALSE,SCHEDULE G,,39.55,TRUE,424,live,39.7,30.57,23,true,5,Guaranteed Delivery,20
6878,Paracip 650Mg Strip Of 10 Tablets,paracip-650mg-tablet-6878,Paracetamol / Acetaminophen 650mg,Paracetamol / Acetaminophen,10 Units in Strip,Tablet,Cipla Health Limited,pain-relief-medicines,Analgesic/antipyretic,FALSE,FALSE,FALSE,NON SCHEDULED,,22.27,TRUE,426,live,21.53,15.5,28,true,5,Guaranteed Delivery,20
22722,Teczine 5Mg Strip Of 10 Tablets,teczine-5mg-strip-of-10-tablets-22722,Levocetirizine 5mg,Levocetirizine,10 Units in Strip,Tablet,Ranbaxy Laboratories (Sun Pharma),anti-allergic-medicines,,TRUE,FALSE,FALSE,SCHEDULE H,3502563,90.98,TRUE,427,live,99,77.22,22,true,5,Guaranteed Delivery,20
36260,Azee 250Mg Strip Of 6 Tablets,azee-250mg-tablet-36260,Azithromycin 250mg,Azithromycin,6 Units in Strip,Tablet,Cipla Limited,antibiotics,Macrolides,TRUE,FALSE,FALSE,SCHEDULE H,3502179,77.75,TRUE,428,live,74.77,62.06,17,true,5,Guaranteed Delivery,20
19749,Dolo 500Mg Strip Of 15 Tablets,dolo-500mg-tablet-19749,Paracetamol / Acetaminophen 500mg,Paracetamol / Acetaminophen,15 Units in Strip,Tablet,Micro Labs,pain-relief-medicines,Analgesic/antipyretic,FALSE,FALSE,FALSE,NON SCHEDULED,3509007,15.24,TRUE,429,live,14.18,10.63,25,false,2,Out of Stock,20
191799,Pregaba M 75Mg Strip Of 15 Capsules,pregaba-m-75mg-strip-of-15-capsules-191799,Pregabalin 75mg + Vitamin B12 / Mecobalamin / Cynocobalamin / Methylcobalamin 750mcg,Pregabalin+Vitamin B12 / Mecobalamin / Cynocobalamin / Methylcobalamin,15 Units in Strip,Capsule,Torrent Pharmaceuticals Ltd,nerve-pain-medicines,Peripheral Neuropathy,TRUE,TRUE,FALSE,SCHEDULE H1,3502871,323.67,TRUE,430,live,394.03,299.46,24,true,5,Guaranteed Delivery,20
44487,Drotin Ampoule Of 2Ml Injection,drotin-injection-44487,Drotaverine(40.0 Mg/2Ml),Drotaverine,2 Ml in Ampoule,Injection,Walter Bushnell Ltd,gastrointestinal-medicines,Anti-Spasmodics,TRUE,FALSE,FALSE,SCHEDULE H,,54.18,TRUE,432,live,38.65,30.53,21,false,2,Out of Stock,20
212493,Elosone Ht Tube Of 25Gm Cream,elosone-ht-cream-25gm-212493,Hydroquinone 2%w/w + Mometasone Furoate 0.1%w/w + Tretinoin 0.025%w/w,Hydroquinone+Mometasone Furoate+Tretinoin,25 G in Tube,Cream,Leeford Healthcare Ltd,dermatology-medicines,Melasma,TRUE,FALSE,FALSE,SCHEDULE H,3505554,160.78,TRUE,433,live,165,120.45,27,true,5,Guaranteed Delivery,20
194236,Dexona Ampoule Of 2Ml Injection,dexona-inj-2ml-194236,Dexamethasone 4mg,Dexamethasone,2 Ml in Ampoule,Injection,Zydus Healthcare Limited,steroids,Other,TRUE,FALSE,FALSE,SCHEDULE H,,17.87,TRUE,435,live,10.94,9.08,17,true,5,Guaranteed Delivery,20
3319,Zincovit Bottle Of 200Ml Syrup (Green),zincovit-bottle-of-200ml-syrup-green--3319,,,200 Ml in Bottle,Syrup,Apex Laboratories Private Limited,vitamins-and-supplements,Nutritional Supplement,FALSE,FALSE,FALSE,,,161.12,TRUE,437,live,,,,,,,
2427,Ondem Bottle Of 30Ml Syrup,ondem-syp-2427,Ondansetron(2.0 Mg/5Ml),Ondansetron,30 Ml in Bottle,Syrup,Alkem Laboratories Ltd,gastrointestinal-medicines,Anti-Emetic,TRUE,FALSE,FALSE,SCHEDULE H,3662950,41.23,TRUE,438,live,40.49,31.99,21,true,5,Guaranteed Delivery,20
42538,Cypon Bottle Of 200Ml Syrup,cypon-syp-42538,Tricholine Citrate(275.0 Mg/5Ml) + Cyproheptadine(2.0 Mg/5Ml) + Sorbitol(2.0 Gm/5Ml),Cyproheptadine+Tricholine Citrate+Sorbitol,200.0 Ml in Bottle,Syrup,Geno Pharmaceuticals Ltd,gastrointestinal-medicines,Appetite Stimulant,TRUE,FALSE,FALSE,SCHEDULE G,,126.9,TRUE,440,live,153.52,121.28,21,true,5,Guaranteed Delivery,6
50070,Hifenac D Strip Of 10 Tablets,hifenac-d-tablet-50070,Aceclofenac 100mg + Serratiopeptidase 15mg + Paracetamol / Acetaminophen 325mg,Aceclofenac+Serratiopeptidase+Paracetamol / Acetaminophen,10 Units in Strip,Tablet,Intas Pharmaceuticals Ltd,pain-relief-medicines,Anti-Inflammatory,TRUE,FALSE,FALSE,SCHEDULE H,,121.88,TRUE,441,live,137.81,114.38,17,true,5,Guaranteed Delivery,20
15054,Ctd 6.25Mg Strip Of 15 Tablets,ctd-6-25mg-15-s-tab-15054,Chlorthalidone / Chlortalidone 6.25mg,Chlorthalidone / Chlortalidone,15 Units in Strip,Tablet,Ipca Laboratories,blood-pressure-medicines,Diuretic combinations,TRUE,TRUE,FALSE,SCHEDULE G,3501963,106.71,TRUE,442,live,128.2,97.43,24,true,5,Guaranteed Delivery,20
6800,Alerid Bottle Of 60Ml Syrup,alerid-syp-60ml-6800,Cetirizine(5.0 Mg/5Ml),Cetirizine,60 Ml in Bottle,Syrup,Cipla Limited,anti-allergic-medicines,,TRUE,FALSE,FALSE,SCHEDULE H,3625690,43.27,TRUE,443,live,42.47,31.43,26,true,5,Guaranteed Delivery,20
8742,Tonoferon Bottle Of 15Ml Oral Drops,tonoferon-drops-15ml-8742,Elemental Iron 25mg/ml + Vitamin B9 / Folic Acid / Folate 200mcg/ml + Lysine Hydrochloride 200mg/ml + Vitamin B12 / Mecobalamin / Cynocobalamin / Methylcobalamin 5mcg/ml,Elemental Iron+Vitamin B9 / Folic Acid / Folate+Vitamin B12 / Mecobalamin / Cynocobalamin / Methylcobalamin+Lysine Hydrochloride,15 Ml in Bottle,Oral Drop,East India Pharma Works Ltd,iron-and-anaemia-medicines,Haematinics,TRUE,FALSE,FALSE,NON SCHEDULED,,107.81,TRUE,446,live,117,94.77,19,true,4,Short in Supply. May be delivered late.,6
218445,Myfair Tube Of 20Gm Cream,myfair-cream-20-gm-218445,Hydroquinone 0.2% + Tretinoin 0.025% + Mometasone Furoate 0.1%,Hydroquinone+Mometasone Furoate+Tretinoin,20.0 G in Tube,Cream,Newgen Life Sciences Private Limited,dermatology-medicines,Melasma,TRUE,FALSE,FALSE,SCHEDULE H,,205.14,TRUE,447,live,220,160.6,27,true,4,Short in Supply. May be delivered late.,6
23858,Anobliss Tube Of 30Gm Cream,anobliss-cream-23858,Nifedipine 0.3%w/w + Lidocaine / Lignocaine 1.5%w/w,Nifedipine+Lidocaine / Lignocaine,30.0 G in Tube,Cream,Samarth Life Sciences Pvt Ltd,gastrointestinal-medicines,Anal Fissure,TRUE,FALSE,FALSE,SCHEDULE H,,144.72,TRUE,448,live,168.21,131.2,22,true,5,Guaranteed Delivery,6
170226,Clinmiskin Tube Of 20Gm Gel,clinmiskin-tube-of-20gm-gel-170226,Vitamin B3 / Nicotinic Acid / Niacin 4% + Clindamycin 1%,Clindamycin+Vitamin B3 / Nicotinic Acid / Niacin,20 G in Tube,Gel,Torrent Pharmaceuticals Ltd,dermatology-medicines,Anti-Acne,TRUE,FALSE,FALSE,SCHEDULE H,3504472,185.01,TRUE,449,live,224.15,183.8,18,true,5,Guaranteed Delivery,6
210077,Fucidin Tube Of 15Gm Cream,fucidin-cream-15gm-210077,Fusidic Acid 20mg,Fusidic Acid,15.0 G in Tube,Cream,Ranbaxy Laboratories (Sun Pharma),antibiotics,Topical Antibiotic,TRUE,FALSE,FALSE,SCHEDULE H,3500973,163.29,TRUE,450,live,158.45,131.51,17,true,5,Guaranteed Delivery,20
211148,Cleargel Nico Tube Of 20Gm Gel,cleargel-nico-gel-20gm-211148,Clindamycin 1%w/w + Niacinamide / Nicotinamide 4%w/w,Clindamycin+Niacinamide / Nicotinamide,20 G in Tube,Gel,Hegde And Hegde Pharmaceuticals Llp,dermatology-medicines,Anti-Acne,TRUE,FALSE,FALSE,SCHEDULE H,,186.19,TRUE,451,live,182.82,148.08,19,true,5,Guaranteed Delivery,6
46892,Femilon Strip Of 21 Tablets,femilon-tablet-46892,Desogestrel 0.15mg + Ethinylestradiol 0.02mg,Desogestrel+Ethinylestradiol,21 Units in Strip,Tablet,Abbott India Ltd,womens-health-medicines,Female Hormone Pills,TRUE,FALSE,FALSE,SCHEDULE H,,316.78,TRUE,452,live,397,313.63,21,true,5,Guaranteed Delivery,20
20348,Janumet 50/500Mg Strip Of 15 Tablets,janumet-50-500mg-tablet-15-s-20348,Metformin Hydrochloride 500mg + Sitagliptin 50mg,Sitagliptin+Metformin Hydrochloride,15 Units in Strip,Tablet,Abbott Healthcare Pvt Ltd,anti-diabetic-medicines|sarthak-test-2,Combinations,TRUE,TRUE,FALSE,SCHEDULE H,3804037,390.39,TRUE,453,live,386.5,289.88,25,true,5,Guaranteed Delivery,12
18224,Gastica Bottle Of 15Ml Oral Drops,gastica-drops-15ml-18224,Simethicone / Simeticone 40mg/ml + Dill Oil 0.005ml/ml + Fennel Oil 0.0007ml/ml,Simethicone / Simeticone+Dill Oil+Fennel Oil,15 Ml in Bottle,Oral Drop,Mankind Pharmaceuticals Ltd,gastrointestinal-medicines,Anti-Flatulent and Digestants,FALSE,FALSE,FALSE,NON SCHEDULED,,62.67,TRUE,454,live,65.5,48.47,26,true,5,Guaranteed Delivery,20
49464,Grenil Strip Of 10 Tablets,grenil-tablet-49464,Domperidone 20mg + Paracetamol / Acetaminophen 500mg,Domperidone+Paracetamol / Acetaminophen,10 Units in Strip,Tablet,Karnataka Antibiotics & Pharmaceuticals Ltd(Kapl),pain-relief-medicines|gastrointestinal-medicines,Analgesic/antipyretic,TRUE,FALSE,FALSE,SCHEDULE H,,50.82,TRUE,455,live,47.95,37.88,21,false,2,Out of Stock,20
30149,Maxtra P Bottle Of 15Ml Oral Drops,maxtra-p-drops-15ml-30149,Phenylephrine Hydrochloride 5mg/ml + Chlorpheniramine / Chlorphenamine 2mg/ml,Chlorpheniramine / Chlorphenamine+Phenylephrine Hydrochloride,15.0 Ml in Bottle,Oral Drop,Zuventus Health Care Ltd,cough-and-cold-medicines,,TRUE,FALSE,FALSE,SCHEDULE H,,105.03,TRUE,456,live,129.2,104.65,19,true,5,Guaranteed Delivery,20
190085,Cardace 2.5Mg Strip Of 15 Tablets,cardace-2-5mg-strip-of-15-tablets-190085,Ramipril 2.5mg,Ramipril,15 Units in Strip,Tablet,Emcure Pharmaceuticals Ltd,blood-pressure-medicines,ACE inhibitors,TRUE,TRUE,FALSE,SCHEDULE H,3505164,87.31,TRUE,457,live,83.48,63.44,24,true,5,Guaranteed Delivery,20
201988,Zerodol S 100/15 Mg Strip Of 10 Tablets,zerodol-s-100-15-mg-tablet-10-201988,Aceclofenac 100mg + Serratiopeptidase 15mg,Serratiopeptidase+Aceclofenac,10 Units in Strip,Tablet,Ipca Laboratories,pain-relief-medicines,Analgesic/antipyretic,TRUE,FALSE,FALSE,SCHEDULE H,,111.9,TRUE,458,live,129.52,101.03,22,true,5,Guaranteed Delivery,20
14395,Mecofol Plus Nf Strip Of 10 Capsules,mecofol-plus-nf-capsule-14395,Alpha Lipoic Acid 100mg + Vitamin B12 / Mecobalamin / Cynocobalamin / Methylcobalamin 1.5mg + Vitamin B9 / Folic Acid / Folate 1.5mg + Vitamin B6 / Pyridoxine 3mg,Vitamin B12 / Mecobalamin / Cynocobalamin / Methylcobalamin+Vitamin B9 / Folic Acid / Folate+Vitamin B6 / Pyridoxine+Alpha Lipoic Acid,10 Units in Strip,Capsule,Intas Pharmaceuticals Ltd Gx,vitamins-and-supplements,Multivitamin,TRUE,FALSE,FALSE,NON SCHEDULED,,222.07,TRUE,459,live,233.91,130.99,44,true,5,Guaranteed Delivery,20
179233,Vicks Action Advanced 500Mg Strip Of 10 Tablets,vicks-action-advanced-500mg-tablet-10-s-179233,Phenylephrine 5mg + Caffeine 30mg + Diphenhydramine 25mg + Paracetamol / Acetaminophen 500mg,Phenylephrine+Caffeine+Diphenhydramine+Paracetamol / Acetaminophen,10 Units in Strip,Tablet,Procter & Gamble Hygiene And Health Care Limited,cough-and-cold-medicines,,TRUE,FALSE,FALSE,SCHEDULE H,,59.98,TRUE,460,live,64,50.56,21,true,5,Guaranteed Delivery,20
20205,Nitrocontin 2.6Mg Bottle Of 30 Tablets,nitrocontin-2-6mg-bottle-of-30-tablets-20205,Nitroglycerin / Glyceryl Trinitrate 2.6mg,Nitroglycerin / Glyceryl Trinitrate,30 Units in Bottle,Tablet,Modi Mundi Pharma Pvt Ltd,cardiac-medicines,Anti-Anginal,TRUE,TRUE,FALSE,SCHEDULE H,3504944,326.43,TRUE,461,live,384.38,288.28,25,true,5,Guaranteed Delivery,20
213,Melalite 15 Tube Of 30Gm Cream,melalite-15-cream-30gm-213,Hydroquinone 2%w/w + Oxybenzone 2.5%w/w + Octinoxate 9%w/w,Hydroquinone+Oxybenzone+Octinoxate,30 G in Tube,Cream,Abbott Healthcare Pvt Ltd,dermatology-medicines,Melasma,TRUE,FALSE,FALSE,SCHEDULE H,3898630,184.12,TRUE,462,live,213.86,177.5,17,true,5,Guaranteed Delivery,20
1928,Placentrex Tube Of 20Gm Gel,placentrex-gel-20gm-1928,Human Placenta Extract 0.1g,Human Placenta Extract,20 G in Tube,Gel,Albert David Limited,antibiotics,Topical Anti-Microbial,FALSE,FALSE,FALSE,NON SCHEDULED,3505152,177.51,TRUE,463,live,189.58,153.56,19,true,5,Guaranteed Delivery,6
222385,Clindac A 1% Tube Of 20Gm Gel,clindac-a-1-tube-of-20gm-gel-222385,Clindamycin 1%w/w,Clindamycin,20 G in Tube,Gel,Alkem Laboratories Ltd,antibiotics,Topical Antibiotic,TRUE,FALSE,FALSE,SCHEDULE H,3504872,231.53,TRUE,465,live,285,222.3,22,true,4,Short in Supply. May be delivered late.,20
44589,Duonase 70Md Bottle Of 7Gm Nasal Spray,duonase-nasal-spray-70md-7gm-44589,Fluticasone 50mcg + Azelastine 140mcg,Fluticasone+Azelastine,70 Md in Bottle,Nasal Spray,Cipla Limited,anti-allergic-medicines,,TRUE,FALSE,FALSE,SCHEDULE H,,500.15,TRUE,466,live,606.55,473.11,22,true,5,Guaranteed Delivery,20
6972,Flomist 100Md Bottle Of 10Ml Nasal Spray,flomist-nasal-spray-10ml-6972,Fluticasone 50mcg,Fluticasone,10 Ml in Bottle,Nasal Spray,Cipla Limited,anti-allergic-medicines,,TRUE,FALSE,FALSE,SCHEDULE H,,514.43,TRUE,469,live,530.49,408.48,23,true,5,Guaranteed Delivery,20
18316,Aptimust Bottle Of 200Ml Syrup,aptimust-syp-200ml-18316,Tricholine Citrate(275.0 Mg/5Ml) + Cyproheptadine(2.0 Mg/5Ml) + Sorbitol(2.0 Gm/5Ml),Tricholine Citrate+Cyproheptadine+Sorbitol,200 Ml in Bottle,Syrup,Mankind Pharmaceuticals Ltd,gastrointestinal-medicines,Appetite Stimulant,TRUE,FALSE,FALSE,SCHEDULE H,,141.5,TRUE,470,live,155,114.7,26,true,5,Guaranteed Delivery,20
211454,Hepatoglobine Bottle Of 300Ml Liquid,hepatoglobine-syrup-300ml-211454,Proteolysed Liver(40.0 Mg/5Ml) + Peptone(20.0 Mg/5Ml) + Elemental Iron(10.95 Mg/5Ml) + Vitamin B9 / Folic Acid / Folate(0.17 Mg/5Ml) + Ethanol(0.12 Ml/5Ml),Vitamin B9 / Folic Acid / Folate+Proteolysed Liver+Peptone+Elemental Iron+Ethanol,300 Ml in Bottle,Oral Liquid,Raptakos Brett & Co Ltd,iron-and-anaemia-medicines,Haematinics,FALSE,FALSE,FALSE,NON SCHEDULED,3563656,239.7,TRUE,471,live,269,212.51,21,true,5,Guaranteed Delivery,20
36050,Avomine 25Mg Strip Of 10 Tablets,avomine-25mg-tablet-36050,Promethazine 25mg,Promethazine,10 Units in Strip,Tablet,Abbott Healthcare Pvt Ltd,gastrointestinal-medicines|anti-allergic-medicines,Anti-Emetic,TRUE,FALSE,FALSE,SCHEDULE G,,58.11,TRUE,474,live,69.83,55.17,21,true,5,Guaranteed Delivery,20
45172,Elocon Tube Of 10Gm Cream,elocon-cream-10gm-45172,Mometasone Furoate 1mg,Mometasone Furoate,10 G in Tube,Cream,Abbott Healthcare Pvt Ltd,steroids,Topical Steroid,TRUE,FALSE,FALSE,SCHEDULE H,,274.11,TRUE,476,live,300,243,19,true,5,Guaranteed Delivery,20
51895,Kenacort 40Mg Vial Of 1Ml Injection,kenacort-40mg-inj-1ml-51895,Triamcinolone 40mg/ml,Triamcinolone,1 Ml in Vial,Injection,Abbott Healthcare Pvt Ltd,steroids,Other,TRUE,FALSE,FALSE,SCHEDULE H,,183.82,TRUE,479,live,212.06,167.53,21,true,5,Guaranteed Delivery,20
41908,Concor Cor 2.5Mg Strip Of 10 Tablets,concor-cor-2-5mg-strip-of-10-tablets-41908,Bisoprolol Fumarate 2.5mg,Bisoprolol Fumarate,10 Units in Strip,Tablet,Merck Limited,blood-pressure-medicines,Beta blockers,TRUE,TRUE,FALSE,SCHEDULE H,3509214,82.8,TRUE,480,live,97.4,73.05,25,true,5,Guaranteed Delivery,20
37060,Benadryl Cough Formula Bottle Of 150Ml Syrup,benadryl-cough-formula-bottle-of-150ml-syrup-37060,Sodium Citrate(57.03 Mg/5Ml) + Diphenhydramine Hydrochloride(14.08 Mg/5Ml) + Ammonium Chloride(138.0 Mg/5Ml),Sodium Citrate+Diphenhydramine Hydrochloride+Ammonium Chloride,150 Ml in Bottle,Syrup,Johnson & Johnson Private Limited,cough-and-cold-medicines,,TRUE,FALSE,FALSE,SCHEDULE G,3503110,146.28,TRUE,481,live,159,124.02,22,true,5,Guaranteed Delivery,20
29198,Betadine 10% Bottle Of 100Ml Solution,betadine-10-solution-100ml-29198,Povidone-Iodine 10%w/v,Povidone-Iodine,100.0 Ml in Bottle,Skin Solution,Win-Medicare Pvt Ltd,antibiotics,Antiseptic,FALSE,FALSE,FALSE,NON SCHEDULED,,108.11,TRUE,482,live,103.95,86.28,17,true,5,Guaranteed Delivery,20
190532,Candid Clotrimazole Cream | Tube | 50 Gm,candid-cream-50gm-190532,,,50 G in Tube,Cream,Glenmark Pharmaceuticals,antifungal-medicines,Topical Anti-Fungal,FALSE,FALSE,FALSE,,3502038,165.53,TRUE,484,live,,,,,,,
29414,Practin 4Mg Strip Of 10 Tablets,practin-4mg-tablet-29414,Cyproheptadine 4mg,Cyproheptadine,10 Units in Strip,Tablet,Dr Reddy'S Laboratories Ltd,anti-allergic-medicines,,TRUE,FALSE,FALSE,SCHEDULE G,3930165,43.2,TRUE,485,live,48.46,39.25,19,true,5,Guaranteed Delivery,20
30283,Progynova 2Mg Strip Of 28 Tablets,progynova-2mg-strip-of-28-tablets-30283,Estradiol Valerate 2mg,Estradiol Valerate,28 Units in Strip,Tablet,Dr Reddy'S Laboratories Ltd,womens-health-medicines,Hormone Replacement Therapy,TRUE,FALSE,FALSE,SCHEDULE H,3509716,644,TRUE,486,live,644,483,25,true,5,Guaranteed Delivery,20
169276,Lasix 10Mg Ampoule Of 4Ml Injection,lasix-inj-4ml-169276,Frusemide / Furosemide 10mg/ml,Frusemide / Furosemide,4 Ml in Ampoule,Injection,Emcure Pharmaceuticals Ltd,diuretics,,TRUE,FALSE,FALSE,SCHEDULE H,,26.65,TRUE,487,live,12.76,10.72,16,true,4,Short in Supply. May be delivered late.,20
26715,Ketomac 2% Shampoo 110Ml,ketomac-2-shampoo-110ml-26715,,,110 Ml in Bottle,Shampoo,Torque Pharmaceuticals Pvt Ltd,dermatology-medicines,Anti-Dandruff,FALSE,FALSE,FALSE,,,219.91,TRUE,490,live,,,,,,,
2984644,Remylin D 1000Iu Strip Of 15 Tablets,remylin-d-strip-of-15-tablets-2984644,Vitamin B9 / Folic Acid / Folate 1.5mg + Alpha Lipoic Acid 100mg + Vitamin B6 / Pyridoxine 3mg + Vitamin B12 / Mecobalamin / Cynocobalamin / Methylcobalamin 1500mcg + Vitamin D3 / Cholecalciferol 1000iu,Vitamin B9 / Folic Acid / Folate+Alpha Lipoic Acid+Vitamin B6 / Pyridoxine+Vitamin B12 / Mecobalamin / Cynocobalamin / Methylcobalamin+Vitamin D3 / Cholecalciferol,15 Units in Strip,Tablet,Eris Life Sciences Pvt Ltd,vitamins-and-supplements,Multivitamin,TRUE,FALSE,FALSE,NON SCHEDULED,3824624,251.18,TRUE,494,live,279.99,226.79,19,true,5,Guaranteed Delivery,20
173362,Levolin 1Mg Bottle Of 100Ml Syrup,levolin-1mg-syrup-100ml-173362,Levosalbutamol / Levalbuterol 1mg,Levosalbutamol / Levalbuterol,100 Ml in Bottle,Syrup,Cipla Limited,respiratory-medicines,Beta-2 agonists,TRUE,FALSE,FALSE,SCHEDULE H,,28.41,FALSE,496,live,,,,,,,
5076,Meftal P Mango Flavour Bottle Of 60 Ml Suspension,meftal-p-bottle-of-60ml-suspension-5076,Mefenamic Acid(100.0 Mg/5Ml),Mefenamic Acid,60 Ml in Bottle,Suspension,Blue Cross Laboratories Private Limited,pain-relief-medicines,Analgesic,TRUE,FALSE,FALSE,SCHEDULE H,,37,FALSE,497,live,,,,,,,
213007,Dynapar Aq 75Mg Ampoule Of 1Ml Injection (Pack Of 5),dynapar-aq-75mg-inj-5-1ml-213007,Diclofenac Sodium 75mg/ml,Diclofenac Sodium,5 Ml in Ampoule,Injection,Troikaa Pharmaceuticals Ltd,pain-relief-medicines,Analgesic,TRUE,FALSE,FALSE,SCHEDULE H,,203.74,FALSE,499,live,,,,,,,
25090,Nexito Plus Strip Of 10 Tablets,nexito-plus-tablet-25090,Citalopram 5mg + Clonazepam 0.5mg,Citalopram+Clonazepam,10 Units in Strip,Tablet,Sun Pharma,mental-health-medicines,Combinations,TRUE,TRUE,FALSE,SCHEDULE H,,107.09,FALSE,501,live,127.5,95.62,25,false,1,We do not sell this product,20
63172,Tryptomer 75Mg Strip Of 10 Tabletss,tryptomer-75mg-tab-63172,Amitriptyline 75mg,Amitriptyline,10 Units in Strip,Tablet,Dr Reddy'S Laboratories Ltd,mental-health-medicines,Tricyclic antidepressants,TRUE,TRUE,FALSE,SCHEDULE H,,61.07,FALSE,503,live,58.07,43.55,25,false,1,We do not sell this product,20
33894,Alprax 0.5Mg Strip Of 15 Tablets,alprax-0-5mg-tablet-33894,Alprazolam 0.5mg,Alprazolam,15 Units in Strip,Tablet,Torrent Pharmaceuticals Ltd,mental-health-medicines,Benzodiazepines,TRUE,TRUE,FALSE,SCHEDULE H1,,59.37,FALSE,504,live,81.35,61.01,25,false,1,We do not sell this product,20
6070,Fabulous 40Mg Tablet,fabulous-40mg-tablet-6070,Febuxostat 40mg,Febuxostat,10 Units in Strip,Tablet,Johnlee Pharmaceuticals Pvt Ltd,gout-medicines,Xanthine oxidase inhibitors,TRUE,TRUE,FALSE,SCHEDULE H,,135,TRUE,506,live,135,94.5,30,false,2,Out of Stock,18
45683,Epitome 25Mg Tablet,epitome-25mg-tablet-45683,Topiramate 25mg,Topiramate,10 Units in Strip,Tablet,Triton Health Care Pvt Ltd,neurological-medicines,Anti-Epileptic,TRUE,TRUE,FALSE,SCHEDULE H,,159,TRUE,507,live,35,26.25,25,false,2,Out of Stock,20
11197,Nifedipine 5Mg Tablets,nifedipine-5mg-tab-11197,Nifedipine 5mg,Nifedipine,10 Units in Strip,Tablet,Zydus Healthcare Limited,blood-pressure-medicines,Calcium channel blockers,TRUE,TRUE,FALSE,SCHEDULE H,,28.48,TRUE,509,live,28.48,24.21,15,false,2,Out of Stock,20
42430,Cvl 6.25Mg Tablet,cvl-6-25mg-tablet-42430,Carvedilol 6.25mg,Carvedilol,10 Units in Strip,Tablet,Themis Medicare Ltd,blood-pressure-medicines,Beta blockers,TRUE,TRUE,FALSE,SCHEDULE H,,16,TRUE,512,live,16,12,25,false,2,Out of Stock,20
33893,Alprax 0.25Mg Strip Of 15 Tablets,alprax-0-25mg-tablet-33893,Alprazolam 0.25mg,Alprazolam,15 Units in Strip,Tablet,Torrent Pharmaceuticals Ltd,mental-health-medicines,Benzodiazepines,TRUE,TRUE,FALSE,SCHEDULE H1,,27.81,FALSE,513,live,39.65,29.74,25,false,1,We do not sell this product,20
13714,Zapiz 0.25Mg Tablet,zapiz-0-25mg-tablet-13714,Clonazepam 0.25mg,Clonazepam,10 Units in Strip,Tablet,Intas Pharmaceuticals Ltd,mental-health-medicines|neurological-medicines,Benzodiazepines,TRUE,TRUE,FALSE,SCHEDULE H,4025695,16.72,FALSE,514,live,16.72,12.54,25,false,1,We do not sell this product,20
102830,Det 500Mg Tablets,det-500mg-tab-102830,Metformin Hydrochloride 500mg,Metformin Hydrochloride,10 Units in Strip,Tablet,Daksh Pharmaceuticals Pvt Ltd,anti-diabetic-medicines|sarthak-test-2,Biguanides,TRUE,TRUE,FALSE,SCHEDULE G,,10,TRUE,515,live,10,7.5,25,false,2,Out of Stock,20
152591,Motion Plus Tablets,motion-plus-tab-152591,Prochlorperazine 5mg + Paracetamol / Acetaminophen 500mg,Prochlorperazine+Paracetamol / Acetaminophen,10 Units in Strip,Tablet,Solitaire Pharmacia Pvt Ltd,migraine-medicines,,TRUE,TRUE,FALSE,SCHEDULE H,,35,TRUE,516,live,35,26.25,25,false,2,Out of Stock,20
33329,Alam 0.50Mg Tablets,alam-0-50mg-tab-33329,Alprazolam,,10 Units in Strip,Tablet,Rhombus Pharma Pvt Ltd,mental-health-medicines,Anti-Anxiety,TRUE,TRUE,FALSE,SCHEDULE H1,,,FALSE,517,live,0,0,0,false,1,We do not sell this product,20
10807,Metffil G2 Strip Of 10 Tablets,metffil-g2-tab-10807,Metformin Hydrochloride 500mg + Glimepiride 2mg,Metformin Hydrochloride+Glimepiride,10 Units in Strip,Tablet,Fourrts India Laboratories Pvt Ltd,anti-diabetic-medicines|sarthak-test-2,Combinations,TRUE,TRUE,FALSE,SCHEDULE H,,62.67,TRUE,518,live,63.5,51.44,19,true,5,Guaranteed Delivery,20
25579,Ab Phylline Sr 200Mg Strip Of 10 Tablets,ab-phylline-sr-200mg-tablet-25579,Acebrophylline 200mg,Acebrophylline,10 Units in Strip,Tablet,Sun Pharma,respiratory-medicines,Xanthines,TRUE,TRUE,FALSE,SCHEDULE H,,265.55,TRUE,519,live,312,237.12,24,true,5,Guaranteed Delivery,20
25089,Nexito Forte Strip Of 10 Tablets,nexito-forte-tablet-25089,Clonazepam 10mg + Citalopram 0.5mg,Citalopram+Clonazepam,10 Units in Strip,Tablet,Sun Pharma,mental-health-medicines,Combinations,TRUE,TRUE,FALSE,SCHEDULE H,,155.35,FALSE,520,live,186.56,123.13,34,false,1,We do not sell this product,20
104113,Paro 40Mg Tablets,paro-40mg-tab-104113,Paroxetine 40mg,Paroxetine,10 Units in Strip,Tablet,D D Pharmaceuticals,mental-health-medicines,SSRIs,TRUE,TRUE,FALSE,SCHEDULE H,,80.5,FALSE,521,live,74.88,56.16,25,false,1,We do not sell this product,20
113258,Impress 25Mg Tablets,impress-25mg-tab-113258,Imipramine 25mg,Imipramine,10 Units in Strip,Tablet,A.N.Pharmacia,mental-health-medicines,Tricyclic antidepressants,TRUE,TRUE,FALSE,SCHEDULE H,,8.68,FALSE,522,live,8.68,6.51,25,false,1,We do not sell this product,20
203087,Tranquil 0.25 Mg Tablet 10,tranquil-0-25-mg-tablet-10-203087,Alprazolam 0.25mg,Alprazolam,10 Units in Strip,Tablet,Cipla Limited,mental-health-medicines,Benzodiazepines,TRUE,TRUE,FALSE,SCHEDULE H1,,13.5,FALSE,523,live,13.5,10.12,25,false,1,We do not sell this product,20
215701,Febustat 40Mg Strip Of 15 Tablets,febustat-40mg-tab-15-s-215701,Febuxostat 40mg,Febuxostat,15 Units in Strip,Tablet,Abbott Healthcare Pvt Ltd,gout-medicines,Xanthine oxidase inhibitors,TRUE,TRUE,FALSE,SCHEDULE H,3505890,292.96,TRUE,524,live,337.58,253.19,25,true,5,Guaranteed Delivery,20
134899,Bp At Tablets,bp-at-tab-134899,Amlodipine 5mg + Atenolol 50mg,Amlodipine+Atenolol,10 Units in Strip,Tablet,Gujarat Terce Laboratories Ltd,blood-pressure-medicines,Combinations,TRUE,TRUE,FALSE,SCHEDULE H,,28.5,TRUE,525,live,28.5,19.95,30,false,2,Out of Stock,20
193439,Pregabid Nt Strip Of 15 Tablets,pregabid-nt-tab-15-s-193439,Pregabalin 75mg + Nortriptyline 10mg,Pregabalin+Nortriptyline,15 Units in Strip,Tablet,Intas Pharmaceuticals Ltd,nerve-pain-medicines,Peripheral Neuropathy,TRUE,TRUE,FALSE,SCHEDULE H1,3503738,357.32,TRUE,526,live,409.69,311.36,24,true,5,Guaranteed Delivery,20
7587,Dope 5Mg Strip Of 10 Tablets,dope-5mg-tablet-7587,Donepezil 5mg,Donepezil,10 Units in Strip,Tablet,D D Pharmaceuticals,neurological-medicines,Alzheimer Disease,TRUE,TRUE,FALSE,SCHEDULE H,,129,TRUE,527,live,129,96.75,25,false,2,Out of Stock,20
48770,Gitar G1 Tablets,gitar-g1-tab-48770,Glimepiride + Pioglitazone,,10 Units in Strip,Tablet,Comed Chemicals Pvt Ltd,anti-diabetic-medicines,Other,TRUE,TRUE,FALSE,SCHEDULE H,,,TRUE,528,live,0,0,0,false,2,Out of Stock,20
164618,Neram 0.5Mg Tablets,neram-0-5mg-tab-164618,Alprazolam,,30 Units in Strip,Tablet,Genix,mental-health-medicines,Anti-Anxiety,TRUE,TRUE,FALSE,SCHEDULE H1,,,FALSE,530,live,0,0,0,false,1,We do not sell this product,20
1690,Femella 20Mg Tablet,femella-20mg-tablet-1690,Simvastatin 20mg,Simvastatin,10 Units in Strip,Tablet,Akumentis Healthcare Ltd,cholesterol-medicines,Statins,TRUE,TRUE,FALSE,SCHEDULE H,,108.0,TRUE,531,live,108,81,25,false,2,Out of Stock,18
52502,Lda 75Mg Tablet,lda-75mg-tablet-52502,Aspirin / Acetyl Salicylic Acid 75mg,Aspirin / Acetyl Salicylic Acid,14 Units in Strip,Tablet,Astrazeneca Pharma India Ltd,blood-thinners,Anti-Platelet,TRUE,TRUE,FALSE,SCHEDULE H,,7,TRUE,532,live,7,5.95,15,false,2,Out of Stock,20
22437,Pipra A 15Mg Tablet,pipra-a-15mg-tablet-22437,Aripiprazole 15mg,Aripiprazole,10 Units in Strip,Tablet,Psycormedies,mental-health-medicines,Atypical antipsychotics,TRUE,TRUE,FALSE,SCHEDULE H,,114,FALSE,533,live,114,85.5,25,false,1,We do not sell this product,20
184263,Deplatt A 75Mg Strip Of 15 Tablets,deplatt-a-75mg-tablet-15-s-184263,Clopidogrel 75mg + Aspirin / Acetyl Salicylic Acid 75mg,Clopidogrel+Aspirin / Acetyl Salicylic Acid,15 Units in Strip,Tablet,Torrent Pharmaceuticals Ltd,blood-thinners,Anti-Platelet,TRUE,TRUE,FALSE,SCHEDULE H,3505624,99.59,TRUE,534,live,121.12,90.84,25,true,5,Guaranteed Delivery,20
159601,Vast 10Mg Tablet,vast-10mg-tablet-159601,Atorvastatin 10mg,Atorvastatin,10 Units in Strip,Tablet,Lincoln Pharmaceuticals Ltd,cholesterol-medicines,Statins,TRUE,TRUE,FALSE,SCHEDULE H,,54.6,TRUE,538,live,56.4,42.3,25,false,2,Out of Stock,18
25185,Qutipin 25Mg Strip Of 10 Tablets,qutipin-25mg-tablet-25185,Quetiapine 25mg,Quetiapine,10 Units in Strip,Tablet,Sun Pharma,mental-health-medicines,Atypical antipsychotics,TRUE,TRUE,FALSE,SCHEDULE H,,67.53,FALSE,542,live,75,49.5,34,false,1,We do not sell this product,20
163713,Px 20Mg Tablets,px-20mg-tab-163713,Prednisolone,,10 Units in Strip,Tablet,Aan Pharma Pvt Ltd,steroids,Other,TRUE,TRUE,FALSE,SCHEDULE H,,49.9,TRUE,543,live,49.9,37.42,25,false,2,Out of Stock,20
9928,Glimisave Mv 3.3 Strip Of 10 Tablets,glimisave-mv-3-3-tablet-9928,Glimepiride 3mg + Metformin 500mg + Voglibose 0.3mg,Glimepiride+Voglibose+Metformin,10 Units in Strip,Tablet,Eris Life Sciences Pvt Ltd,anti-diabetic-medicines,Combinations,TRUE,TRUE,FALSE,SCHEDULE H,,161.95,TRUE,545,live,165.21,123.91,25,true,5,Guaranteed Delivery,20
24443,Tlm 40Mg Strip Of 10 Tablets,tlm-40mg-tablet-24443,Telmisartan 40mg,Telmisartan,10 Units in Strip,Tablet,Shine Pharmaceuticals Ltd,blood-pressure-medicines,Angiotensin receptor blockers,TRUE,TRUE,FALSE,SCHEDULE H,3845392,77.03,TRUE,546,live,77.03,57.77,25,false,2,Out of Stock,18
25064,Mirtaz 7.5Mg Strip Of 10 Tablets,mirtaz-7-5mg-tablet-25064,Mirtazapine 7.5mg,Mirtazapine,10 Units in Strip,Tablet,Sun Pharma,mental-health-medicines,Other antidepressants,TRUE,TRUE,FALSE,SCHEDULE H,,93.61,FALSE,547,live,109,81.75,25,false,1,We do not sell this product,20
44693,Duzela 20Mg Strip Of 10 Capsules,duzela-20mg-capsule-44693,Duloxetine 20mg,Duloxetine,10 Units in Strip,Capsule,Sun Pharma,mental-health-medicines,SNRIs,TRUE,TRUE,FALSE,SCHEDULE H,,128.67,FALSE,548,live,155,116.25,25,false,1,We do not sell this product,20
223501,Isolazine 20/37.5Mg Strip Of 15 Tablets,isolazine-tab-15-s-223501,Hydralazine 37.5mg + Isosorbide Dinitrate 20mg,Hydralazine+Isosorbide Dinitrate,15 Units in Strip,Tablet,Lupin,cardiac-medicines,Congestive Heart Failure,TRUE,TRUE,FALSE,SCHEDULE H,3506433,194.05,TRUE,549,live,237.7,178.27,25,true,5,Guaranteed Delivery,20
34358,Amitone 10Mg Strip Of 10 Tablets,amitone-10mg-tablet-34358,Amitriptyline 10mg,Amitriptyline,10 Units in Strip,Tablet,Intas Pharmaceuticals Ltd,mental-health-medicines,Tricyclic antidepressants,TRUE,TRUE,FALSE,SCHEDULE H,,20.48,FALSE,551,live,20.61,15.46,25,false,1,We do not sell this product,20
88734,Df 6Mg Strip Of 10 Tablets,df-6mg-tablet-88734,Deflazacort 6mg,Deflazacort,10 Units in Strip,Tablet,Aakash Pharmaceuticals,steroids,Other,TRUE,FALSE,FALSE,SCHEDULE H,,108.15,TRUE,552,live,108.15,90.85,16,false,2,Out of Stock,20
231620,Eptus 25Mg Strip Of 15 Tablets,eptus-25mg-tablet-15-s-231620,Eplerenone 25mg,Eplerenone,15 Units in Strip,Tablet,Glenmark Pharmaceuticals,cardiac-medicines,Congestive Heart Failure,TRUE,TRUE,FALSE,SCHEDULE H,3507159,590.9,TRUE,555,live,675,506.25,25,true,5,Guaranteed Delivery,20
34274,Amifru 40Mg Strip Of 10 Tablets,amifru-40mg-tablet-34274,Amiloride 5mg + Frusemide / Furosemide 40mg,Amiloride+Frusemide / Furosemide,10 Units in Strip,Tablet,Torrent Pharmaceuticals Ltd,blood-pressure-medicines,Diuretic combinations,TRUE,TRUE,FALSE,SCHEDULE H,3504323,12.04,TRUE,556,live,13.96,11.03,21,true,5,Guaranteed Delivery,20
16435,C Cam 4Mg Tablet,c-cam-4mg-tablet-16435,Lornoxicam 4mg,Lornoxicam,10 Units in Strip,Tablet,Lexus India Organics,bone-and-joint-medicines,Osteoarthritis,TRUE,TRUE,FALSE,SCHEDULE H,,,TRUE,558,live,0,0,0,false,2,Out of Stock,20
32848,Acitrom 0.5Mg Strip Of 10 Tablets,acitrom-0-5mg-tablet-32848,Acenocoumarol 0.5mg,Acenocoumarol,10 Units in Strip,Tablet,Abbott Healthcare Pvt Ltd,blood-thinners,Anti-Coagulant,TRUE,TRUE,FALSE,SCHEDULE H,,68.12,TRUE,559,live,86.92,66.06,24,true,4,Short in Supply. May be delivered late.,20
45134,Eliwel 10Mg Strip Of 10 Tablets,eliwel-10mg-tablet-45134,Amitriptyline 10mg,Amitriptyline,10 Units in Strip,Tablet,Sun Pharma,mental-health-medicines,Tricyclic antidepressants,TRUE,TRUE,FALSE,SCHEDULE H,,26.19,FALSE,560,live,25.42,19.07,25,false,1,We do not sell this product,20
206828,Vogo 0.3Mg Strip Of 15 Tablets,vogo-0-3mg-tab-15-s-206828,Voglibose 0.3mg,Voglibose,15 Units in Strip,Tablet,Alembic Pharmaceuticals Ltd,anti-diabetic-medicines,Alpha-glucosidase inhibitors,TRUE,TRUE,FALSE,SCHEDULE H,3504076,253.37,TRUE,561,live,300,231,23,true,5,Guaranteed Delivery,20
329,Valium 5Mg Tablet,valium-5mg-tablet-329,Diazepam 5mg,Diazepam,10 Units in Strip,Tablet,Abbott Healthcare Pvt Ltd,mental-health-medicines|neurological-medicines,Benzodiazepines,TRUE,TRUE,FALSE,SCHEDULE H1,,17.58,FALSE,562,live,17.06,12.79,25,false,1,We do not sell this product,20
25132,Oxetol 300Mg Strip Of 10 Tablets,oxetol-300mg-tablet-25132,Oxcarbazepine 300mg,Oxcarbazepine,10 Units in Strip,Tablet,Sun Pharma,neurological-medicines,Anti-Epileptic,TRUE,TRUE,FALSE,SCHEDULE H,,132.23,TRUE,563,live,151.88,113.91,25,true,5,Guaranteed Delivery,20
25234,Strocit 500Mg Strip Of 10 Tablets,strocit-500mg-tablet-25234,Citicoline 500mg,Citicoline,10 Units in Strip,Tablet,Sun Pharma,neurological-medicines,Cerebro Protective,TRUE,TRUE,FALSE,SCHEDULE H,,715.14,TRUE,565,live,836,627,25,true,5,Guaranteed Delivery,20
19662,Petril Beta 10Mg Strip Of 10 Tablets,petril-beta-10mg-tablet-19662,Propranolol 10mg + Clonazepam 0.25mg,Clonazepam+Propranolol,10 Units in Strip,Tablet,Micro Labs,mental-health-medicines,Benzodiazepines,TRUE,TRUE,FALSE,SCHEDULE H,4025717,43.32,FALSE,566,live,43.32,32.49,25,false,1,We do not sell this product,20
155470,Polyglot M Tablets,polyglot-m-tab-155470,Gliclazide 80mg + Metformin Hydrochloride 500mg,Gliclazide+Metformin Hydrochloride,10 Units in Strip,Tablet,Servocare,anti-diabetic-medicines,Combinations,TRUE,TRUE,FALSE,SCHEDULE H,,38,TRUE,567,live,38,28.5,25,false,2,Out of Stock,20
13636,Qutan 25Mg Strip Of 10 Tablets,qutan-25mg-tablet-13636,Quetiapine 25mg,Quetiapine,10 Units in Strip,Tablet,Intas Pharmaceuticals Ltd,mental-health-medicines,Atypical antipsychotics,TRUE,TRUE,FALSE,SCHEDULE H,,60.43,FALSE,568,live,74.7,63.49,15,false,1,We do not sell this product,20
71235,Arth 400Mg Tablet,arth-400mg-tablet-71235,Glucosamine 500mg + Chondroitin Sulfate 400mg,Chondroitin Sulfate+Glucosamine,10 Units in Strip,Tablet,Zuventus Health Care Ltd,bone-and-joint-medicines,Osteoarthritis,FALSE,TRUE,FALSE,NON SCHEDULED,,140,TRUE,569,live,14,11.9,15,false,2,Out of Stock,20
19806,Petril Md 0.25Mg Strip Of 10 Tablets,petril-md-0-25mg-tablet-19806,Clonazepam 0.25mg,Clonazepam,10 Units in Strip,Tablet,Micro Labs,mental-health-medicines|neurological-medicines,Benzodiazepines,TRUE,TRUE,FALSE,SCHEDULE H,4025686,25.65,FALSE,570,live,25.65,19.24,25,false,1,We do not sell this product,20
18055,Clonafit Md 0.25Mg Strip Of 10 Tablets,clonafit-md-0-25mg-tablet-18055,Clonazepam 0.25mg,Clonazepam,10 Units in Strip,Tablet,Mankind Pharmaceuticals Ltd,mental-health-medicines|neurological-medicines,Benzodiazepines,TRUE,TRUE,FALSE,SCHEDULE H,,20.51,FALSE,571,live,21.46,16.09,25,false,1,We do not sell this product,20
73184,Val 500Mg Tablets,val-500mg-tab-73184,Sodium Valprorate + Valproicacid,,10 Units in Strip,Tablet,Baroda Pharma Pvt Ltd,neurological-medicines,Anti-Epileptic,TRUE,TRUE,FALSE,SCHEDULE H,,24,TRUE,572,live,24,18,25,false,2,Out of Stock,20
25025,Lonazep 0.25Mg Tablet,lonazep-0-25mg-tablet-25025,Clonazepam 0.25mg,Clonazepam,10 Units in Strip,Tablet,Sun Pharma,mental-health-medicines|neurological-medicines,Benzodiazepines,TRUE,TRUE,FALSE,SCHEDULE H,3501272,23.32,FALSE,574,live,23.32,19.82,15,false,1,We do not sell this product,20
146335,Fill Msm Tablets,fill-msm-tab-146335,Methyl Sulfonylmethane 250mg + Diacerein 50mg + Glucosamine 750mg,Methyl Sulfonylmethane+Diacerein+Glucosamine,10 Units in Strip,Tablet,Olcare Laboratories Pvt Ltd,bone-and-joint-medicines,Osteoarthritis,TRUE,TRUE,FALSE,SCHEDULE H,,129,TRUE,575,live,129,90.3,30,false,2,Out of Stock,18
3006255,B Sone Tablet 10,b-sone-tablet-10-3006255,Betamethasone Sodium Phosphate 0.5mg,Betamethasone Sodium Phosphate,10 Units in Strip,Tablet,Shreya Life Sciences Pvt Ltd,steroids,Other,TRUE,TRUE,FALSE,SCHEDULE H,,6,TRUE,576,live,6,4.5,25,false,2,Out of Stock,20
3037309,Def 6 Mg Tablet 10,def-6-mg-tablet-10-3037309,Deflazacort 6mg,Deflazacort,10 Units in Strip,Tablet,Ortin Laboratories Ltd,steroids,Other,TRUE,TRUE,FALSE,SCHEDULE H,3651007,79,TRUE,577,live,79,59.25,25,false,2,Out of Stock,20
25808,Sizodon Md 0.5Mg Strip Of 10 Tablets,sizodon-md-0-5mg-tablet-25808,Risperidone 0.5mg,Risperidone,10 Units in Strip,Tablet,Sun Pharma,mental-health-medicines,Atypical antipsychotics,TRUE,TRUE,FALSE,SCHEDULE H,,33.97,FALSE,578,live,38.91,29.18,25,false,1,We do not sell this product,20
25804,Sizodon 2Mg Strip Of 10 Tablets,sizodon-2mg-tablet-25804,Risperidone 2mg,Risperidone,10 Units in Strip,Tablet,Sun Pharma,mental-health-medicines,Atypical antipsychotics,TRUE,TRUE,FALSE,SCHEDULE H,,49.81,FALSE,579,live,47.85,40.67,15,false,1,We do not sell this product,20
32626,Aaram 0.25Mg Tablets,aaram-0-25mg-tab-32626,Alprazolam 0.25mg,Alprazolam,10 Units in Strip,Tablet,Bmw Pharmaco India Pvt Ltd,mental-health-medicines,Benzodiazepines,TRUE,TRUE,FALSE,SCHEDULE H1,,37,FALSE,581,live,7.04,5.28,25,false,1,We do not sell this product,20
111210,D Park 2Mg Tablets,d-park-2mg-tab-111210,Trihexyphenidyl / Benzhexol Hydrochloride 2mg,Trihexyphenidyl / Benzhexol Hydrochloride,10 Units in Strip,Tablet,Lia Life Sciences Pvt Ltd,neurological-medicines,Anti-Parkinsonian,TRUE,TRUE,FALSE,SCHEDULE H,,95,TRUE,582,live,95,71.25,25,false,2,Out of Stock,20
222944,Atorva 20Mg Strip Of 15 Tablets,atorva-20mg-tab-15-s-222944,Atorvastatin 20mg,Atorvastatin,15 Units in Strip,Tablet,Zydus Healthcare Limited,cholesterol-medicines,Statins,TRUE,TRUE,FALSE,SCHEDULE H,3506415,215.24,TRUE,583,live,202.54,151.91,25,true,5,Guaranteed Delivery,20
223668,Esram 10Mg Tablets 28'S,esram-10mg-tab-28-s-223668,Escitalopram Oxalate 10mg,Escitalopram Oxalate,28 Units in Strip,Tablet,Sbs Biotech,mental-health-medicines,SSRIs,TRUE,TRUE,FALSE,SCHEDULE H,,78,FALSE,585,live,78,58.5,25,false,1,We do not sell this product,20
112444,Proline 1Mg Tablets,proline-1mg-tab-112444,Lorazepam 1mg,Lorazepam,10 Units in Strip,Tablet,Shine Pharmaceuticals Ltd,mental-health-medicines,Benzodiazepines,TRUE,TRUE,FALSE,SCHEDULE H,,21.2,FALSE,587,live,22.1,16.58,25,false,1,We do not sell this product,20
47598,Flunarin 10Mg Strip Of 10 Tablets,flunarin-10mg-tablet-47598,Flunarizine 10mg,Flunarizine,10 Units in Strip,Tablet,Fdc Limited,migraine-medicines,,TRUE,TRUE,FALSE,SCHEDULE H,,52.86,TRUE,588,live,51.45,41.67,19,true,5,Guaranteed Delivery,20
78531,Artica Strip Of 10 Capsules,artica-capsule-78531,Glucosamine 750mg,Glucosamine,10 Units in Strip,Capsule,Ind Swift Laboratories Ltd,bone-and-joint-medicines,Osteoarthritis,FALSE,TRUE,FALSE,NON SCHEDULED,,38.12,TRUE,589,live,38.12,28.59,25,false,2,Out of Stock,20
45396,Ena 2.5Mg Tablets,ena-2-5mg-tab-45396,Enalapril 2.5mg,Enalapril,10 Units in Strip,Tablet,A.Menarini India,blood-pressure-medicines,ACE inhibitors,TRUE,TRUE,FALSE,SCHEDULE H,,70,TRUE,590,live,1.03,0.77,25,false,2,Out of Stock,20
206392,Dytor Plus 5Mg Strip Of 15 Tablets,dytor-plus-5mg-tab-15-s-206392,Spironolactone 50mg + Torasemide / Torsemide 5mg,Spironolactone+Torasemide / Torsemide,15 Units in Strip,Tablet,Cipla Limited,diuretics,,TRUE,TRUE,FALSE,SCHEDULE H,3504048,89.37,TRUE,592,live,98.62,77.91,21,true,5,Guaranteed Delivery,20
185985,Lopirel 75Mg Tablets,lopirel-75mg-tab-185985,Clopidogrel 75mg,Clopidogrel,10 Units in Strip,Tablet,Incepta Pharmaceuticals Limited,blood-thinners,Anti-Platelet,TRUE,TRUE,FALSE,SCHEDULE H,,,TRUE,594,live,0,0,0,false,2,Out of Stock,20
114645,Vitiate 20Mg Strip Of 10 Tablets,vitiate-20mg-tab-114645,Atorvastatin 20mg,Atorvastatin,10 Units in Strip,Tablet,Avinash Health Products Pvt Ltd,cholesterol-medicines,Statins,TRUE,TRUE,FALSE,SCHEDULE H,,100,TRUE,595,live,100,75,25,false,2,Out of Stock,20
116378,Pih Tablets,pih-tab-116378,Labetalol 100mg,Labetalol,10 Units in Strip,Tablet,Dewcare Concept Pvt Ltd,blood-pressure-medicines,Anti-Hypertensive,TRUE,TRUE,FALSE,SCHEDULE H,,140,TRUE,596,live,140,105,25,false,2,Out of Stock,20
43140,Depsonil 25Mg Strip Of 10 Tablets,depsonil-25mg-tablet-43140,Imipramine 25mg,Imipramine,10 Units in Strip,Tablet,Abbott Healthcare Pvt Ltd,mental-health-medicines,Tricyclic antidepressants,TRUE,TRUE,FALSE,SCHEDULE H,,14.42,FALSE,598,live,17.9,13.42,25,false,1,We do not sell this product,20
167984,Beta 1Mg Tablets,beta-1mg-tab-167984,Betamethasone 1mg,Betamethasone,10 Units in Strip,Tablet,Mefro Pharmaceuticals Pvt Ltd,steroids,Other,TRUE,TRUE,FALSE,SCHEDULE H,,11.9,TRUE,600,live,11.9,8.93,25,false,2,Out of Stock,20
25603,Daztor 10Mg Strip Of 10 Tablets,daztor-10mg-tablet-25603,Vitamin D3 / Cholecalciferol 1000iu + Atorvastatin 10mg,Vitamin D3 / Cholecalciferol+Atorvastatin,10 Units in Strip,Tablet,Sun Pharma,cholesterol-medicines,Statins,TRUE,TRUE,FALSE,SCHEDULE H,,165.55,TRUE,602,live,173.44,143.96,17,true,5,Guaranteed Delivery,20
3018154,Neostigmine 15 Mg Strip Of 10 Tablets,neostigmine-15-mg-tablet-10-3018154,Neostigmine 15mg,Neostigmine,10 Units in Strip,Tablet,Tablets India Ltd,neurological-medicines,Myasthenia Gravis,TRUE,TRUE,FALSE,SCHEDULE H,,51.29,TRUE,604,live,51.29,43.6,15,false,2,Out of Stock,20
13762,Duvanta 20Mg Strip Of 10 Tablets,duvanta-20mg-tablet-13762,Duloxetine 20mg,Duloxetine,10 Units in Strip,Tablet,Intas Pharmaceuticals Ltd,mental-health-medicines,SNRIs,TRUE,TRUE,FALSE,SCHEDULE H,,120.64,FALSE,605,live,141.8,106.35,25,false,1,We do not sell this product,20
33112,Admenta 5Mg Strip Of 10 Tablets,admenta-5mg-tablet-33112,Memantine 5mg,Memantine,10 Units in Strip,Tablet,Sun Pharma,neurological-medicines,Alzheimer Disease,TRUE,TRUE,FALSE,SCHEDULE H,,121.99,TRUE,607,live,131.25,101.06,23,true,5,Guaranteed Delivery,20
48801,Gleam 1Mg Strip Of 10 Tablets,gleam-1mg-tablet-48801,Glimepiride 1mg,Glimepiride,10 Units in Strip,Tablet,Franco Indian Pharmaceuticals Pvt Ltd,anti-diabetic-medicines,Sulfonylureas,TRUE,TRUE,FALSE,SCHEDULE H,,39.26,TRUE,608,live,38.62,30.12,22,true,5,Guaranteed Delivery,20
25112,Oleanz 2.5Mg Strip Of 10 Tablets,oleanz-2-5mg-tablet-25112,Olanzapine 2.5mg,Olanzapine,10 Units in Strip,Tablet,Sun Pharma,mental-health-medicines,Atypical antipsychotics,TRUE,TRUE,FALSE,SCHEDULE H,,45.82,FALSE,610,live,52.5,40.43,23,false,1,We do not sell this product,20
25113,Oleanz 5Mg Strip Of 10 Tablets,oleanz-5mg-tablet-25113,Olanzapine 5mg,Olanzapine,10 Units in Strip,Tablet,Sun Pharma,mental-health-medicines,Atypical antipsychotics,TRUE,TRUE,FALSE,SCHEDULE H,3508706,55.66,FALSE,612,live,60,51,15,false,1,We do not sell this product,20
224040,Feburic 40Mg Strip Of 15 Tablets,feburic-40mg-tab-15-s-224040,Febuxostat 40mg,Febuxostat,15 Units in Strip,Tablet,Ajanta Pharma Limited,gout-medicines,Xanthine oxidase inhibitors,TRUE,TRUE,FALSE,SCHEDULE H,3502078,238.12,TRUE,613,live,238.12,180.97,24,true,5,Guaranteed Delivery,20
13857,Napra D 500Mg Strip Of 10 Tablets,napra-d-500mg-tablet-13857,Domperidone 10mg + Naproxen 500mg,Domperidone+Naproxen,10 Units in Strip,Tablet,Intas Pharmaceuticals Ltd,migraine-medicines,,TRUE,FALSE,FALSE,SCHEDULE H,,111.38,TRUE,614,live,133,105.07,21,true,5,Guaranteed Delivery,20
21475,Ozomet Pg2 Tablets,ozomet-pg2-tab-21475,Glimepiride 2mg + Metformin Hydrochloride 500mg + Pioglitazone 15mg,Glimepiride+Metformin Hydrochloride+Pioglitazone,10 Units in Strip,Tablet,Ozone Pharmaceuticals Ltd,anti-diabetic-medicines,Combinations,TRUE,TRUE,FALSE,SCHEDULE H,3885721,52.73,TRUE,615,live,52.73,36.91,30,false,2,Out of Stock,20
41905,Concor 10Mg Strip Of 10 Tablets,concor-10mg-tablet-41905,Bisoprolol Fumarate 10mg,Bisoprolol Fumarate,10 Units in Strip,Tablet,Merck Limited,blood-pressure-medicines,Beta blockers,TRUE,TRUE,FALSE,SCHEDULE H,,198.64,TRUE,616,live,245.95,189.38,23,true,5,Guaranteed Delivery,20
176518,Depran 10/0.5Mg Strip Of 15 Tablets,depran-10mg-tab-15-s-176518,Escitalopram 10mg + Clonazepam 0.5mg,Escitalopram+Clonazepam,15 Units in Strip,Tablet,Intas Pharmaceuticals Ltd,mental-health-medicines,Combinations,TRUE,TRUE,FALSE,SCHEDULE H,,306.56,FALSE,619,live,306.56,229.92,25,false,1,We do not sell this product,20
83307,Motrin Gb Tablets,motrin-gb-tab-83307,Gabapentin + Mecobalamin (Methylcobalamin),,10 Units in Strip,Tablet,Apotex Pharmachem India Pvt Ltd,nerve-pain-medicines,Peripheral Neuropathy,TRUE,TRUE,FALSE,SCHEDULE H,,115,TRUE,620,live,115,86.25,25,false,2,Out of Stock,20
52751,Lipi 5Mg Tablet,lipi-5mg-tablet-52751,Glipizide 5mg,Glipizide,10 Units in Strip,Tablet,Deys Medical,anti-diabetic-medicines,Sulfonylureas,TRUE,TRUE,FALSE,SCHEDULE H,,5.22,TRUE,621,live,5.22,3.92,25,false,2,Out of Stock,20
8771,Amitrip 25Mg Strip Of 10 Tablets,amitrip-25mg-tablet-8771,Amitriptyline 25mg,Amitriptyline,10 Units in Strip,Tablet,East West Pharmaceuticals Pvt Ltd,mental-health-medicines,Tricyclic antidepressants,TRUE,TRUE,FALSE,SCHEDULE H,,27.7,FALSE,622,live,27.7,20.77,25,false,1,We do not sell this product,20
232700,Vildamac M 50/500Mg Strip Of 15 Tablets,vildamac-m-50-500mg-tablet-15-s-232700,Vildagliptin 50mg + Metformin Hydrochloride 500mg,Vildagliptin+Metformin Hydrochloride,15 Units in Strip,Tablet,Macleods Pharmaceuticals,anti-diabetic-medicines,Combinations,TRUE,TRUE,FALSE,SCHEDULE H,,149.79,TRUE,623,live,187.16,145.98,22,true,5,Guaranteed Delivery,20
226180,Amlopres 5Mg Strip Of 30 Tablets,amlopres-5mg-tablet-30-s-226180,Amlodipine 5mg,Amlodipine,30 Units in Strip,Tablet,Cipla Limited,cardiac-medicines|blood-pressure-medicines,Anti-Anginal,TRUE,TRUE,FALSE,SCHEDULE H,3506771,85.95,TRUE,626,live,80.62,63.69,21,true,5,Guaranteed Delivery,20
26949,Trinicalm Plus Strip Of 10 Tablets,trinicalm-plus-tablet-26949,Trifluoperazine 5mg + Trihexyphenidyl / Benzhexol Hydrochloride 2mg,Trifluoperazine+Trihexyphenidyl / Benzhexol Hydrochloride,10 Units in Strip,Tablet,Torrent Pharmaceuticals Ltd,mental-health-medicines,Anti-Psychotics,TRUE,TRUE,FALSE,SCHEDULE H,,25.68,FALSE,627,live,30.37,25.81,15,false,1,We do not sell this product,20
186451,Seri 100Mg Tablets,seri-100mg-tab-186451,Sertraline 100mg,Sertraline,10 Units in Strip,Tablet,Apex Laboratories Private Limited,mental-health-medicines,SSRIs,TRUE,TRUE,FALSE,SCHEDULE H,,62,FALSE,628,live,62,46.5,25,false,1,We do not sell this product,20
80082,Demisone 0.5Mg Strip Of 10 Tablets,demisone-0-5mg-tablet-80082,Dexamethasone 0.5mg,Dexamethasone,10 Units in Strip,Tablet,Zydus Healthcare Limited,steroids,Other,TRUE,TRUE,FALSE,SCHEDULE H,4019550,2.76,TRUE,630,live,2.31,1.73,25,true,5,Guaranteed Delivery,20
186125,Repose 50Mg Tablets,repose-50mg-tab-186125,Sertraline 50mg,Sertraline,10 Units in Strip,Tablet,Incepta Pharmaceuticals Limited,mental-health-medicines,SSRIs,TRUE,TRUE,FALSE,SCHEDULE H,,97,FALSE,631,live,97,72.75,25,false,1,We do not sell this product,20
211628,Epilive 500Mg Strip Of 15 Tablets,epilive-500mg-tab-15-s-211628,Levetiracetam 500mg,Levetiracetam,15 Units in Strip,Tablet,Lupin,neurological-medicines,Anti-Epileptic,TRUE,TRUE,FALSE,SCHEDULE H,3503409,213.7,TRUE,632,live,209.25,156.94,25,true,5,Guaranteed Delivery,20
47605,Flunil 20Mg Strip Of 10 Capsules,flunil-20mg-capsule-47605,Fluoxetine 20mg,Fluoxetine,10 Units in Strip,Capsule,Intas Pharmaceuticals Ltd,mental-health-medicines,SSRIs,TRUE,TRUE,FALSE,SCHEDULE H,,43.97,FALSE,634,live,42.95,32.21,25,false,1,We do not sell this product,20
11678,Doxovent 400Mg Strip Of 10 Tablets,doxovent-400mg-tablet-11678,Doxofylline 400mg,Doxofylline,10 Units in Strip,Tablet,Glenmark Pharmaceuticals,respiratory-medicines,Xanthines,TRUE,TRUE,FALSE,SCHEDULE H,,33,TRUE,636,live,38.44,31.14,19,true,5,Guaranteed Delivery,20
219495,Amantrel 100Mg Strip Of 15 Tablets,amantrel-tab-15-s-219495,Amantadine 100mg,Amantadine,15 Units in Strip,Tablet,Cipla Limited,neurological-medicines,Anti-Parkinsonian,TRUE,TRUE,FALSE,SCHEDULE H,3503573,243.17,TRUE,637,live,277.33,208,25,true,5,Guaranteed Delivery,20
25824,D Veniz 50Mg Strip Of 10 Tablets,d-veniz-50mg-tablet-25824,Desvenlafaxine 50mg,Desvenlafaxine,10 Units in Strip,Tablet,Sun Pharma,mental-health-medicines,SNRIs,TRUE,TRUE,FALSE,SCHEDULE H,,187,FALSE,639,live,223,167.25,25,false,1,We do not sell this product,20
25796,Prodep 20Mg Strip Of 10 Capsules,prodep-20mg-capsule-25796,Fluoxetine 20mg,Fluoxetine,10 Units in Strip,Capsule,Sun Pharma,mental-health-medicines,SSRIs,TRUE,TRUE,FALSE,SCHEDULE H,,42.87,FALSE,641,live,41.89,31.42,25,false,1,We do not sell this product,20
151903,Mec P Strip Of 10 Capsules,mec-p-cap-151903,Mecobalamin (Methylcobalamin) + Pregabalin,,10 Units in Strip,Capsule,Symbiosis Life Sciences Ltd,nerve-pain-medicines,Peripheral Neuropathy,TRUE,TRUE,FALSE,SCHEDULE H1,,149,TRUE,643,live,149,111.75,25,false,2,Out of Stock,20
161102,Gabavolt Sr Tablets,gabavolt-sr-tab-161102,Mecobalamin (Methylcobalamin) + Pregabalin,,10 Units in Strip,Tablet,Macmillon Pharmaceuticals,nerve-pain-medicines,Peripheral Neuropathy,TRUE,TRUE,FALSE,SCHEDULE H1,,154,TRUE,645,live,154,115.5,25,false,2,Out of Stock,20
48020,Fruselac Strip Of 10 Tablets,fruselac-tablet-48020,Spironolactone 50mg + Frusemide / Furosemide 20mg,Spironolactone+Frusemide / Furosemide,10 Units in Strip,Tablet,Lupin,diuretics,,TRUE,TRUE,FALSE,SCHEDULE H,,55.18,TRUE,646,live,63.75,49.09,23,true,5,Guaranteed Delivery,20
25092,Nexito Ls 0.25/10Mg Strip Of 10 Tablets,nexito-ls-tablet-25092,Clonazepam 0.25mg + Escitalopram 10mg,Escitalopram+Clonazepam,10 Units in Strip,Tablet,Sun Pharma,mental-health-medicines,Combinations,TRUE,TRUE,FALSE,SCHEDULE H,4597256,161,FALSE,647,live,165.94,124.45,25,false,1,We do not sell this product,20
27669,Trika 0.25Mg Strip Of 15 Tablets,trika-0-25mg-tablet-27669,Alprazolam 0.25mg,Alprazolam,15 Units in Strip,Tablet,Torrent Pharmaceuticals Ltd,mental-health-medicines,Benzodiazepines,TRUE,TRUE,FALSE,SCHEDULE H1,4303567,26.71,FALSE,648,live,39.84,29.88,25,false,1,We do not sell this product,20
6321,Restyl 0.25Mg Strip Of 15 Tablets,restyl-0-25mg-tablet-6321,Alprazolam 0.25mg,Alprazolam,15 Units in Strip,Tablet,Cipla Limited,mental-health-medicines,Benzodiazepines,TRUE,TRUE,FALSE,SCHEDULE H1,,25.56,FALSE,649,live,29.03,21.77,25,false,1,We do not sell this product,20
77982,Entp 10Mg Tablets,entp-10mg-tab-77982,Enalapril 10mg,Enalapril,10 Units in Strip,Tablet,Taurus Laboratories Pvt Ltd,blood-pressure-medicines,ACE inhibitors,TRUE,TRUE,FALSE,SCHEDULE H,,21,TRUE,651,live,21,15.75,25,false,2,Out of Stock,20
228847,Jalra M 50/500Mg Strip Of 15 Tablets,jalra-m-50-500mg-tablet-15-s-228847,Vildagliptin 50mg + Metformin Hydrochloride 500mg,Vildagliptin+Metformin Hydrochloride,15 Units in Strip,Tablet,Usv Pvt Ltd,anti-diabetic-medicines,Combinations,TRUE,TRUE,FALSE,SCHEDULE H,3506897,326.55,TRUE,652,live,326.4,244.8,25,true,5,Guaranteed Delivery,20
211000,Cloba 10Mg Strip Of 15 Tablets,cloba-10mg-tab-15-s-211000,Clobazam 10mg,Clobazam,15 Units in Strip,Tablet,Intas Pharmaceuticals Ltd,mental-health-medicines|neurological-medicines,Anti-Anxiety,TRUE,TRUE,FALSE,SCHEDULE H,3492647,149.65,FALSE,653,live,158.76,119.07,25,false,1,We do not sell this product,20
26874,Symbal 20Mg Strip Of 10 Tablets,symbal-20mg-tablet-26874,Duloxetine 20mg,Duloxetine,10 Units in Strip,Tablet,Torrent Pharmaceuticals Ltd,mental-health-medicines,SNRIs,TRUE,TRUE,FALSE,SCHEDULE H,,133.87,FALSE,655,live,157.6,118.2,25,false,1,We do not sell this product,20
25171,Predmet 16Mg Strip Of 10 Tablets,predmet-16mg-tablet-25171,Methylprednisone / Methylprednisolone 16mg,Methylprednisone / Methylprednisolone,10 Units in Strip,Tablet,Sun Pharma,steroids,Other,TRUE,TRUE,FALSE,SCHEDULE H,,116.68,TRUE,656,live,137,110.97,19,true,5,Guaranteed Delivery,20
24070,Amaryl 2Mg Strip Of 30 Tablets,amaryl-2mg-tab-30-s-24070,Glimepiride 2mg,Glimepiride,30 Units in Strip,Tablet,Emcure Pharmaceuticals Ltd,anti-diabetic-medicines,Sulfonylureas,TRUE,TRUE,FALSE,SCHEDULE H,3503719,195.18,TRUE,659,live,185.55,141.02,24,true,5,Guaranteed Delivery,20
43985,Divaa 250Mg Strip Of 10 Tablets,divaa-250mg-tablet-43985,Valproic Acid / Valproate 250mg,Valproic Acid / Valproate,10 Units in Strip,Tablet,Intas Pharmaceuticals Ltd,neurological-medicines,Anti-Epileptic,TRUE,TRUE,FALSE,SCHEDULE H,3501125,144.72,TRUE,660,live,131.25,98.44,25,false,2,Out of Stock,20
45444,Encorate Chrono 300Mg Strip Of 10 Tablets,encorate-chrono-300mg-tablet-45444,Sodium Valproate 200mg + Valproic Acid / Valproate 87mg,Sodium Valproate+Valproic Acid / Valproate,10 Units in Strip,Tablet,Sun Pharma,neurological-medicines,Anti-Epileptic,TRUE,TRUE,FALSE,SCHEDULE H,,70.08,TRUE,662,live,65.46,50.4,23,true,5,Guaranteed Delivery,20
8770,Amitrip 10Mg Strip Of 10 Tablets,amitrip-10mg-tablet-8770,Amitriptyline 10mg,Amitriptyline,10 Units in Strip,Tablet,East West Pharmaceuticals Pvt Ltd,mental-health-medicines,Tricyclic antidepressants,TRUE,TRUE,FALSE,SCHEDULE H,,26.57,FALSE,663,live,26.57,19.93,25,false,1,We do not sell this product,20
25706,Gemer 0.5Mg Strip Of 10 Tablets,gemer-0-5mg-tablet-25706,Glimepiride 0.5mg + Metformin Hydrochloride 500mg,Metformin Hydrochloride+Glimepiride,10 Units in Strip,Tablet,Sun Pharma,anti-diabetic-medicines,Combinations,TRUE,TRUE,FALSE,SCHEDULE H,,38.01,TRUE,664,live,43,32.68,24,true,5,Guaranteed Delivery,20
16805,Stalopam 10Mg Strip Of 10 Tablets,stalopam-10mg-tablet-16805,Citalopram 10mg,Citalopram,10 Units in Strip,Tablet,Lupin,mental-health-medicines,SSRIs,TRUE,TRUE,FALSE,SCHEDULE H,,99.7,FALSE,665,live,96.05,72.04,25,false,1,We do not sell this product,20
25538,Labebet 100Mg Strip Of 10 Tablets,labebet-100mg-tablet-25538,Labetalol 100mg,Labetalol,10 Units in Strip,Tablet,Sun Pharma,blood-pressure-medicines,Anti-Hypertensive,TRUE,TRUE,FALSE,SCHEDULE H,,169.7,TRUE,667,live,162.89,123.8,24,true,5,Guaranteed Delivery,20
11460,Zyloric 300Mg Strip Of 10 Tablets,zyloric-300mg-tablet-11460,Allopurinol 300mg,Allopurinol,10 Units in Strip,Tablet,Glaxosmithkline,gout-medicines,Xanthine oxidase inhibitors,TRUE,TRUE,FALSE,SCHEDULE H,,71.39,TRUE,669,live,60.02,47.42,21,true,5,Guaranteed Delivery,20
25802,Sizodon Plus Strip Of 10 Tablets,sizodon-plus-tablet-25802,Risperidone 3mg + Trihexyphenidyl / Benzhexol Hydrochloride 2mg,Risperidone+Trihexyphenidyl / Benzhexol Hydrochloride,10 Units in Strip,Tablet,Sun Pharma,mental-health-medicines,Atypical antipsychotics,TRUE,TRUE,FALSE,SCHEDULE H,,103.56,FALSE,670,live,120,90,25,false,1,We do not sell this product,20
4710,Losatan 50Mg Strip Of 10 Tablets,losatan-50mg-tablet-4710,Losartan 50mg,Losartan,10 Units in Strip,Tablet,Biochem Pharmaceutical Industries,blood-pressure-medicines,Angiotensin receptor blockers,TRUE,TRUE,FALSE,SCHEDULE H,4674570,87.34,TRUE,671,live,90.52,65.17,28,true,4,Short in Supply. May be delivered late.,18
11622,Pepar 30Mg Tablet,pepar-30mg-tablet-11622,Pioglitazone 30mg,Pioglitazone,10 Units in Strip,Tablet,Glenmark Pharmaceuticals,anti-diabetic-medicines,Thiazolidinediones,TRUE,TRUE,FALSE,SCHEDULE H,,64.6,TRUE,672,live,41,30.75,25,false,2,Out of Stock,20
25060,Mirtaz 15Mg Strip Of 10 Tablets,mirtaz-15mg-tablet-25060,Mirtazapine 15mg,Mirtazapine,10 Units in Strip,Tablet,Sun Pharma,mental-health-medicines,Other antidepressants,TRUE,TRUE,FALSE,SCHEDULE H,,132.24,FALSE,674,live,145,118.9,18,false,1,We do not sell this product,20
43635,Dicorate Er 250Mg Strip Of 10 Tablets,dicorate-er-250mg-tablet-43635,Valproic Acid / Valproate 250mg,Valproic Acid / Valproate,10 Units in Strip,Tablet,Sun Pharma,neurological-medicines,Anti-Epileptic,TRUE,TRUE,FALSE,SCHEDULE H,,109.43,TRUE,675,live,132,104.28,21,true,5,Guaranteed Delivery,20
3797,Amlosafe 3D Strip Of 7 Tablets,amlosafe-3d-tablet-3797,Telmisartan 40mg + Amlodipine 5mg + Hydrochlorothiazide 12.5mg,Amlodipine+Hydrochlorothiazide+Telmisartan,7 Units in Strip,Tablet,Aristo Pharmaceuticals Pvt Ltd,blood-pressure-medicines,Combinations,TRUE,TRUE,FALSE,SCHEDULE H,,73.96,TRUE,676,live,87.5,66.5,24,true,5,Guaranteed Delivery,20
212689,Reclide Xr 60Mg Strip Of 15 Tablets,reclide-xr-60mg-tab-15-s-212689,Gliclazide 60mg,Gliclazide,15 Units in Strip,Tablet,Dr Reddy'S Laboratories Ltd,anti-diabetic-medicines,Sulfonylureas,TRUE,TRUE,FALSE,SCHEDULE H,3502427,241.89,TRUE,678,live,297,222.75,25,true,5,Guaranteed Delivery,20
229226,Calaptin Sr 120Mg Strip Of 15 Tablets,calaptin-sr-120mg-tablet-15-s-229226,Verapamil 120mg,Verapamil,15 Units in Strip,Tablet,Entero Healthcare Solutions Private Limited,blood-pressure-medicines,Anti-Hypertensive,TRUE,TRUE,FALSE,SCHEDULE H,3506921,80.32,TRUE,680,live,95.86,75.73,21,true,5,Guaranteed Delivery,20
8012,Dipi At Strip Of 10 Tablets,dipi-at-tablet-8012,Amlodipine 5mg + Atenolol 50mg,Amlodipine+Atenolol,10 Units in Strip,Tablet,Divine Savior Pvt Ltd,blood-pressure-medicines,Combinations,TRUE,TRUE,FALSE,SCHEDULE H,,26.4,TRUE,681,live,26.4,19.8,25,false,2,Out of Stock,18
13559,Lopez 2Mg Strip Of 10 Tablets,lopez-2mg-tablet-13559,Lorazepam 2mg,Lorazepam,10 Units in Strip,Tablet,Intas Pharmaceuticals Ltd,mental-health-medicines,Benzodiazepines,TRUE,TRUE,FALSE,SCHEDULE H,,23.12,FALSE,682,live,27.26,20.45,25,false,1,We do not sell this product,20
16003,Vogliboz 0.3Mg Strip Of 10 Tablets,vogliboz-0-3mg-tablet-16003,Voglibose 0.3mg,Voglibose,10 Units in Strip,Tablet,Knoll Healthcare Pvt Ltd,anti-diabetic-medicines,Alpha-glucosidase inhibitors,TRUE,TRUE,FALSE,SCHEDULE H,,120.82,TRUE,683,live,113,62.15,45,true,5,Guaranteed Delivery,20
125875,Eto 10Mg Tablets,eto-10mg-tab-125875,Atorvastatin 10mg,Atorvastatin,10 Units in Strip,Tablet,Elisa Biotech Pvt Ltd,cholesterol-medicines,Statins,TRUE,TRUE,FALSE,SCHEDULE H,,105,TRUE,684,live,105,86.1,18,false,2,Out of Stock,20
93020,Sirt 50Mg Tablets,sirt-50mg-tab-93020,Sertraline,,10 Units in Strip,Tablet,Aan Pharma Pvt Ltd,mental-health-medicines,Anti-Depressant,TRUE,TRUE,FALSE,SCHEDULE H,,130,FALSE,685,live,130,97.5,25,false,1,We do not sell this product,20
28508,Tazloc Beta 50Mg Strip Of 10 Tablets,tazloc-beta-50mg-tablet-28508,Telmisartan 40mg + Metoprolol 50mg,Telmisartan+Metoprolol,10 Units in Strip,Tablet,Usv Pvt Ltd,blood-pressure-medicines,Combinations,TRUE,TRUE,FALSE,SCHEDULE H,,198.22,TRUE,686,live,206.63,154.97,25,true,5,Guaranteed Delivery,20
28898,Sensival P Strip Of 10 Tablets,sensival-p-tablet-28898,Pregabalin 75mg + Nortriptyline 10mg,Pregabalin+Nortriptyline,10 Units in Strip,Tablet,Wallace Pharmaceuticals,nerve-pain-medicines,Peripheral Neuropathy,TRUE,TRUE,FALSE,SCHEDULE H1,,228.7,TRUE,688,live,262.5,220.5,16,true,5,Guaranteed Delivery,20
28854,Sensival 25Mg Strip Of 10 Tablets,sensival-25mg-tablet-28854,Nortriptyline 25mg,Nortriptyline,10 Units in Strip,Tablet,Wallace Pharmaceuticals,mental-health-medicines,Tricyclic antidepressants,TRUE,TRUE,FALSE,SCHEDULE H,,52.19,FALSE,689,live,60,51,15,false,1,We do not sell this product,20
202884,Pgl M 150Mg Strip Of 10 Capsules,pgl-m-150-mg-capsule-10-202884,Pregabalin 150mg + Benfotiamine 7.5mg + Vitamin B6 / Pyridoxine 1.5mg + Vitamin B9 / Folic Acid / Folate 0.75mg + Vitamin B12 / Mecobalamin / Cynocobalamin / Methylcobalamin 750mcg,Vitamin B6 / Pyridoxine+Pregabalin+Benfotiamine+Vitamin B9 / Folic Acid / Folate+Vitamin B12 / Mecobalamin / Cynocobalamin / Methylcobalamin,10 Units in Strip,Capsule,Tas Med India Pvt Ltd,nerve-pain-medicines,Peripheral Neuropathy,TRUE,TRUE,FALSE,SCHEDULE H1,,129.46,TRUE,690,live,145,108.75,25,false,2,Out of Stock,20
25074,Montek 10Mg Strip Of 10 Tablets,montek-10mg-tablet-25074,Montelukast 10mg,Montelukast,10 Units in Strip,Tablet,Sun Pharma,respiratory-medicines,Leukotriene antagonists,TRUE,TRUE,FALSE,SCHEDULE H,,190.52,TRUE,691,live,176.65,139.55,21,true,5,Guaranteed Delivery,20
3015841,Dik 50 Mg Tablet 10,dik-50-mg-tablet-10-3015841,Diacerein 50mg,Diacerein,10 Units in Strip,Tablet,Remex Pharmaceuticals Ltd,bone-and-joint-medicines,Osteoarthritis,TRUE,TRUE,FALSE,SCHEDULE H,,14,TRUE,692,live,14,10.5,25,false,2,Out of Stock,20
7613,Ona 0.5Mg Tablet,ona-0-5mg-tablet-7613,Clonazepam 0.5mg,Clonazepam,10 Units in Strip,Tablet,D D Pharmaceuticals,mental-health-medicines|neurological-medicines,Benzodiazepines,TRUE,TRUE,FALSE,SCHEDULE H,,31.58,FALSE,697,live,34.72,26.04,25,false,1,We do not sell this product,20
2594,Newcita Plus Strip Of 10 Tablets,newcita-plus-tablet-2594,Escitalopram 10mg + Clonazepam 0.5mg,Escitalopram+Clonazepam,10 Units in Strip,Tablet,Alkem Laboratories Ltd,mental-health-medicines,Combinations,TRUE,TRUE,FALSE,SCHEDULE H,4692796,170.41,FALSE,698,live,181.87,136.4,25,false,1,We do not sell this product,20
25337,Zeptol Cr 200Mg Strip Of 10 Tablets,zeptol-cr-200mg-tablet-25337,Carbamazepine 200mg,Carbamazepine,10 Units in Strip,Tablet,Sun Pharma,neurological-medicines,Anti-Epileptic,TRUE,TRUE,FALSE,SCHEDULE H,,26.36,TRUE,699,live,25.68,19.52,24,true,5,Guaranteed Delivery,20
25354,Zosert 50Mg Strip Of 10 Tablets,zosert-50mg-tablet-25354,Sertraline 50mg,Sertraline,10 Units in Strip,Tablet,Sun Pharma,mental-health-medicines,SSRIs,TRUE,TRUE,FALSE,SCHEDULE H,,122.48,FALSE,700,live,135,101.25,25,false,1,We do not sell this product,20
23634,Serenace 0.25Mg Strip Of 10 Tablets,serenace-0-25mg-tablet-23634,Haloperidol 0.25mg,Haloperidol,10 Units in Strip,Tablet,Rpg Life Sciences Ltd,mental-health-medicines,Anti-Psychotics,TRUE,TRUE,FALSE,SCHEDULE H,3738955,21,FALSE,703,live,39.23,29.42,25,false,1,We do not sell this product,20
206131,Depran L Strip Of 15 Tablets,depran-l-tablet-15-206131,Citalopram + Clonazepam,Citalopram+Clonazepam,15 Units in Strip,Tablet,Intas Pharmaceuticals Ltd,mental-health-medicines,Combinations,TRUE,TRUE,FALSE,SCHEDULE H,,162.2,FALSE,704,live,201.8,151.35,25,false,1,We do not sell this product,20
14006,Depran L Tablet,depran-l-tablet-14006,Citalopram 5mg + Clonazepam 0.25mg,Citalopram+Clonazepam,10 Units in Strip,Tablet,Intas Pharmaceuticals Ltd,mental-health-medicines,Combinations,TRUE,TRUE,FALSE,SCHEDULE H,,136,FALSE,705,live,136,102,25,false,1,We do not sell this product,20
27549,Nootropil 800Mg Strip Of 30 Tablets,nootropil-800mg-tablet-27549,Piracetam 800mg,Piracetam,30 Units in Strip,Tablet,Dr Reddy'S Laboratories Ltd,neurological-medicines,Alzheimer Disease,TRUE,TRUE,FALSE,SCHEDULE H,,902.85,TRUE,707,live,1084.21,813.16,25,true,5,Guaranteed Delivery,20
25831,D Venizep 50Mg Strip Of 10 Tablets,d-venizep-50mg-tablet-25831,Desvenlafaxine 50mg + Clonazepam 0.5mg,Clonazepam+Desvenlafaxine,10 Units in Strip,Tablet,Sun Pharma,mental-health-medicines,Combinations,TRUE,TRUE,FALSE,SCHEDULE H,,187.17,FALSE,708,live,215.62,161.72,25,false,1,We do not sell this product,20
9939,Glimisave M2 Strip Of 15 Tablets,glimisave-m2-tablet-15-s-9939,Metformin Hydrochloride 500mg + Glimepiride 2mg,Metformin Hydrochloride+Glimepiride,15 Units in Strip,Tablet,Eris Life Sciences Pvt Ltd,anti-diabetic-medicines,Combinations,TRUE,TRUE,FALSE,SCHEDULE H,3502406,209.08,TRUE,709,live,249.1,196.79,21,true,5,Guaranteed Delivery,20
114641,Slew 20Mg Tablets,slew-20mg-tab-114641,Telmisartan 20mg,Telmisartan,10 Units in Strip,Tablet,Avinash Health Products Pvt Ltd,blood-pressure-medicines,Angiotensin receptor blockers,TRUE,TRUE,FALSE,SCHEDULE H,,35.26,TRUE,710,live,35.26,29.97,15,false,2,Out of Stock,20
38465,Bupron Xl 150Mg Strip Of 10 Tablets,bupron-xl-150mg-tab-38465,Bupropion 150mg,Bupropion,10 Units in Strip,Tablet,Sun Pharma,mental-health-medicines,Other antidepressants,TRUE,TRUE,FALSE,SCHEDULE H,,188.22,FALSE,712,live,221,165.75,25,false,1,We do not sell this product,20
188672,Finobrate 160Mg Strip Of 10 Tablets,finobrate-160mg-tablet-188672,Fenofibrate 160mg,Fenofibrate,10 Units in Strip,Tablet,Knoll Healthcare Pvt Ltd,cholesterol-medicines,Fibrates,TRUE,TRUE,FALSE,SCHEDULE H,4032121,138.25,TRUE,714,live,129.5,93.24,28,true,5,Guaranteed Delivery,20
25148,Paxidep Cr 12.5Mg Strip Of 10 Tablets,paxidep-cr-12-5mg-tablet-25148,Paroxetine 12.5mg,Paroxetine,10 Units in Strip,Tablet,Sun Pharma,mental-health-medicines,SSRIs,TRUE,TRUE,FALSE,SCHEDULE H,,181.63,FALSE,715,live,221,165.75,25,false,1,We do not sell this product,20
3038552,Sate 25 Mg Tablet 10,sate-25-mg-tablet-10-3038552,Sertraline 25mg,Sertraline,10 Units in Strip,Tablet,Theo Pharma Pvt Ltd,mental-health-medicines,SSRIs,TRUE,TRUE,FALSE,SCHEDULE H,,30,FALSE,716,live,30,22.5,25,false,1,We do not sell this product,20
216667,Cetanil T 40/10Mg Strip Of 15 Tablets,cetanil-t-40-10mg-tablet-15-s-216667,Cilnidipine 10mg + Telmisartan 40mg,Cilnidipine+Telmisartan,15 Units in Strip,Tablet,Alembic Pharmaceuticals Ltd,blood-pressure-medicines,Combinations,TRUE,TRUE,FALSE,SCHEDULE H,3506015,224.69,TRUE,717,live,251.44,191.09,24,true,5,Guaranteed Delivery,20
25436,Duzela M 30Mg Strip Of 10 Capsules,duzela-m-30mg-capsule-25436,Duloxetine 30mg + Vitamin B12 / Mecobalamin / Cynocobalamin / Methylcobalamin 1.5mg,Duloxetine+Vitamin B12 / Mecobalamin / Cynocobalamin / Methylcobalamin,10 Units in Strip,Capsule,Sun Pharma,nerve-pain-medicines,Peripheral Neuropathy,TRUE,TRUE,FALSE,SCHEDULE H,,186.85,FALSE,718,live,231,173.25,25,false,1,We do not sell this product,20
25643,Panazep 12.5Mg Strip Of 10 Tablets,panazep-12-5mg-tablet-25643,Paroxetine 12.5mg + Clonazepam 0.5mg,Paroxetine+Clonazepam,10 Units in Strip,Tablet,Sun Pharma,mental-health-medicines,Combinations,TRUE,TRUE,FALSE,SCHEDULE H,,174.44,FALSE,719,live,211.87,158.9,25,false,1,We do not sell this product,20
153083,Ltp 50Mg Strip Of 10 Tablets,ltp-50mg-tab-153083,Losartan 50mg,Losartan,10 Units in Strip,Tablet,Sigman Wellness,blood-pressure-medicines,Angiotensin receptor blockers,TRUE,TRUE,FALSE,SCHEDULE H,,47,TRUE,720,live,47,35.25,25,false,2,Out of Stock,20
25807,Sizodon Ls Strip Of 10 Tablets,sizodon-ls-tablet-25807,Risperidone 2mg + Trihexyphenidyl / Benzhexol Hydrochloride 2mg,Risperidone+Trihexyphenidyl / Benzhexol Hydrochloride,10 Units in Strip,Tablet,Sun Pharma,mental-health-medicines,Atypical antipsychotics,TRUE,TRUE,FALSE,SCHEDULE H,,82.31,FALSE,721,live,96.5,72.38,25,false,1,We do not sell this product,20
25163,Pramipex 0.25Mg Strip Of 10 Tablets,pramipex-0-25mg-tablet-25163,Pramipexole 0.25mg,Pramipexole,10 Units in Strip,Tablet,Sun Pharma,neurological-medicines,Anti-Parkinsonian,TRUE,TRUE,FALSE,SCHEDULE H,,100.32,TRUE,722,live,114,86.64,24,true,5,Guaranteed Delivery,20
2988129,Tamsulosin 0.4Mg Strip Of 10 Medlife Pure Generics Capsules,tamsulosin-0-4-mg-capsule-10-medlife-pure-generics-2988129,Tamsulosin 0.4mg,Tamsulosin,10 Units in Strip,Capsule,Tulip Lab Pvt Ltd,prostate-care-medicines,,TRUE,TRUE,FALSE,SCHEDULE H,,120,TRUE,725,live,120,84,30,false,2,Out of Stock,20
18402,Lipirose 10Mg Strip Of 10 Tablets,lipirose-10mg-tablet-18402,Rosuvastatin 10mg,Rosuvastatin,10 Units in Strip,Tablet,Mankind Pharmaceuticals Ltd,cholesterol-medicines,Statins,TRUE,TRUE,FALSE,SCHEDULE H,,114.17,TRUE,726,live,133.86,101.73,24,true,5,Guaranteed Delivery,20
3036973,Furic (Arex) 40Mg Strip Of 10 Tablets,furic-arex-40-mg-tablet-10-3036973,Febuxostat 40mg,Febuxostat,10 Units in Strip,Tablet,Arex Laboratories Private Limited,gout-medicines,Xanthine oxidase inhibitors,TRUE,TRUE,FALSE,SCHEDULE H,,248.97,TRUE,727,live,248.97,186.73,25,false,2,Out of Stock,20
214943,Endeavours Furic 40Mg Strip Of 15 Tablets,endeavours-furic-40mg-tab-15-s-214943,Febuxostat 40mg,Febuxostat,15 Units in Strip,Tablet,Lupin,gout-medicines,Xanthine oxidase inhibitors,TRUE,TRUE,FALSE,SCHEDULE H,3505831,239.54,TRUE,728,live,264.7,201.17,24,true,5,Guaranteed Delivery,20
44702,Dycerin 50Mg Strip Of 10 Capsules,dycerin-50mg-capsule-44702,Diacerein 50mg,Diacerein,10 Units in Strip,Capsule,Integrace Private Limited,bone-and-joint-medicines,Osteoarthritis,TRUE,TRUE,FALSE,SCHEDULE H,,153.02,TRUE,729,live,200,154,23,true,5,Guaranteed Delivery,20
45613,Envas 2.5Mg Strip Of 15 Tablets,envas-2-5mg-tablet-45613,Enalapril 2.5mg,Enalapril,15 Units in Strip,Tablet,Cadila Pharmaceuticals Limited,blood-pressure-medicines,ACE inhibitors,TRUE,TRUE,FALSE,SCHEDULE H,3502443,35.51,TRUE,730,live,35.16,27.07,23,true,5,Guaranteed Delivery,20
105279,Artel 40Mg Strip Of 10 Tablets,artel-40mg-tab-105279,Telmisartan 40mg,Telmisartan,10 Units in Strip,Tablet,Agron Remedies,blood-pressure-medicines,Angiotensin receptor blockers,TRUE,TRUE,FALSE,SCHEDULE H,,45,TRUE,731,live,45,31.5,30,false,2,Out of Stock,20
13935,Etilaam 0.5Mg Strip Of 10 Tablets,etilaam-0-5mg-tablet-13935,Etizolam 0.5mg,Etizolam,10 Units in Strip,Tablet,Intas Pharmaceuticals Ltd,mental-health-medicines,Benzodiazepines,TRUE,TRUE,FALSE,SCHEDULE H,,63.61,FALSE,732,live,72.19,54.14,25,false,1,We do not sell this product,20
48757,Ginkoba 40Mg Strip Of 10 Tablets,ginkoba-40mg-tablet-48757,Ginkgo Biloba 40mg,Ginkgo Biloba,10 Units in Strip,Tablet,Micro Labs,neurological-medicines|vitamins-and-supplements,Cerebro Protective,TRUE,TRUE,FALSE,NON SCHEDULED,,196.02,TRUE,735,live,196.02,137.21,30,false,2,Out of Stock,20
13600,Olimelt 2.5Mg Strip Of 10 Tablets,olimelt-2-5mg-tab-13600,Olanzapine 2.5mg,Olanzapine,10 Units in Strip,Tablet,Intas Pharmaceuticals Ltd,mental-health-medicines,Atypical antipsychotics,TRUE,TRUE,FALSE,SCHEDULE H,,44.43,FALSE,738,live,56.7,45.36,20,false,1,We do not sell this product,20
51320,Isordil 5Mg Strip Of 10 Tablets,isordil-5mg-tablet-51320,Isosorbide Dinitrate 5mg,Isosorbide Dinitrate,10 Units in Strip,Tablet,Ipca Laboratories,cardiac-medicines,Anti-Anginal,TRUE,TRUE,FALSE,SCHEDULE H,,8.89,TRUE,739,live,8.71,7.23,17,true,5,Guaranteed Delivery,20
229563,Tah 40Mg Strip Of 15 Tablets,tah-40mg-tablet-15-s-229563,Telmisartan 40mg + Amlodipine 5mg + Hydrochlorothiazide 12.5mg,Amlodipine+Hydrochlorothiazide+Telmisartan,15 Units in Strip,Tablet,Intas Pharmaceuticals Ltd,blood-pressure-medicines,Combinations,TRUE,TRUE,FALSE,SCHEDULE H,3507037,270.51,TRUE,741,live,315.94,240.11,24,true,5,Guaranteed Delivery,20
232695,Tah 80Mg Strip Of 15 Tablets,tah-80mg-tablet-15-s-232695,Telmisartan 80mg + Amlodipine 5mg + Hydrochlorothiazide 12.5mg,Amlodipine+Hydrochlorothiazide+Telmisartan,15 Units in Strip,Tablet,Intas Pharmaceuticals Ltd,blood-pressure-medicines,Combinations,TRUE,TRUE,FALSE,SCHEDULE H,3507346,336.31,TRUE,742,live,363.75,301.91,17,true,5,Guaranteed Delivery,20
235086,Teniva M Strip Of 20 Tablets,teniva-m-tablet-20-s-235086,Teneligliptin 20mg + Metformin Hydrochloride 500mg,Teneligliptin+Metformin Hydrochloride,20 Units in Strip,Tablet,Intas Pharmaceuticals Ltd,anti-diabetic-medicines,Combinations,TRUE,TRUE,FALSE,SCHEDULE H,3504785,360.93,TRUE,744,live,433.1,329.16,24,true,5,Guaranteed Delivery,20
25023,Lithosun 300Mg Strip Of 10 Tablets,lithosun-300mg-tablet-25023,Lithium 300mg,Lithium,10 Units in Strip,Tablet,Sun Pharma,mental-health-medicines,Mood stabilisers,TRUE,TRUE,FALSE,SCHEDULE H,,18.59,FALSE,746,live,26.3,21.57,18,false,1,We do not sell this product,20
25105,Oleanz Plus Strip Of 10 Tablets,oleanz-plus-tablet-25105,Fluoxetine 20mg + Olanzapine 5mg,Fluoxetine+Olanzapine,10 Units in Strip,Tablet,Sun Pharma,mental-health-medicines,Combinations,TRUE,TRUE,FALSE,SCHEDULE H,,126.91,FALSE,747,live,149,126.65,15,false,1,We do not sell this product,20
6300,Pletoz 50Mg Strip Of 10 Tablets,pletoz-50mg-tablet-6300,Cilostazol / Cilostazole 50mg,Cilostazol / Cilostazole,10 Units in Strip,Tablet,Cipla Limited,cardiac-medicines,Vasodilating Agent,TRUE,TRUE,FALSE,SCHEDULE H,,162.53,TRUE,750,live,185.39,157.58,15,true,5,Guaranteed Delivery,20
12046,Alendrate 70Mg Tablets,alendrate-70mg-tab-12046,Alendronic Acid / Alendronate 70mg,Alendronic Acid / Alendronate,10 Units in Strip,Tablet,Global Organics,bone-and-joint-medicines,Osteoporosis,TRUE,TRUE,FALSE,SCHEDULE H,,71.08,TRUE,751,live,71.08,60.42,15,false,2,Out of Stock,20
3808,Telvas Ct 40Mg Strip Of 10 Tablets,telvas-ct-40mg-tablet-3808,Telmisartan 40mg + Chlorthalidone / Chlortalidone 12.5mg,Telmisartan+Chlorthalidone / Chlortalidone,10 Units in Strip,Tablet,Aristo Pharmaceuticals Pvt Ltd,blood-pressure-medicines,Combinations,TRUE,TRUE,FALSE,SCHEDULE H,,91.62,TRUE,754,live,99,75.24,24,true,5,Guaranteed Delivery,20
6955,Levepsy 500Mg Strip Of 15 Tablets,levepsy-500mg-tablet-6955,Levetiracetam 500mg,Levetiracetam,15 Units in Strip,Tablet,Cipla Limited,neurological-medicines,Anti-Epileptic,TRUE,TRUE,FALSE,SCHEDULE H,3501346,180.01,TRUE,755,live,181.44,136.08,25,true,5,Guaranteed Delivery,20
2411,Melzap Md 0.25Mg Strip Of 10 Tablets,melzap-md-0-25mg-tablet-2411,Clonazepam 0.25mg,Clonazepam,10 Units in Strip,Tablet,Alkem Laboratories Ltd,mental-health-medicines|neurological-medicines,Benzodiazepines,TRUE,TRUE,FALSE,SCHEDULE H,3657788,20.38,FALSE,757,live,20.38,17.32,15,false,1,We do not sell this product,20
162072,Ormipro 5Mg Tablets,ormipro-5mg-tab-162072,Ramipril 5mg,Ramipril,10 Units in Strip,Tablet,Ortin Laboratories Ltd,blood-pressure-medicines,ACE inhibitors,TRUE,TRUE,FALSE,SCHEDULE H,,109,TRUE,758,live,109,81.75,25,false,2,Out of Stock,20
24431,Aculip H Tablets,aculip-h-tab-24431,Amitriptyline 5mg + Chlordiazepoxide 12.5mg,Amitriptyline+Chlordiazepoxide,20 Units in Strip,Tablet,Shine Pharmaceuticals Ltd,mental-health-medicines,Tricyclic antidepressants,TRUE,TRUE,FALSE,SCHEDULE H1,,24.66,FALSE,759,live,73.2,54.9,25,false,1,We do not sell this product,20
106709,Abh 20Mg Tablets,abh-20mg-tab-106709,Aripiprazole,,10 Units in Strip,Tablet,Psycormedies,mental-health-medicines,Anti-Psychotics,TRUE,TRUE,FALSE,SCHEDULE H,,,FALSE,761,live,0,0,0,false,1,We do not sell this product,20
25683,Toficalm 50Mg Strip Of 10 Tablets,toficalm-50mg-tablet-25683,Tofisopam 50mg,Tofisopam,10 Units in Strip,Tablet,Sun Pharma,mental-health-medicines,Anti-Anxiety,TRUE,TRUE,FALSE,SCHEDULE H,,157.94,FALSE,762,live,169.69,144.24,15,false,1,We do not sell this product,20
33109,Admenta 10Mg Strip Of 10 Tablets,admenta-10mg-tablet-33109,Memantine 10mg,Memantine,10 Units in Strip,Tablet,Sun Pharma,neurological-medicines,Alzheimer Disease,TRUE,TRUE,FALSE,SCHEDULE H,,211.89,TRUE,765,live,229.69,176.86,23,true,5,Guaranteed Delivery,20
21862,Neurontin 300Mg Strip Of 10 Capsules,neurontin-300mg-cap-21862,Gabapentin 300mg,Gabapentin,10 Units in Strip,Capsule,Pfizer Limited,nerve-pain-medicines|neurological-medicines,Peripheral Neuropathy,TRUE,TRUE,FALSE,SCHEDULE H,,150.11,TRUE,770,live,150.11,105.08,30,false,2,Out of Stock,20
52498,Lcd 110Mg Strip Of 10 Tablets,lcd-110mg-tablet-52498,Levodopa 100mg + Carbidopa 10mg,Levodopa+Carbidopa,10 Units in Strip,Tablet,Intas Pharmaceuticals Ltd,neurological-medicines,Anti-Parkinsonian,TRUE,TRUE,FALSE,SCHEDULE H,,19.02,TRUE,771,live,18.9,16.06,15,true,5,Guaranteed Delivery,20
37230,Betacap 20Mg Strip Of 10 Tablets,betacap-20mg-tablet-37230,Propranolol 20mg,Propranolol,10 Units in Strip,Tablet,Sun Pharma,cardiac-medicines|blood-pressure-medicines,Anti-Anginal,TRUE,TRUE,FALSE,SCHEDULE H,,34.68,TRUE,772,live,34.07,27.26,20,true,5,Guaranteed Delivery,20
150934,Queency 100Mg Tablets,queency-100mg-tab-150934,Quetiapine 100mg,Quetiapine,10 Units in Strip,Tablet,Tweet India Pharmaceuticals Pvt Ltd,mental-health-medicines,Atypical antipsychotics,TRUE,TRUE,FALSE,SCHEDULE H,,71,FALSE,773,live,71,53.25,25,false,1,We do not sell this product,20
34073,Alzolam 0.5Mg Tablet,alzolam-0-5mg-tablet-34073,Alprazolam 0.5mg,Alprazolam,10 Units in Strip,Tablet,Sun Pharma,mental-health-medicines,Benzodiazepines,TRUE,TRUE,FALSE,SCHEDULE H1,,36.35,FALSE,774,live,41.25,30.94,25,false,1,We do not sell this product,20
24379,Bpc Th Tablet,bpc-th-tablet-24379,Telmisartan 40mg + Hydrochlorothiazide 12.5mg,Telmisartan+Hydrochlorothiazide,10 Units in Strip,Tablet,Serve Pharmaceuticals,blood-pressure-medicines,Combinations,TRUE,TRUE,FALSE,SCHEDULE H,,40.0,TRUE,775,live,45,33.75,25,false,2,Out of Stock,18
25391,Olmezest 40Mg Strip Of 10 Tablets,olmezest-40mg-tablet-25391,Olmesartan Medoxomil 40mg,Olmesartan Medoxomil,10 Units in Strip,Tablet,Sun Pharma,blood-pressure-medicines,Angiotensin receptor blockers,TRUE,TRUE,FALSE,SCHEDULE H,,239.43,TRUE,777,live,277,210.52,24,true,5,Guaranteed Delivery,20
216894,Jalra M 50Mg/1Gm Strip Of 15 Tablets,jalra-m-50mg-1gm-tablet-15-s-216894,Metformin Hydrochloride 1000mg + Vildagliptin 50mg,Vildagliptin+Metformin Hydrochloride,15 Units in Strip,Tablet,Usv Pvt Ltd,anti-diabetic-medicines,Combinations,TRUE,TRUE,FALSE,SCHEDULE H,3506036,428.19,TRUE,779,live,427.8,320.85,25,true,5,Guaranteed Delivery,20
25186,Qutipin 50Mg Strip Of 10 Tablets,qutipin-50mg-tablet-25186,Quetiapine 50mg,Quetiapine,10 Units in Strip,Tablet,Sun Pharma,mental-health-medicines,Atypical antipsychotics,TRUE,TRUE,FALSE,SCHEDULE H,,85.85,FALSE,781,live,93.75,60.94,35,false,1,We do not sell this product,20
22708,Storvas 40Mg Strip Of 10 Tablets,storvas-40mg-tablet-22708,Atorvastatin 40mg,Atorvastatin,10 Units in Strip,Tablet,Ranbaxy Laboratories (Sun Pharma),cholesterol-medicines,Statins,TRUE,TRUE,FALSE,SCHEDULE H,3509328,216.42,TRUE,783,live,207.38,157.61,24,true,5,Guaranteed Delivery,20
122472,Lodi 5Mg Tablet,lodi-5mg-tablet-122472,Amlodipine 5mg,Amlodipine,10 Units in Strip,Tablet,Arvincare Healthcare,blood-pressure-medicines|cardiac-medicines,Calcium channel blockers,TRUE,TRUE,FALSE,SCHEDULE H,,45.0,TRUE,784,live,45,33.75,25,false,2,Out of Stock,20
124053,Maat Tablets,maat-tab-124053,Amlodipine + Atenolol,,10 Units in Strip,Tablet,Beulah Biomedics,blood-pressure-medicines,Anti-Hypertensive,TRUE,TRUE,FALSE,SCHEDULE H,,38,TRUE,785,live,38,28.5,25,false,2,Out of Stock,20
9504,Eslo 2.5Mg Strip Of 15 Tablets,eslo-2-5-tablet-9504,S Amlodipine 2.5mg,S Amlodipine,15 Units in Strip,Tablet,Zuventus Health Care Ltd,cardiac-medicines|blood-pressure-medicines,Anti-Anginal,TRUE,TRUE,FALSE,SCHEDULE H,3502554,100.74,TRUE,787,live,103.35,81.65,21,true,5,Guaranteed Delivery,20
6323,Restyl 1Mg Tablet,restyl-1mg-tablet-6323,Alprazolam 1mg,Alprazolam,10 Units in Strip,Tablet,Cipla Limited,mental-health-medicines,Benzodiazepines,TRUE,TRUE,FALSE,SCHEDULE H1,,47.79,FALSE,788,live,47.79,35.84,25,false,1,We do not sell this product,20
13638,Qutan 50Mg Strip Of 10 Tablets,qutan-50mg-tablet-13638,Quetiapine 50mg,Quetiapine,10 Units in Strip,Tablet,Intas Pharmaceuticals Ltd,mental-health-medicines,Atypical antipsychotics,TRUE,TRUE,FALSE,SCHEDULE H,,88.19,FALSE,789,live,102.19,65.4,36,false,1,We do not sell this product,20
3786,Telvas Beta 50Mg Strip Of 10 Tablets,telvas-beta-50mg-tablet-3786,Telmisartan 40mg + Metoprolol Tartarate 50mg,Telmisartan+Metoprolol Tartarate,10 Units in Strip,Tablet,Aristo Pharmaceuticals Pvt Ltd,blood-pressure-medicines,Combinations,TRUE,TRUE,FALSE,SCHEDULE H,,133.21,TRUE,792,live,145.31,108.98,25,true,5,Guaranteed Delivery,20
205780,Prothiaden 50 Mg Strip Of 15 Tablets,prothiaden-50-mg-tablet-15-205780,Dosulepin / Dothiepin 50mg,Dosulepin / Dothiepin,15 Units in Strip,Tablet,Abbott India Ltd,mental-health-medicines,Tricyclic antidepressants,TRUE,TRUE,FALSE,SCHEDULE H,3502070,329.63,FALSE,795,live,397.49,298.12,25,false,1,We do not sell this product,20
104753,Amil 50Mg Tablets,amil-50mg-tab-104753,Amitriptyline 50mg,Amitriptyline,10 Units in Strip,Tablet,Alar Laboratories Pvt Limited,mental-health-medicines,Tricyclic antidepressants,TRUE,TRUE,FALSE,SCHEDULE H,,1096.5,FALSE,796,live,1096.5,822.38,25,false,1,We do not sell this product,20
25498,Inapure 5Mg Strip Of 10 Tablets,inapure-5mg-tablet-25498,Ivabradine 5mg,Ivabradine,10 Units in Strip,Tablet,Ranbaxy Laboratories (Sun Pharma),cardiac-medicines,Anti-Anginal,TRUE,TRUE,FALSE,SCHEDULE H,,228.22,TRUE,797,live,287,218.12,24,true,5,Guaranteed Delivery,20
222874,Migrabeta Tr 40Mg Strip Of 15 Tablets,migrabeta-tr-40mg-tab-15-s-222874,Propranolol 40mg,Propranolol,15 Units in Strip,Tablet,Alkem Laboratories Ltd,blood-pressure-medicines|cardiac-medicines,Beta blockers,TRUE,TRUE,FALSE,SCHEDULE H,3506385,51.13,TRUE,798,live,51.92,39.98,23,true,5,Guaranteed Delivery,20
13650,Rexipra 5Mg Strip Of 10 Tablets,rexipra-5mg-tablet-13650,Citalopram 5mg,Citalopram,10 Units in Strip,Tablet,Intas Pharmaceuticals Ltd,mental-health-medicines,SSRIs,TRUE,TRUE,FALSE,SCHEDULE H,,55.23,FALSE,799,live,53.97,40.48,25,false,1,We do not sell this product,20
28004,Ambulax Strip Of 15 Tablets,ambulax-tablet-28004,Alprazolam 0.25mg + Propranolol 20mg,Alprazolam+Propranolol,15 Units in Strip,Tablet,Unimarck Pharma India Limited,mental-health-medicines,Benzodiazepines,TRUE,TRUE,FALSE,SCHEDULE H1,,111,FALSE,800,live,114,85.5,25,false,1,We do not sell this product,20
21871,Lipitor 20Mg Strip Of 10 Tablets,lipitor-20mg-tablet-21871,Atorvastatin 20mg,Atorvastatin,10 Units in Strip,Tablet,Pfizer Limited,cholesterol-medicines,Statins,TRUE,TRUE,FALSE,SCHEDULE H,,800,TRUE,801,live,800,680,15,false,2,Out of Stock,12
21876,Lipitor 10Mg Tablet,lipitor-10mg-tablet-21876,Atorvastatin 10mg,Atorvastatin,10 Units in Strip,Tablet,Pfizer Limited,cholesterol-medicines,Statins,TRUE,TRUE,FALSE,SCHEDULE H,,53,TRUE,802,live,55,46.75,15,false,2,Out of Stock,18
159265,B Sert 25Mg Tablets,b-sert-25mg-tab-159265,Sertraline,,10 Units in Strip,Tablet,Biocin Healthcare,mental-health-medicines,Anti-Depressant,TRUE,TRUE,FALSE,SCHEDULE H,,91.05,FALSE,803,live,91.05,68.29,25,false,1,We do not sell this product,20
109577,Atr 20Mg Strip Of 10 Tablets,atr-20mg-tablet-109577,Atorvastatin 20mg,Atorvastatin,10 Units in Strip,Tablet,Knoll Healthcare Pvt Ltd,cholesterol-medicines,Statins,TRUE,TRUE,FALSE,SCHEDULE H,,140.41,TRUE,804,live,131,74.67,43,true,5,Guaranteed Delivery,18
13805,Risdone Plus Strip Of 10 Tablets,risdone-plus-tablet-13805,Risperidone 3mg + Trihexyphenidyl / Benzhexol Hydrochloride 2mg,Risperidone+Trihexyphenidyl / Benzhexol Hydrochloride,10 Units in Strip,Tablet,Intas Pharmaceuticals Ltd,mental-health-medicines,Atypical antipsychotics,TRUE,TRUE,FALSE,SCHEDULE H,,78.2,FALSE,807,live,96.4,72.3,25,false,1,We do not sell this product,20
14131,Etilaam Md 0.25Mg Strip Of 10 Tablets,etilaam-md-0-25mg-tablet-14131,Etizolam 0.25mg,Etizolam,10 Units in Strip,Tablet,Intas Pharmaceuticals Ltd,mental-health-medicines,Benzodiazepines,TRUE,TRUE,FALSE,SCHEDULE H,,31.46,FALSE,809,live,42,31.5,25,false,1,We do not sell this product,20
14062,Etilaam 0.25Mg Strip Of 10 Tablets,etilaam-0-25mg-tablet-14062,Etizolam 0.25mg,Etizolam,10 Units in Strip,Tablet,Intas Pharmaceuticals Ltd,mental-health-medicines,Benzodiazepines,TRUE,TRUE,FALSE,SCHEDULE H,4321271,41,FALSE,810,live,38.44,28.83,25,false,1,We do not sell this product,20
8592,Stamlo T 40Mg Strip Of 10 Tablets,stamlo-t-40mg-tablet-8592,Telmisartan 40mg + Amlodipine 5mg,Telmisartan+Amlodipine,10 Units in Strip,Tablet,Dr Reddy'S Laboratories Ltd,blood-pressure-medicines,Combinations,TRUE,TRUE,FALSE,SCHEDULE H,,202.73,TRUE,811,live,213.98,169.04,21,true,5,Guaranteed Delivery,20
13014,Xenadom 500Mg Strip Of 10 Tablets,xenadom-500mg-tablet-13014,Domperidone 10mg + Naproxen 500mg,Domperidone+Naproxen,10 Units in Strip,Tablet,Icon Lifesciences,migraine-medicines,,TRUE,TRUE,FALSE,SCHEDULE H,,108.02,TRUE,812,live,114.3,97.16,15,true,4,Short in Supply. May be delivered late.,20
3007571,Zora 20 Mg Strip Of 10 Tablets,zora-20-mg-tablet-10-3007571,Atorvastatin 20mg,Atorvastatin,10 Units in Strip,Tablet,Corona Remedies Pvt Ltd,cholesterol-medicines,Statins,TRUE,TRUE,FALSE,SCHEDULE H,,90,TRUE,813,live,90,76.5,15,false,2,Out of Stock,20
39155,Cardivas 25Mg Strip Of 10 Tablets,cardivas-25mg-tablet-39155,Carvedilol 25mg,Carvedilol,10 Units in Strip,Tablet,Ranbaxy Laboratories (Sun Pharma),blood-pressure-medicines,Beta blockers,TRUE,TRUE,FALSE,SCHEDULE H,,198.19,TRUE,814,live,245,183.75,25,true,5,Guaranteed Delivery,20
222896,Avas 10Mg Strip Of 30 Tablets,avas-10mg-tab-30-s-222896,Atorvastatin 10mg,Atorvastatin,30 Units in Strip,Tablet,Micro Labs,cholesterol-medicines,Statins,TRUE,TRUE,FALSE,SCHEDULE H,3506444,171.56,TRUE,815,live,159.3,121.07,24,true,5,Guaranteed Delivery,20
94347,Franxit O 25Mg Tablets,franxit-o-25mg-tab-94347,Amitriptyline 25mg + Chlordiazepoxide 10mg,Amitriptyline+Chlordiazepoxide,10 Units in Strip,Tablet,Intas Pharmaceuticals Ltd,mental-health-medicines,Tricyclic antidepressants,TRUE,TRUE,FALSE,SCHEDULE H1,,31,FALSE,816,live,29.83,22.37,25,false,1,We do not sell this product,20
162442,Orophil Tablets,orophil-tab-162442,Etophylline + Theophylline,,10 Units in Strip,Tablet,Ortin Laboratories Ltd,respiratory-medicines,Anti-Asthmatic,TRUE,TRUE,FALSE,SCHEDULE H,,10,TRUE,819,live,10,7,30,false,2,Out of Stock,20
142846,Licosar 50Mg Strip Of 10 Tablets,licosar-50mg-tab-142846,Losartan 50mg,Losartan,10 Units in Strip,Tablet,Focus Healthcare Pvt Ltd,blood-pressure-medicines,Angiotensin receptor blockers,TRUE,TRUE,FALSE,SCHEDULE H,,45,TRUE,820,live,45,33.75,25,false,2,Out of Stock,20
24449,S Vocita Plus 0.5Mg Tablets,s-vocita-plus-0-5mg-tab-24449,Clonazepam 0.5mg + Citalopram 10mg,Citalopram+Clonazepam,10 Units in Strip,Tablet,Shine Pharmaceuticals Ltd,mental-health-medicines,Combinations,TRUE,TRUE,FALSE,SCHEDULE H,,107.8,FALSE,821,live,143.4,107.55,25,false,1,We do not sell this product,20
16806,Stalopam Strip Of 10 Tablets,stalopam-lite-tablet-16806,Citalopram 10mg + Clonazepam 0.25mg,Citalopram+Clonazepam,10 Units in Strip,Tablet,Lupin,mental-health-medicines,Combinations,TRUE,TRUE,FALSE,SCHEDULE H,,158.95,FALSE,823,live,177.47,150.85,15,false,1,We do not sell this product,20
141667,Cosa G Tablets,cosa-g-tab-141667,Diacerein + Glucosamine Sulphate + Methyl Sulfonyl Methane(Msm),,10 Units in Strip,Tablet,Genesis Biotech,bone-and-joint-medicines,Osteoarthritis,TRUE,TRUE,FALSE,SCHEDULE H,,13,TRUE,824,live,13,11.05,15,false,2,Out of Stock,20
17794,Febumac 40Mg Strip Of 10 Tablets,febumac-40mg-tablet-17794,Febuxostat 40mg,Febuxostat,10 Units in Strip,Tablet,Macleods Pharmaceuticals,gout-medicines,Xanthine oxidase inhibitors,TRUE,TRUE,FALSE,SCHEDULE H,,150.54,TRUE,825,live,161.89,126.27,22,true,5,Guaranteed Delivery,20
5181,Trajenta Duo 2.5/500Mg Strip Of 10 Tablets,trajenta-duo-2-5-500mg-tablet-5181,Linagliptin 2.5mg + Metformin Hydrochloride 500mg,Linagliptin+Metformin Hydrochloride,10 Units in Strip,Tablet,Boehringer Ingelheim,anti-diabetic-medicines,Combinations,TRUE,TRUE,FALSE,SCHEDULE H,,201.43,TRUE,826,live,201.5,163.22,19,true,5,Guaranteed Delivery,20
2412,Melzap Md 0.5Mg Tablet,melzap-md-0-5mg-tablet-2412,Clonazepam 0.5mg,Clonazepam,10 Units in Strip,Tablet,Alkem Laboratories Ltd,mental-health-medicines|neurological-medicines,Benzodiazepines,TRUE,TRUE,FALSE,SCHEDULE H,3657789,52.17,FALSE,827,live,52.17,39.13,25,false,1,We do not sell this product,20
18109,Lipikind 20Mg Strip Of 10 Tablets,lipikind-20mg-tablet-18109,Atorvastatin 20mg,Atorvastatin,10 Units in Strip,Tablet,Mankind Pharmaceuticals Ltd,cholesterol-medicines,Statins,TRUE,TRUE,FALSE,SCHEDULE H,,62.43,TRUE,828,live,62.62,47.59,24,true,5,Guaranteed Delivery,20
5443,Odimont Al Strip Of 10 Tablets,odimont-al-tablet-5443,Montelukast 10mg + Levocetirizine 5mg + Ambroxol 75mg,Montelukast+Levocetirizine+Ambroxol,10 Units in Strip,Tablet,Zydus Healthcare Limited,anti-allergic-medicines|respiratory-medicines,,TRUE,TRUE,FALSE,SCHEDULE H,,288.68,TRUE,829,live,344.85,279.33,19,true,5,Guaranteed Delivery,20
25362,Betacap Plus 5Mg Strip Of 10 Capsules,betacap-plus-5mg-cap-25362,Flunarizine 5mg + Propranolol 40mg,Propranolol+Flunarizine,10 Units in Strip,Capsule,Sun Pharma,migraine-medicines,,TRUE,TRUE,FALSE,SCHEDULE H,,114.09,TRUE,830,live,133,107.73,19,true,5,Guaranteed Delivery,20
25361,Betacap Plus 10Mg Strip Of 10 Capsules,betacap-plus-10mg-cap-25361,Propranolol 40mg + Flunarizine 10mg,Propranolol+Flunarizine,10 Units in Strip,Capsule,Sun Pharma,migraine-medicines,,TRUE,TRUE,FALSE,SCHEDULE H,,159.04,TRUE,831,live,192,153.6,20,true,5,Guaranteed Delivery,20
25149,Paxidep Cr 25Mg Strip Of 10 Tablets,paxidep-cr-25mg-tablet-25149,Paroxetine 25mg,Paroxetine,10 Units in Strip,Tablet,Sun Pharma,mental-health-medicines,SSRIs,TRUE,TRUE,FALSE,SCHEDULE H,,244.18,FALSE,832,live,291,218.25,25,false,1,We do not sell this product,20
15397,Risperdal 2Mg Tablet,risperdal-2mg-tablet-15397,Risperidone 2mg,Risperidone,10 Units in Strip,Tablet,Johnson & Johnson Private Limited,mental-health-medicines,Atypical antipsychotics,TRUE,TRUE,FALSE,SCHEDULE H,3501432,47.9,FALSE,833,live,48.8,36.6,25,false,1,We do not sell this product,20
2612,Nervmax Sr 75Mg Strip Of 10 Tablets,nervmax-sr-75mg-tablet-2612,Pregabalin 75mg + Vitamin B12 / Mecobalamin / Cynocobalamin / Methylcobalamin 1500mcg,Pregabalin+Vitamin B12 / Mecobalamin / Cynocobalamin / Methylcobalamin,10 Units in Strip,Tablet,Alkem Laboratories Ltd,nerve-pain-medicines,Peripheral Neuropathy,TRUE,TRUE,FALSE,SCHEDULE H1,,213.81,TRUE,834,live,258.8,209.63,19,true,5,Guaranteed Delivery,20
17348,Pregadoc Nt Strip Of 10 Tablets,pregadoc-nt-tablet-17348,Pregabalin 75mg + Nortriptyline 10mg,Pregabalin+Nortriptyline,10 Units in Strip,Tablet,Lupin,nerve-pain-medicines,Peripheral Neuropathy,TRUE,TRUE,FALSE,SCHEDULE H1,,243.71,TRUE,835,live,290.5,229.5,21,true,5,Guaranteed Delivery,20
26927,Torleva 500Mg Strip Of 10 Tablets,torleva-500mg-tablet-26927,Levetiracetam 500mg,Levetiracetam,10 Units in Strip,Tablet,Torrent Pharmaceuticals Ltd,neurological-medicines,Anti-Epileptic,TRUE,TRUE,FALSE,SCHEDULE H,,141.68,TRUE,836,live,138.6,103.95,25,true,5,Guaranteed Delivery,20
13193,Statin F Tablet,statin-f-tablet-13193,Atorvastatin 10mg + Fenofibrate 160mg,Fenofibrate+Atorvastatin,10 Units in Strip,Tablet,Indkus Biotech India,cholesterol-medicines,Combinations,TRUE,TRUE,FALSE,SCHEDULE H,,125,TRUE,837,live,125,87.5,30,false,2,Out of Stock,20
17828,Rosumac Gold 10Mg Strip Of 10 Capsules,rosumac-gold-10mg-capsule-17828,Aspirin / Acetyl Salicylic Acid 75mg + Rosuvastatin 10mg + Clopidogrel 75mg,Aspirin / Acetyl Salicylic Acid+Clopidogrel+Rosuvastatin,10 Units in Strip,Capsule,Macleods Pharmaceuticals,cholesterol-medicines,Statins,TRUE,TRUE,FALSE,SCHEDULE H,,227.96,TRUE,839,live,258.63,199.15,23,true,5,Guaranteed Delivery,20
17895,Rosumac Gold 20Mg Strip Of 10 Capsules,rosumac-gold-20mg-capsule-17895,Rosuvastatin 20mg + Clopidogrel 75mg + Aspirin / Acetyl Salicylic Acid 75mg,Rosuvastatin+Clopidogrel+Aspirin / Acetyl Salicylic Acid,10 Units in Strip,Capsule,Macleods Pharmaceuticals,cholesterol-medicines,Statins,TRUE,TRUE,FALSE,SCHEDULE H,,332.36,TRUE,840,live,378.88,284.16,25,true,5,Guaranteed Delivery,20
3785,Telvas Beta 25Mg Strip Of 10 Tablets,telvas-beta-25mg-tablet-3785,Telmisartan 40mg + Metoprolol Tartarate 25mg,Telmisartan+Metoprolol Tartarate,10 Units in Strip,Tablet,Aristo Pharmaceuticals Pvt Ltd,blood-pressure-medicines,Combinations,TRUE,TRUE,FALSE,SCHEDULE H,,108.14,TRUE,841,live,125,95,24,true,5,Guaranteed Delivery,20
172866,Telma Ln 40/10Mg Strip Of 15 Tablets,telma-ln-40mg-tablet-172866,Cilnidipine 10mg + Telmisartan 40mg,Cilnidipine+Telmisartan,15 Units in Strip,Tablet,Glenmark Pharmaceuticals,blood-pressure-medicines,Combinations,TRUE,TRUE,FALSE,SCHEDULE H,,255.93,TRUE,842,live,313.59,241.46,23,true,5,Guaranteed Delivery,20
187661,Alprasafe 0.5Mg Tablets,alprasafe-0-5mg-tab-187661,Alprazolam 0.5mg,Alprazolam,10 Units in Strip,Tablet,Shreya Life Sciences Pvt Ltd,mental-health-medicines,Benzodiazepines,TRUE,TRUE,FALSE,SCHEDULE H1,,1.68,FALSE,843,live,1.68,1.26,25,false,1,We do not sell this product,20
17607,Etizola Plus 5Mg Strip Of 10 Tablets,etizola-plus-5mg-tablet-17607,Etizolam 0.5mg + Citalopram 5mg,Etizolam+Citalopram,10 Units in Strip,Tablet,Macleods Pharmaceuticals,mental-health-medicines,Combinations,TRUE,TRUE,FALSE,SCHEDULE H,,114.3,FALSE,844,live,145.18,108.89,25,false,1,We do not sell this product,20
17608,Etizola Plus 10Mg Strip Of 10 Tablets,etizola-plus-10mg-tablet-17608,Etizolam 0.5mg + Citalopram 10mg,Etizolam+Citalopram,10 Units in Strip,Tablet,Macleods Pharmaceuticals,mental-health-medicines,Combinations,TRUE,TRUE,FALSE,SCHEDULE H,,144.51,FALSE,845,live,178.1,133.57,25,false,1,We do not sell this product,20
25353,Zosert 25Mg Strip Of 10 Tablets,zosert-25mg-tablet-25353,Sertraline 25mg,Sertraline,10 Units in Strip,Tablet,Sun Pharma,mental-health-medicines,SSRIs,TRUE,TRUE,FALSE,SCHEDULE H,,68.43,FALSE,850,live,83,62.25,25,false,1,We do not sell this product,20
73744,Topirate 25Mg Tablet,topirate-25mg-tablet-73744,Topiramate 25mg,Topiramate,15 Units in Strip,Tablet,Pulse Pharmaceuticals Pvt Ltd,neurological-medicines,Anti-Epileptic,TRUE,TRUE,FALSE,SCHEDULE H,,53.35,TRUE,851,live,52.5,44.62,15,false,2,Out of Stock,12
13799,Provanol 40Mg Strip Of 10 Tablets,provanol-40mg-tablet-13799,Propranolol 40mg,Propranolol,10 Units in Strip,Tablet,Intas Pharmaceuticals Ltd,blood-pressure-medicines|cardiac-medicines,Beta blockers,TRUE,TRUE,FALSE,SCHEDULE H,,35.31,TRUE,852,live,34.38,26.82,22,false,2,Out of Stock,20
13800,Provanol Sr 40Mg Strip Of 10 Tablets,provanol-sr-40mg-tablet-13800,Propranolol 40mg,Propranolol,10 Units in Strip,Tablet,Intas Pharmaceuticals Ltd,cardiac-medicines|blood-pressure-medicines,Anti-Anginal,TRUE,TRUE,FALSE,SCHEDULE H,,42.42,TRUE,853,live,34.38,27.85,19,true,5,Guaranteed Delivery,20
232480,Vildamac M 50/1000Mg Strip Of 15 Tablets,vildamac-m-50-1000mg-tablet-15-s-232480,Metformin Hydrochloride 1000mg + Vildagliptin 50mg,Vildagliptin+Metformin Hydrochloride,15 Units in Strip,Tablet,Macleods Pharmaceuticals,anti-diabetic-medicines,Combinations,TRUE,TRUE,FALSE,SCHEDULE H,,158.34,TRUE,854,live,182.01,138.33,24,true,5,Guaranteed Delivery,20
232751,Vildamac 50Mg Strip Of 15 Tablets,vildamac-50mg-tablet-15-s-232751,Vildagliptin 50mg,Vildagliptin,15 Units in Strip,Tablet,Macleods Pharmaceuticals,anti-diabetic-medicines,DPP-4 inhibitors,TRUE,TRUE,FALSE,SCHEDULE H,,126.61,TRUE,855,live,148.21,112.64,24,true,5,Guaranteed Delivery,20
66701,Cita 10Mg Tablets,cita-10mg-tab-66701,Citalopram,,10 Units in Strip,Tablet,Crescent Formulations Pvt Ltd,mental-health-medicines,Anti-Depressant,TRUE,TRUE,FALSE,SCHEDULE H,,34,FALSE,856,live,34,25.5,25,false,1,We do not sell this product,20
25411,Sulpitac 50Mg Strip Of 10 Tablets,sulpitac-50mg-tablet-25411,Amisulpride 50mg,Amisulpride,10 Units in Strip,Tablet,Sun Pharma,mental-health-medicines,Atypical antipsychotics,TRUE,TRUE,FALSE,SCHEDULE H,,108.61,FALSE,857,live,126,107.1,15,false,1,We do not sell this product,20
25681,Gabantip At 100 Strip Of 10 Tablets,gabantip-at-100-tablet-25681,Gabapentin 100mg + Amitriptyline 10mg,Amitriptyline+Gabapentin,10 Units in Strip,Tablet,Sun Pharma,nerve-pain-medicines,Peripheral Neuropathy,TRUE,TRUE,FALSE,SCHEDULE H,,115.6,TRUE,859,live,134,101.84,24,true,5,Guaranteed Delivery,20
25212,Ropark 0.5Mg Strip Of 10 Tablets,ropark-0-5mg-tablet-25212,Ropinirole 0.5mg,Ropinirole,10 Units in Strip,Tablet,Sun Pharma,neurological-medicines,Anti-Parkinsonian,TRUE,TRUE,FALSE,SCHEDULE H,,110.96,TRUE,860,live,133,101.08,24,true,5,Guaranteed Delivery,20
8700,Lodoz 2.5Mg Strip Of 10 Tablets,lodoz-2-5mg-tablet-8700,Bisoprolol 2.5mg + Hydrochlorothiazide 6.25mg,Bisoprolol+Hydrochlorothiazide,10 Units in Strip,Tablet,Merck Limited,blood-pressure-medicines,Combinations,TRUE,TRUE,FALSE,SCHEDULE H,3502007,97.96,TRUE,863,live,110.69,84.12,24,true,5,Guaranteed Delivery,20
189366,Benalgis 40Mg Strip Of 10 Tablets,benalgis-40mg-tablet-189366,Benfotiamine 40mg,Benfotiamine,10 Units in Strip,Tablet,Franco Indian Pharmaceuticals Pvt Ltd,anti-diabetic-medicines,Diabetic Neuropathy,FALSE,TRUE,FALSE,NON SCHEDULED,,123.24,TRUE,864,live,130.31,100.34,23,true,5,Guaranteed Delivery,20
10917,Benalgis 100Mg Strip Of 10 Tablets,benalgis-100mg-tablet-10917,Benfotiamine 100mg,Benfotiamine,10 Units in Strip,Tablet,Franco Indian Pharmaceuticals Pvt Ltd,anti-diabetic-medicines,Diabetic Neuropathy,TRUE,TRUE,FALSE,NON SCHEDULED,,126.59,TRUE,865,live,143.2,111.7,22,true,5,Guaranteed Delivery,20
17696,Etizola Beta 0.25Mg Strip Of 10 Tablets,etizola-beta-0-25mg-tablet-17696,Etizolam 0.25mg + Propranolol 20mg,Etizolam+Propranolol,10 Units in Strip,Tablet,Macleods Pharmaceuticals,mental-health-medicines,Benzodiazepines,TRUE,TRUE,FALSE,SCHEDULE H,,54.02,FALSE,866,live,69.39,52.04,25,false,1,We do not sell this product,20
17697,Etizola Beta 0.5Mg Strip Of 10 Tablets,etizola-beta-0-5mg-tablet-17697,Etizolam 0.5mg + Propranolol 20mg,Etizolam+Propranolol,10 Units in Strip,Tablet,Macleods Pharmaceuticals,mental-health-medicines,Benzodiazepines,TRUE,TRUE,FALSE,SCHEDULE H,4304265,85.09,FALSE,867,live,93.84,70.38,25,false,1,We do not sell this product,20
26896,Tide 10Mg Strip Of 10 Tablets,tide-10mg-tablet-26896,Torasemide / Torsemide 10mg,Torasemide / Torsemide,10 Units in Strip,Tablet,Torrent Pharmaceuticals Ltd,diuretics,,TRUE,TRUE,FALSE,SCHEDULE H,,66.62,TRUE,868,live,78.6,59.74,24,true,5,Guaranteed Delivery,20
206132,Depran 5/0.5Mg Strip Of 15 Tablets,depran-5-mg-tablet-15-206132,Escitalopram 5mg + Clonazepam 0.5mg,Escitalopram+Clonazepam,15 Units in Strip,Tablet,Intas Pharmaceuticals Ltd,mental-health-medicines,Combinations,TRUE,TRUE,FALSE,SCHEDULE H,,193.59,FALSE,870,live,193.59,145.19,25,false,1,We do not sell this product,20
30492,Zycolchin 0.5Mg Strip Of 10 Tablets,zycolchin-0-5mg-tablet-30492,Colchicine 0.5mg,Colchicine,10 Units in Strip,Tablet,Zydus Healthcare Limited,gout-medicines,Anti-inflammatory agents,TRUE,TRUE,FALSE,SCHEDULE H,,36.27,TRUE,871,live,35.04,25.23,28,true,5,Guaranteed Delivery,20
144187,Vapid Cr 500Mg Tablets,vapid-cr-500mg-tab-144187,Sodium Valprorate + Valproicacid,,10 Units in Strip,Tablet,Mediez Pharma Pvt Ltd,neurological-medicines,Anti-Epileptic,TRUE,TRUE,FALSE,SCHEDULE H,,65,TRUE,872,live,65,48.75,25,false,2,Out of Stock,20
158070,Gpm Sr 1Mg Tablets,gpm-sr-1mg-tab-158070,Pioglitazone 15mg + Metformin Hydrochloride 500mg + Glimepiride 1mg,Glimepiride+Metformin Hydrochloride+Pioglitazone,10 Units in Strip,Tablet,Psychotropics India Ltd,anti-diabetic-medicines,Combinations,TRUE,TRUE,FALSE,SCHEDULE H,,550,FALSE,874,live,,,,,,,
196055,Glimiprex Mf 1/500Mg Strip Of 10 Tablet,glimiprex-mf-1-500-mg-tablet-sr-10-196055,Glimepiride 1mg + Metformin Hydrochloride 500mg,Metformin Hydrochloride+Glimepiride,10 Units in Strip,Tablet,Aristo Pharmaceuticals Pvt Ltd,anti-diabetic-medicines,Combinations,TRUE,TRUE,FALSE,SCHEDULE H,,109.5,FALSE,876,live,,,,,,,
26829,Pregalin Sr 75Mg Strip Of 10 Tablets,pregalin-sr-75mg-tablet-26829,Pregabalin 75mg,Pregabalin,10 Units in Strip,Tablet,Torrent Pharmaceuticals Ltd,nerve-pain-medicines|neurological-medicines,Peripheral Neuropathy,TRUE,TRUE,FALSE,SCHEDULE H1,,193.48,TRUE,877,live,230.75,175.37,24,true,5,Guaranteed Delivery,20
208754,Cardace 1.25Mg Strip Of 15 Tablets,cardace-1-25mg-tablet-15-s-208754,Ramipril 1.25mg,Ramipril,15 Units in Strip,Tablet,Emcure Pharmaceuticals Ltd,blood-pressure-medicines,ACE inhibitors,TRUE,TRUE,FALSE,SCHEDULE H,3504452,99.88,TRUE,878,live,109.78,83.43,24,true,4,Short in Supply. May be delivered late.,20
113300,Exal 0.5Mg Tablets,exal-0-5mg-tab-113300,Alprazolam 0.5mg,Alprazolam,10 Units in Strip,Tablet,A.N.Pharmacia,mental-health-medicines,Benzodiazepines,TRUE,TRUE,FALSE,SCHEDULE H1,,22.4,FALSE,879,live,22.4,16.8,25,false,1,We do not sell this product,20
13950,Risdone Ls Strip Of 10 Tablets,risdone-ls-tablet-13950,Risperidone 2mg + Trihexyphenidyl / Benzhexol Hydrochloride 2mg,Risperidone+Trihexyphenidyl / Benzhexol Hydrochloride,10 Units in Strip,Tablet,Intas Pharmaceuticals Ltd,mental-health-medicines,Atypical antipsychotics,TRUE,TRUE,FALSE,SCHEDULE H,,82.3,FALSE,880,live,96.4,72.3,25,false,1,We do not sell this product,20
109713,Montu 5Mg Strip Of 10 Tablets,montu-5mg-tab-109713,Montelukast 5mg,Montelukast,10 Units in Strip,Tablet,Knoll Healthcare Pvt Ltd,respiratory-medicines,Leukotriene antagonists,TRUE,TRUE,FALSE,SCHEDULE H,,131,TRUE,881,live,131,91.7,30,false,2,Out of Stock,20
109715,Montu 10Mg Strip Of 10 Tablets,montu-10mg-tablet-109715,Montelukast 10mg,Montelukast,10 Units in Strip,Tablet,Knoll Healthcare Pvt Ltd,respiratory-medicines,Leukotriene antagonists,TRUE,TRUE,FALSE,SCHEDULE H,,183.73,TRUE,882,live,172,94.6,45,true,5,Guaranteed Delivery,20
33896,Alprax Sr 0.5Mg Tablets,alprax-sr-0-5mg-tab-33896,Alprazolam 0.5mg,Alprazolam,10 Units in Strip,Tablet,Torrent Pharmaceuticals Ltd,mental-health-medicines,Benzodiazepines,TRUE,TRUE,FALSE,SCHEDULE H1,,24.6,FALSE,883,live,104,78,25,false,1,We do not sell this product,20
108721,Senta 25Mg Tablets,senta-25mg-tab-108721,Sertraline 25mg,Sertraline,10 Units in Strip,Tablet,K.C Laboratories,mental-health-medicines,SSRIs,TRUE,TRUE,FALSE,SCHEDULE H,,44.5,FALSE,884,live,53.75,42.46,21,false,1,We do not sell this product,20
25164,Pramipex 0.5Mg Strip Of 10 Tablets,pramipex-0-5mg-tablet-25164,Pramipexole 0.5mg,Pramipexole,10 Units in Strip,Tablet,Sun Pharma,neurological-medicines,Anti-Parkinsonian,TRUE,TRUE,FALSE,SCHEDULE H,,161.32,TRUE,886,live,188,141,25,true,5,Guaranteed Delivery,20
25784,Lobazam 10Mg Strip Of 10 Tablets,lobazam-10mg-tablet-25784,Clobazam 10mg,Clobazam,10 Units in Strip,Tablet,Sun Pharma,mental-health-medicines|neurological-medicines,Anti-Anxiety,TRUE,TRUE,FALSE,SCHEDULE H,,102.14,FALSE,887,live,103.31,77.48,25,false,1,We do not sell this product,20
48906,Glimy M2 Forte Strip Of 10 Tablets,glimy-m2-forte-tab-48906,Glimepiride 2mg + Metformin Hydrochloride 1000mg,Glimepiride+Metformin Hydrochloride,10 Units in Strip,Tablet,Dr Reddy'S Laboratories Ltd,anti-diabetic-medicines,Combinations,TRUE,TRUE,FALSE,SCHEDULE H,,160.4,TRUE,888,live,200.31,150.23,25,true,5,Guaranteed Delivery,20
48212,Gabantin Plus Strip Of 10 Tablets,gabantin-plus-tablet-48212,Vitamin B12 / Mecobalamin / Cynocobalamin / Methylcobalamin 500mcg + Gabapentin 100mg,Vitamin B12 / Mecobalamin / Cynocobalamin / Methylcobalamin+Gabapentin,10 Units in Strip,Tablet,Sun Pharma,nerve-pain-medicines,Peripheral Neuropathy,TRUE,TRUE,FALSE,SCHEDULE H,,119.22,TRUE,889,live,143,115.83,19,true,5,Guaranteed Delivery,20
175032,Zoryl M2 Forte Strip Of 15 Tablets,zoryl-m2-forte-tab-15-s-175032,Glimepiride 2mg + Metformin Hydrochloride 1000mg,Metformin Hydrochloride+Glimepiride,15 Units in Strip,Tablet,Intas Pharmaceuticals Ltd,anti-diabetic-medicines,Combinations,TRUE,TRUE,FALSE,SCHEDULE H,3502216,227.14,TRUE,890,live,266.25,202.35,24,true,5,Guaranteed Delivery,20
17913,Tenlimac 20Mg Strip Of 10 Tablets,tenlimac-20mg-tablet-17913,Teneligliptin 20mg,Teneligliptin,10 Units in Strip,Tablet,Macleods Pharmaceuticals,anti-diabetic-medicines,DPP-4 inhibitors,TRUE,TRUE,FALSE,SCHEDULE H,,86.44,TRUE,891,live,88.72,67.43,24,true,5,Guaranteed Delivery,20
3815,Doxomax Xp Strip Of 10 Tablets,doxomax-xp-tablet-3815,Ambroxol 30mg + Doxofylline 400mg,Ambroxol+Doxofylline,10 Units in Strip,Tablet,Aristo Pharmaceuticals Pvt Ltd,respiratory-medicines,Xanthines,TRUE,TRUE,FALSE,SCHEDULE H,,77.01,TRUE,893,live,82.03,68.08,17,true,5,Guaranteed Delivery,20
13601,Olimelt 5Mg Strip Of 10 Tablets,olimelt-5mg-tab-13601,Olanzapine 5mg,Olanzapine,10 Units in Strip,Tablet,Intas Pharmaceuticals Ltd,mental-health-medicines,Atypical antipsychotics,TRUE,TRUE,FALSE,SCHEDULE H,,53.58,FALSE,894,live,62.3,46.72,25,false,1,We do not sell this product,20
214057,Glimisave Mv 3.3 F Strip Of 15 Tablets,glimisave-mv-3-3-f-tab-15-s-214057,Voglibose 0.3mg + Metformin 1g + Glimepiride 3mg,Glimepiride+Voglibose+Metformin,15 Units in Strip,Tablet,Eris Life Sciences Pvt Ltd,anti-diabetic-medicines,Combinations,TRUE,TRUE,FALSE,SCHEDULE H,,246.75,TRUE,895,live,255.23,193.97,24,true,5,Guaranteed Delivery,20
188138,Gabator Nt 400/10Mg Strip Of 10 Tablets,gabator-nt-tablet-188138,Gabapentin 400mg + Nortriptyline 10mg,Gabapentin+Nortriptyline,10 Units in Strip,Tablet,Torrent Pharmaceuticals Ltd,nerve-pain-medicines,Peripheral Neuropathy,TRUE,TRUE,FALSE,SCHEDULE H,,306.81,TRUE,896,live,376.78,293.89,22,true,5,Guaranteed Delivery,20
15055,Ctd T 6.25/40Mg Strip Of 15 Tablets,ctd-t-6-25-40mg-15-s-tab-15055,Telmisartan 40mg + Chlorthalidone / Chlortalidone 6.25mg,Telmisartan+Chlorthalidone / Chlortalidone,15 Units in Strip,Tablet,Ipca Laboratories,blood-pressure-medicines,Combinations,TRUE,TRUE,FALSE,SCHEDULE H,3501738,208.52,TRUE,897,live,260.5,197.98,24,true,5,Guaranteed Delivery,20
21754,Lorax Tablet,lorax-tablet-21754,Lorazepam 1mg,Lorazepam,10 Units in Strip,Tablet,Consern Pharma Pvt Ltd,mental-health-medicines,Benzodiazepines,TRUE,TRUE,FALSE,SCHEDULE H,,114,FALSE,898,live,114,85.5,25,false,1,We do not sell this product,20
24609,Dcr 50Mg Strip Of 10 Capsules,dcr-50mg-capsule-24609,Diacerein 50mg,Diacerein,10 Units in Strip,Capsule,Signova Pharma Pvt Ltd,bone-and-joint-medicines,Osteoarthritis,TRUE,TRUE,FALSE,SCHEDULE H,,80.18,TRUE,899,live,80.18,60.14,25,false,2,Out of Stock,20
13937,Spenzo 0.5Mg Strip Of 10 Tablets,spenzo-0-5mg-tablet-13937,Flupentixol / Flupenthixol 0.5mg,Flupentixol / Flupenthixol,10 Units in Strip,Tablet,Intas Pharmaceuticals Ltd,mental-health-medicines,Anti-Psychotics,TRUE,TRUE,FALSE,SCHEDULE H,,47.62,FALSE,900,live,60.8,51.68,15,false,1,We do not sell this product,20
15411,Topamac 25Mg Strip Of 10 Tablets,topamac-25mg-tablet-15411,Topiramate 25mg,Topiramate,10 Units in Strip,Tablet,Johnson & Johnson Private Limited,neurological-medicines,Anti-Epileptic,TRUE,TRUE,FALSE,SCHEDULE H,,128.01,TRUE,901,live,145.78,112.25,23,true,4,Short in Supply. May be delivered late.,18
45445,Encorate Chrono 500Mg Strip Of 10 Tablets,encorate-chrono-500mg-tablet-45445,Sodium Valproate 333mg + Valproic Acid / Valproate 145mg,Sodium Valproate+Valproic Acid / Valproate,10 Units in Strip,Tablet,Sun Pharma,neurological-medicines,Anti-Epileptic,TRUE,TRUE,FALSE,SCHEDULE H,,106.9,TRUE,902,live,99.75,76.81,23,true,5,Guaranteed Delivery,20
75702,Dell 400 Tablets,dell-400-tab-75702,Doxofylline 400mg,Doxofylline,10 Units in Strip,Tablet,Icarus Health Care Pvt Ltd,respiratory-medicines,Xanthines,TRUE,TRUE,FALSE,SCHEDULE H,,71.0,TRUE,903,live,71,53.25,25,false,2,Out of Stock,20
222848,Jalra 50Mg Strip Of 15 Tablets,jalra-50mg-tablet-15-s-222848,Vildagliptin 50mg,Vildagliptin,15 Units in Strip,Tablet,Usv Pvt Ltd,anti-diabetic-medicines,DPP-4 inhibitors,TRUE,TRUE,FALSE,SCHEDULE H,3506396,366,TRUE,904,live,331.41,255.19,23,true,5,Guaranteed Delivery,20
187082,Ctor 10Mg Tablets,ctor-10mg-tab-187082,Atorvastatin 10mg,Atorvastatin,10 Units in Strip,Tablet,Claris Lifesciences Limited,cholesterol-medicines,Statins,TRUE,TRUE,FALSE,SCHEDULE H,,180,TRUE,905,live,180,135,25,false,2,Out of Stock,20
215537,Cilny 10Mg Strip Of 15 Tablets,cilny-10mg-tab-15-s-215537,Cilnidipine 10mg,Cilnidipine,15 Units in Strip,Tablet,Intas Pharmaceuticals Ltd,blood-pressure-medicines,Calcium channel blockers,TRUE,TRUE,FALSE,SCHEDULE H,3505853,172.35,TRUE,907,live,205.7,156.33,24,true,5,Guaranteed Delivery,20
25338,Zeptol Cr 300Mg Strip Of 10 Tablets,zeptol-cr-300mg-tablet-25338,Carbamazepine 300mg,Carbamazepine,10 Units in Strip,Tablet,Sun Pharma,neurological-medicines,Anti-Epileptic,TRUE,TRUE,FALSE,SCHEDULE H,,42.54,TRUE,909,live,47.81,36.34,24,true,5,Guaranteed Delivery,20
43523,Dibizide M Strip Of 10 Tablets,dibizide-m-tablet-43523,Metformin 500mg + Glipizide 5mg,Glipizide+Metformin,10 Units in Strip,Tablet,Micro Labs,anti-diabetic-medicines,Combinations,TRUE,TRUE,FALSE,SCHEDULE H,,16.14,TRUE,910,live,17.3,13.32,23,true,5,Guaranteed Delivery,20
18319,Zerograin 10Mg Strip Of 10 Tablets,zerograin-10mg-tablet-18319,Flunarizine 10mg,Flunarizine,10 Units in Strip,Tablet,Mankind Pharmaceuticals Ltd,migraine-medicines,,TRUE,TRUE,FALSE,SCHEDULE H,,47.85,TRUE,911,live,48.12,38.5,20,true,5,Guaranteed Delivery,20
51583,Jointace Strip Of 15 Tablets,jointace-tablet-51583,,,15 Units in Strip,Tablet,Meyer Organics Pvt Ltd,bone-and-joint-medicines,Osteoarthritis,FALSE,FALSE,FALSE,,,114.84,TRUE,912,live,,,,,,,
230790,Eurepa 0.5Mg Strip Of 15 Tablets,eurepa-0-5mg-tablet-15-s-230790,Repaglinide 0.5mg,Repaglinide,15 Units in Strip,Tablet,Torrent Pharmaceuticals Ltd,anti-diabetic-medicines,Meglitinides,TRUE,TRUE,FALSE,SCHEDULE H,3507105,160.3,TRUE,914,live,177.7,140.38,21,true,5,Guaranteed Delivery,20
67591,Nevy A Tablet,nevy-a-tablet-67591,Nebivolol 5mg + Amlodipine 5mg,Nebivolol+Amlodipine,10 Units in Strip,Tablet,Intas Pharmaceuticals Ltd,blood-pressure-medicines,Combinations,TRUE,TRUE,FALSE,SCHEDULE H,,64.5,TRUE,916,live,64.5,45.15,30,false,2,Out of Stock,20
18116,Losakind H Strip Of 10 Tablets,losakind-h-tablet-18116,Hydrochlorothiazide 12.5mg + Losartan 50mg,Hydrochlorothiazide+Losartan,10 Units in Strip,Tablet,Mankind Pharmaceuticals Ltd,blood-pressure-medicines,Combinations,TRUE,TRUE,FALSE,SCHEDULE H,,85.88,TRUE,917,live,105.47,82.27,22,true,5,Guaranteed Delivery,20
11351,Decmax 4Mg Strip Of 4 Tablets,decmax-4mg-tab-11351,Dexamethasone 4mg,Dexamethasone,4 Units in Strip,Tablet,Getwell Pharmaceuticals,steroids,Other,TRUE,TRUE,FALSE,SCHEDULE H,3502026,40,TRUE,918,live,40,33.2,17,true,3,,20
217290,Stator F Strip Of 15 Tablets,stator-f-tab-15-s-217290,Atorvastatin 10mg + Fenofibrate 160mg,Fenofibrate+Atorvastatin,15 Units in Strip,Tablet,Abbott Healthcare Pvt Ltd,cholesterol-medicines,Combinations,TRUE,TRUE,FALSE,SCHEDULE H,3506105,282.06,TRUE,919,live,338.9,257.56,24,true,5,Guaranteed Delivery,20
143217,Glitz Mf Tablets,glitz-mf-tab-143217,Gliclazide 80mg + Metformin Hydrochloride 500mg,Gliclazide+Metformin Hydrochloride,10 Units in Strip,Tablet,Laksun Lifesciences,anti-diabetic-medicines,Combinations,TRUE,TRUE,FALSE,SCHEDULE H,,40,TRUE,920,live,40,30,25,false,2,Out of Stock,20
127889,Solam Plus Tablets,solam-plus-tab-127889,Alprazolam + Fluoxetine,,10 Units in Strip,Tablet,Sresan Pharmaceuticals,mental-health-medicines,Anti-Depressant,TRUE,TRUE,FALSE,SCHEDULE H1,,140,FALSE,921,live,140,105,25,false,1,We do not sell this product,20
25398,Prolomet Am 25Mg Strip Of 10 Tablets,prolomet-am-25mg-tablet-25398,Metoprolol 25mg + Amlodipine 5mg,Amlodipine+Metoprolol,10 Units in Strip,Tablet,Sun Pharma,blood-pressure-medicines,Combinations,TRUE,TRUE,FALSE,SCHEDULE H,,113.43,TRUE,925,live,131.25,99.75,24,true,5,Guaranteed Delivery,20
87447,Mont 10Mg Tablet,mont-10mg-tablet-87447,Montelukast 10mg,Montelukast,10 Units in Strip,Tablet,Tablets India Ltd,respiratory-medicines,Leukotriene antagonists,TRUE,TRUE,FALSE,SCHEDULE H,3500943,54.98,TRUE,926,live,54.98,38.49,30,false,2,Out of Stock,20
208514,Razel 10Mg Strip Of 15 Tablets,razel-10mg-tab-15-s-208514,Rosuvastatin 10mg,Rosuvastatin,15 Units in Strip,Tablet,J B Chemicals And Pharmaceuticals,cholesterol-medicines,Statins,TRUE,TRUE,FALSE,SCHEDULE H,3504606,332.75,TRUE,929,live,406.21,304.66,25,true,5,Guaranteed Delivery,20
86431,Metinex Sr Tablets,metinex-sr-tab-86431,Metformin,,10 Units in Strip,Tablet,Inex Medicaments Pvt Ltd,anti-diabetic-medicines,Other,TRUE,TRUE,FALSE,SCHEDULE G,,18.04,TRUE,930,live,18.04,13.53,25,false,2,Out of Stock,20
25111,Oleanz 10Mg Strip Of 10 Tablets,oleanz-10mg-tablet-25111,Olanzapine 10mg,Olanzapine,10 Units in Strip,Tablet,Sun Pharma,mental-health-medicines,Atypical antipsychotics,TRUE,TRUE,FALSE,SCHEDULE H,,96.89,FALSE,931,live,109.69,82.27,25,false,1,We do not sell this product,20
88670,Levacetam Xr 500Mg Tablets,levacetam-xr-500mg-tab-88670,Levetiracetam 500mg,Levetiracetam,10 Units in Strip,Tablet,Micro Labs,neurological-medicines,Anti-Epileptic,TRUE,TRUE,FALSE,SCHEDULE H,,129.58,TRUE,933,live,129.69,110.24,15,false,2,Out of Stock,20
19838,Levacetam 500Mg Strip Of 10 Tablets,levacetam-500mg-tablet-19838,Levetiracetam 500mg,Levetiracetam,10 Units in Strip,Tablet,Micro Labs,neurological-medicines,Anti-Epileptic,TRUE,TRUE,FALSE,SCHEDULE H,,140.29,TRUE,934,live,139.6,110.28,21,true,5,Guaranteed Delivery,20
13649,Rexipra 20Mg Strip Of 10 Tablets,rexipra-20mg-tablet-13649,Citalopram 20mg,Citalopram,10 Units in Strip,Tablet,Intas Pharmaceuticals Ltd,mental-health-medicines,SSRIs,TRUE,TRUE,FALSE,SCHEDULE H,,152.79,FALSE,935,live,154.35,115.76,25,false,1,We do not sell this product,20
13648,Rexipra 10Mg Strip Of 10 Tablets,rexipra-10mg-tablet-13648,Citalopram 10mg,Citalopram,10 Units in Strip,Tablet,Intas Pharmaceuticals Ltd,mental-health-medicines,SSRIs,TRUE,TRUE,FALSE,SCHEDULE H,,99.45,FALSE,936,live,96.81,74.54,23,false,1,We do not sell this product,20
37238,Betacard 50Mg Strip Of 14 Tablets,betacard-50mg-tablet-37238,Atenolol 50mg,Atenolol,14 Units in Strip,Tablet,Torrent Pharmaceuticals Ltd,blood-pressure-medicines,Beta blockers,TRUE,TRUE,FALSE,SCHEDULE H,,31.84,TRUE,937,live,38.48,31.17,19,true,5,Guaranteed Delivery,20
25413,Syndopa Cr 125Mg Strip Of 10 Tablets,syndopa-cr-125mg-tablet-25413,Carbidopa 25mg + Levodopa 100mg,Levodopa+Carbidopa,10 Units in Strip,Tablet,Sun Pharma,neurological-medicines,Anti-Parkinsonian,TRUE,TRUE,FALSE,SCHEDULE H,,30.46,TRUE,938,live,29.98,22.78,24,true,5,Guaranteed Delivery,20
25254,Syndopa Cr Strip Of 10 Tablets,syndopa-cr-tablet-25254,Levodopa 200mg + Carbidopa 50mg,Levodopa+Carbidopa,10 Units in Strip,Tablet,Sun Pharma,neurological-medicines,Anti-Parkinsonian,TRUE,TRUE,FALSE,SCHEDULE H,,51.3,TRUE,939,live,50.82,38.62,24,true,5,Guaranteed Delivery,20
26416,Duloxee 20Mg Strip Of 10 Tablets,duloxee-20mg-tablet-26416,Duloxetine 20mg,Duloxetine,10 Units in Strip,Tablet,Talent India,mental-health-medicines,SNRIs,TRUE,TRUE,FALSE,SCHEDULE H,,100.54,FALSE,940,live,97.5,73.12,25,false,1,We do not sell this product,20
198660,Piroxygen Tablet Dt 10,piroxygen-tablet-dt-10-198660,Piroxicam,Piroxicam,10 Units in Strip,Tablet,Micro Labs,bone-and-joint-medicines,Osteoarthritis,TRUE,TRUE,FALSE,SCHEDULE H,,66,TRUE,941,live,66,49.5,25,false,2,Out of Stock,20
107558,Dicy G Tablets,dicy-g-tab-107558,Diacerein + Glucosamine,,10 Units in Strip,Tablet,Alpic Biotech Ltd,bone-and-joint-medicines,Osteoarthritis,TRUE,TRUE,FALSE,SCHEDULE H,,330,TRUE,944,live,330,247.5,25,false,2,Out of Stock,20
44318,Doth 25Mg Tablets,doth-25mg-tab-44318,Dosulepin / Dothiepin 25mg,Dosulepin / Dothiepin,10 Units in Strip,Tablet,Orchid Chemicals & Pharmaceuticals Ltd,mental-health-medicines,Tricyclic antidepressants,TRUE,TRUE,FALSE,SCHEDULE H,,41,FALSE,945,live,41,30.75,25,false,1,We do not sell this product,20
25732,Rozagold 10Mg Strip Of 10 Capsules,rozagold-10mg-capsule-25732,Aspirin / Acetyl Salicylic Acid 75mg + Rosuvastatin 10mg + Clopidogrel 75mg,Rosuvastatin+Clopidogrel+Aspirin / Acetyl Salicylic Acid,10 Units in Strip,Capsule,Sun Pharma,cholesterol-medicines,Statins,TRUE,TRUE,FALSE,SCHEDULE H,,217.11,TRUE,946,live,235,180.95,23,true,5,Guaranteed Delivery,20
222941,Tenefit 20Mg Strip Of 15 Tablets,tenefit-20mg-tab-15-s-222941,Teneligliptin 20mg,Teneligliptin,15 Units in Strip,Tablet,Systopic Laboratories,anti-diabetic-medicines,DPP-4 inhibitors,TRUE,TRUE,FALSE,SCHEDULE H,3506413,103.81,TRUE,947,live,103.78,81.99,21,true,5,Guaranteed Delivery,20
93555,Amitone Forte Strip Of 10 Tablets,amitone-forte-tab-93555,Amitriptyline 25mg + Chlordiazepoxide 10mg,Amitriptyline+Chlordiazepoxide,10 Units in Strip,Tablet,Intas Pharmaceuticals Ltd,mental-health-medicines,Tricyclic antidepressants,TRUE,TRUE,FALSE,SCHEDULE H1,,54.25,FALSE,950,live,63.75,47.81,25,false,1,We do not sell this product,20
22669,Serlift 50Mg Strip Of 10 Tablets,serlift-50mg-tablet-22669,Sertraline 50mg,Sertraline,10 Units in Strip,Tablet,Eris Life Sciences Pvt Ltd,mental-health-medicines,SSRIs,TRUE,TRUE,FALSE,SCHEDULE H,,116.7,FALSE,953,live,125.61,106.77,15,false,1,We do not sell this product,20
25810,Sizopin 100Mg Strip Of 10 Tablets,sizopin-100mg-tablet-25810,Clozapine 100mg,Clozapine,10 Units in Strip,Tablet,Sun Pharma,mental-health-medicines,Atypical antipsychotics,TRUE,TRUE,FALSE,SCHEDULE H,,93.61,FALSE,954,live,90.84,68.13,25,false,1,We do not sell this product,20
19030,Telar 40Mg Strip Of 10 Tablets,telar-40mg-tablet-19030,Telmisartan 40mg,Telmisartan,10 Units in Strip,Tablet,Medley Pharmaceuticals Ltd,blood-pressure-medicines,Angiotensin receptor blockers,TRUE,TRUE,FALSE,SCHEDULE H,,75.0,TRUE,955,live,75,52.5,30,false,2,Out of Stock,20
25821,Rasalect 0.5Mg Strip Of 10 Tablets,rasalect-0-5mg-tablet-25821,Rasagiline 0.5mg,Rasagiline,10 Units in Strip,Tablet,Sun Pharma,neurological-medicines,Anti-Parkinsonian,TRUE,TRUE,FALSE,SCHEDULE H,,110.44,TRUE,957,live,120,91.2,24,true,5,Guaranteed Delivery,20
17212,Ab Flo Sr 200Mg Strip Of 10 Tablets,ab-flo-sr-200mg-tablet-17212,Acebrophylline 200mg,Acebrophylline,10 Units in Strip,Tablet,Lupin,respiratory-medicines,Xanthines,TRUE,TRUE,FALSE,SCHEDULE H,,254.6,TRUE,958,live,292.3,219.23,25,true,5,Guaranteed Delivery,20
26833,Pregalin 50Mg Strip Of 10 Capsules,pregalin-50mg-capsule-26833,Pregabalin 50mg,Pregabalin,10 Units in Strip,Capsule,Torrent Pharmaceuticals Ltd,nerve-pain-medicines|neurological-medicines,Peripheral Neuropathy,TRUE,TRUE,FALSE,SCHEDULE H1,,122.31,TRUE,959,live,147.32,113.44,23,true,5,Guaranteed Delivery,20
44392,Doxolin M Strip Of 10 Tablets,doxolin-m-tablet-44392,Doxofylline 400mg + Montelukast 10mg,Doxofylline+Montelukast,10 Units in Strip,Tablet,Zydus Healthcare Limited,respiratory-medicines,Combinations,TRUE,TRUE,FALSE,SCHEDULE H,,89.35,TRUE,960,live,107.36,82.67,23,true,5,Guaranteed Delivery,20
232127,Ozotel Am Strip Of 30 Tablets,ozotel-am-tablet-30-s-232127,Telmisartan 40mg + Amlodipine 5mg,Telmisartan+Amlodipine,30 Units in Strip,Tablet,Ozone Pharmaceuticals Ltd,blood-pressure-medicines,Combinations,TRUE,TRUE,FALSE,SCHEDULE H,3504087,92.12,TRUE,961,live,109.62,88.79,19,true,5,Guaranteed Delivery,20
126986,Fio 30Mg Tablets,fio-30mg-tab-126986,Pioglitazone 30mg,Pioglitazone,10 Units in Strip,Tablet,Fidelity Lifesciences Pvt Ltd,anti-diabetic-medicines,Thiazolidinediones,TRUE,TRUE,FALSE,SCHEDULE H,,72,TRUE,962,live,72,54,25,false,2,Out of Stock,20
22656,Rosuvas 40Mg Strip Of 10 Tablets,rosuvas-40mg-tablet-22656,Rosuvastatin 40mg,Rosuvastatin,10 Units in Strip,Tablet,Ranbaxy Laboratories (Sun Pharma),cholesterol-medicines,Statins,TRUE,TRUE,FALSE,SCHEDULE H,,605.82,TRUE,963,live,650,487.5,25,true,5,Guaranteed Delivery,20
14092,Provanol Plus 10Mg Strip Of 10 Tablets,provanol-plus-10mg-tablet-14092,Propranolol 40mg + Flunarizine 10mg,Propranolol+Flunarizine,10 Units in Strip,Tablet,Intas Pharmaceuticals Ltd,migraine-medicines,,TRUE,TRUE,FALSE,SCHEDULE H,,167.03,TRUE,964,live,193.13,162.23,16,true,5,Guaranteed Delivery,20
129638,Insha Gm Tablets,insha-gm-tab-129638,Methyl Sulfonylmethane 250mg + Diacerein 50mg + Glucosamine 750mg,Methyl Sulfonylmethane+Diacerein+Glucosamine,10 Units in Strip,Tablet,Hauz Pharma Pvt Limited,bone-and-joint-medicines,Osteoarthritis,TRUE,TRUE,FALSE,SCHEDULE H,,165,TRUE,966,live,165,123.75,25,false,2,Out of Stock,20
34072,Alzolam 0.25Mg Tablet,alzolam-0-25mg-tablet-34072,Alprazolam 0.25mg,Alprazolam,10 Units in Strip,Tablet,Sun Pharma,mental-health-medicines,Benzodiazepines,TRUE,TRUE,FALSE,SCHEDULE H1,,17.33,FALSE,968,live,21.56,16.17,25,false,1,We do not sell this product,20
25191,Repace 25Mg Strip Of 10 Tablets,repace-25mg-tablet-25191,Losartan 25mg,Losartan,10 Units in Strip,Tablet,Sun Pharma,blood-pressure-medicines,Angiotensin receptor blockers,TRUE,TRUE,FALSE,SCHEDULE H,,49.25,TRUE,969,live,54.84,42.23,23,true,5,Guaranteed Delivery,20
16808,Stalopam 5Mg Strip Of 10 Tablets,stalopam-5mg-tablet-16808,Citalopram 5mg,Citalopram,10 Units in Strip,Tablet,Lupin,mental-health-medicines,SSRIs,TRUE,TRUE,FALSE,SCHEDULE H,,54.78,FALSE,970,live,53.55,40.16,25,false,1,We do not sell this product,20
208272,Olymprix M 500Mg Strip Of 15 Tablets,olymprix-m-500mg-tab-15-s-208272,Teneligliptin 20mg + Metformin Hydrochloride 500mg,Teneligliptin+Metformin Hydrochloride,15 Units in Strip,Tablet,Alkem Laboratories Ltd,anti-diabetic-medicines,Combinations,TRUE,TRUE,FALSE,SCHEDULE H,3504612,288.16,TRUE,971,live,367.1,290.01,21,true,5,Guaranteed Delivery,20
19790,Petril Plus Tablet,petril-plus-tablet-19790,Clonazepam 0.5mg + Citalopram 10mg,Citalopram+Clonazepam,10 Units in Strip,Tablet,Micro Labs,mental-health-medicines,Combinations,TRUE,TRUE,FALSE,SCHEDULE H,,180.78,FALSE,972,live,180.78,135.59,25,false,1,We do not sell this product,20
106891,Zolamide (Slk) 250Mg Tablets,zolamide-slk-250mg-tab-106891,"Rosuvastatin,Fenofibrate",,10 Units in Strip,Tablet,A.Menarini India,cholesterol-medicines,Hypolipidemic Drugs,TRUE,TRUE,FALSE,SCHEDULE H,,1,TRUE,973,live,1,0.85,15,false,2,Out of Stock,20
26752,Lefra 10Mg Strip Of 10 Tablets,lefra-10mg-tablet-26752,Leflunomide 10mg,Leflunomide,10 Units in Strip,Tablet,Torrent Pharmaceuticals Ltd,bone-and-joint-medicines,Rheumatoid Arthritis,TRUE,TRUE,FALSE,SCHEDULE H,,130.65,TRUE,974,live,154.5,122.06,21,true,5,Guaranteed Delivery,20
25323,Veniz Xr 75Mg Strip Of 10 Capsules,veniz-xr-75mg-cap-25323,Venlafaxine 75mg,Venlafaxine,10 Units in Strip,Capsule,Sun Pharma,mental-health-medicines,SNRIs,TRUE,TRUE,FALSE,SCHEDULE H,,117.9,FALSE,975,live,142,106.5,25,false,1,We do not sell this product,20
26491,Paroxee Cr 12.5Mg Strip Of 10 Tablets,paroxee-cr-12-5mg-tablet-26491,Paroxetine 12.5mg,Paroxetine,10 Units in Strip,Tablet,Talent India,mental-health-medicines,SSRIs,TRUE,TRUE,FALSE,SCHEDULE H,,156,FALSE,976,live,160.31,120.23,25,false,1,We do not sell this product,20
4053,Forxiga 5Mg Strip Of 14 Tablets,forxiga-5mg-tablet-4053,Dapagliflozin 5mg,Dapagliflozin,14 Units in Strip,Tablet,Astrazeneca Pharma India Ltd,anti-diabetic-medicines,SGLT2 inhibitors,TRUE,TRUE,FALSE,SCHEDULE G,,488.55,TRUE,977,live,536.25,402.19,25,true,5,Guaranteed Delivery,20
153770,Yest 10Mg Tablets,yest-10mg-tab-153770,Escitalopram,,10 Units in Strip,Tablet,Staunch Pharmaceuticals,mental-health-medicines,Anti-Depressant,TRUE,TRUE,FALSE,SCHEDULE H,,,FALSE,978,live,0,0,0,false,1,We do not sell this product,20
49212,Glycomet Gp 1Mg Forte Strip Of 10 Tablets,glycomet-gp1-forte-tab-49212,Glimepiride 1mg + Metformin Hydrochloride 1000mg,Metformin Hydrochloride+Glimepiride,10 Units in Strip,Tablet,Usv Pvt Ltd,anti-diabetic-medicines,Combinations,TRUE,TRUE,FALSE,SCHEDULE H,,90.27,TRUE,979,live,95.72,73.7,23,true,5,Guaranteed Delivery,20
136763,Ivaprein Gm Tablets,ivaprein-gm-tab-136763,Methyl Sulfonylmethane 250mg + Diacerein 50mg + Glucosamine 750mg,Methyl Sulfonylmethane+Diacerein+Glucosamine,10 Units in Strip,Tablet,Iva Healthcare Pvt Ltd,bone-and-joint-medicines,Osteoarthritis,TRUE,TRUE,FALSE,SCHEDULE H,,132,TRUE,980,live,132,99,25,false,2,Out of Stock,20
26417,Duloxee 30Mg Strip Of 10 Tablets,duloxee-30mg-tablet-26417,Duloxetine 30mg,Duloxetine,10 Units in Strip,Tablet,Talent India,mental-health-medicines,SNRIs,TRUE,TRUE,FALSE,SCHEDULE H,,130,FALSE,983,live,121.87,91.4,25,false,1,We do not sell this product,20
157993,Kast 10Mg Tablets,kast-10mg-tab-157993,Montelukast 10mg,Montelukast,10 Units in Strip,Tablet,Rnd Laboratories Pvt Ltd,respiratory-medicines,Leukotriene antagonists,TRUE,TRUE,FALSE,SCHEDULE H,,140,TRUE,985,live,140,98,30,false,2,Out of Stock,20
2977752,Jeev 3Mcg Vial Of 0.5Ml Vaccine,jeev-3mcg-vial-of-0-5ml-solution-for-injection-2977752,Inactivated Japanese Encephalitis Virus Protein 3mcg,Inactivated Japanese Encephalitis Virus Protein,.5 Ml in Vial,Vaccine,Biological E Limited,vaccines,,TRUE,FALSE,TRUE,SCHEDULE H,,544.57,TRUE,986,live,544.57,408.43,25,false,2,Out of Stock,20
208584,Tetanus Ampoule Of 0.5Ml Vaccine,tetanus-vaccine-0-5ml-inj-1-s-208584,Tetanus Toxoid,Tetanus Toxoid,0.5 Ml in Ampoule,Injection,Serum Institute Of India Private Limited,vaccines,,TRUE,FALSE,TRUE,SCHEDULE H,,532.18,TRUE,987,live,532.18,372.53,30,false,2,Out of Stock,20
4603,Menactra Vial Of 0.5 Ml Solution For Injection,menactra-vaccine-inj-4603,"Diphtheria Toxoid 48mcg + Meningococcal A, C, W And Y Conjugate Vaccine 16mcg","Diphtheria Toxoid+Meningococcal A, C, W And Y Conjugate Vaccine",0.5 Ml in Vial,Solution For Injection,Biological E Limited,vaccines,,TRUE,FALSE,TRUE,SCHEDULE H,,5612.79,TRUE,988,live,5950,4879,18,true,5,Guaranteed Delivery,3
4557,Rotavac Vaccine 0.5Ml,rotavac-vaccine-0-5ml-4557,Rotavirus Vaccine Live Attenuated 100000iu,Rotavirus Vaccine Live Attenuated,0.5 Ml in Vial,Oral Vaccine,Bharat Biotech International Ltd,vaccines,,TRUE,FALSE,TRUE,SCHEDULE H,,689,TRUE,989,live,689,544.31,21,false,2,Out of Stock,20
500194,Tresivac Pre Filled Syringe Of 0.5Ml Powder For Vaccine,tresivac-pfs-of-0-5ml-powder-for-vaccine-500194,Rubella Vaccine 1000ccid + Mumps Vaccine 5000ccid + Measles Vaccine 1000ccid,Measles Vaccine+Mumps Vaccine+Rubella Vaccine,0.5 Ml in Pre-Filled Syringe,Powder For Vaccine,Serum Institute Of India Private Limited,vaccines,,TRUE,FALSE,TRUE,SCHEDULE H,,671.19,TRUE,990,live,725,609,16,false,2,Out of Stock,20
225693,Sii Td Vac Vial Of 5Ml Vaccine,sii-td-vac-vaccine-5ml-225693,Diphtheria Toxoid(2.0 Iu/0.5Ml) + Tetanus Toxoid(40.0 Iu/0.5Ml),Diphtheria Toxoid+Tetanus Toxoid,5 Ml in Vial,Vaccine,Serum Institute Of India Private Limited,vaccines,,TRUE,FALSE,TRUE,SCHEDULE H,,210.39,TRUE,991,live,210.39,147.27,30,false,2,Out of Stock,20
3988823,Thrabis Vial Of 0.5Ml Vaccine,thrabis-vial-of-0-5ml-vaccine-3988823,Recombinant Rabies G Protein(50.0 Mcg/0.5Ml),Recombinant Rabies G Protein,.5 Ml in Vial,Vaccine,Cadila Pharmaceuticals Limited,vaccines,,TRUE,FALSE,TRUE,SCHEDULE H,,824.62,TRUE,992,live,939,704.25,25,false,2,Out of Stock,20
209016,Rabishield 100Iu Vial Of 2.5Ml Injection,rabishield-100-inj-209016,Rabies Human Monoclonal Antibody 100iu,Rabies Human Monoclonal Antibody,2.5 Ml in Vial,Injection,Serum Institute Of India Private Limited,vaccines,,TRUE,FALSE,TRUE,SCHEDULE H,,2289.78,TRUE,993,live,2169.7,1844.24,15,true,5,Guaranteed Delivery,20
4555,Typbar Vial Of 0.5Ml Vaccine,typbar-inj-0-5ml-4555,Salmonella Typhi(25.0 Mcg/0.5Ml),Salmonella Typhi,0.5 Ml in Vial,Vaccine,Bharat Biotech International Ltd,vaccines,,TRUE,FALSE,TRUE,SCHEDULE C,,165,TRUE,994,live,165,140.25,15,false,2,Out of Stock,6
78219,Lg Euvax B 200Mg Injection 10Ml,lg-euvax-b-200mg-inj-10ml-78219,Hepatitis B Vaccine,,10 Ml in Injection,Injection,Lglsi Pharma,vaccines,,TRUE,FALSE,TRUE,SCHEDULE H,,1250,TRUE,995,live,1250,937.5,25,false,2,Out of Stock,20
85318,Xprab Dry Vial Of 1 Powder For Vaccine,xprab-inj-85318,Rabies Vaccine 2.5iu/vial,Rabies Vaccine,1 Units in Dry Vial,Powder For Vaccine,Ranbaxy Laboratories (Sun Pharma),vaccines,,TRUE,FALSE,TRUE,SCHEDULE H,,382.86,TRUE,997,live,404.52,335.75,17,true,5,Guaranteed Delivery,20
2988391,Rotasiil Liquid Ampoule Of 2Ml Solution For Vaccine,rotasiil-liquid-ampoule-of-2ml-solution-for-vaccine-2988391,Rotavirus Vaccine Live Attenuated 100000iu,Rotavirus Vaccine Live Attenuated,2 Ml in Ampoule,Oral Vaccine,Serum Institute Of India Private Limited,vaccines,,TRUE,FALSE,TRUE,SCHEDULE H,,924.53,TRUE,998,live,924.53,647.17,30,false,2,Out of Stock,20
109273,Variped Dry Vial Of 0.5Ml Powder For Vaccine,variped-vaccine-109273,Varicella Zoster Vaccine 0.5ml,Varicella Zoster Vaccine,0.5 Ml in Dry Vial,Powder For Vaccine,Msd Pharmaceuticals Indian Private Ltd,vaccines,,TRUE,FALSE,TRUE,SCHEDULE C,,2289.97,TRUE,1000,live,2289.97,1602.98,30,false,2,Out of Stock,20
211773,Infanrix Hexa Pre Filled Syringe Of 0.5Ml Powder For Vaccine,infanrix-hexa-vaccine-0-5ml-211773,Diphteria + Pertusis + Tetanus + Hepatitis + Poliomyelitis + Haemophilus Type B,,0.5 Ml in Pre-Filled Syringe,Powder For Vaccine,Glaxosmithkline,vaccines,,TRUE,FALSE,TRUE,SCHEDULE H,,3202.73,TRUE,1002,live,3202.73,2241.91,30,false,2,Out of Stock,20
24093,Hexaxim Pre Filled Syrimge Of 0.5Ml Suspension For Injection,hexaxim-inj-24093,Diphtheria Toxoid 20iu + Tetanus Toxoid 40iu + Hepatitis B Vaccine 100mcg + Pertussis Toxoid 25mcg + Filamentous Haemagglutinin 25mcg + Poliomyelitis Virus Type 1 40du + Poliomyelitis Virus Type 2 8du + Poliomyelitis Virus Type 3 32du + Haemophilus Influenzae Type B Capsular Polysaccharide 25mcg,Diphtheria Toxoid+Tetanus Toxoid+Hepatitis B Vaccine+Pertussis Toxoid+Filamentous Haemagglutinin+Poliomyelitis Virus Type 1+Poliomyelitis Virus Type 2+Poliomyelitis Virus Type 3+Haemophilus Influenzae Type B Capsular Polysaccharide,.5 Ml in Pre-Filled Syringe,Suspension For Injection,Sanofi,vaccines,,TRUE,FALSE,TRUE,SCHEDULE H,,4185.13,TRUE,1003,live,4185.13,2929.59,30,false,2,Out of Stock,20
11493,Boostrix Pre Filled Syringe Of 0.5Ml Suspension For Vaccine,boostrix-inj-0-5ml-11493,Tetanus Toxoid(20.0 Iu/0.5Ml) + Diphtheria Toxoid(2.0 Iu/0.5Ml) + Pertussis Toxoid(8.0 Mg/0.5Ml),Diphtheria Toxoid+Pertussis Toxoid+Tetanus Toxoid,.5 Ml in Pre-Filled Syringe,Suspension For Vaccine,Glaxosmithkline,vaccines,,TRUE,FALSE,TRUE,SCHEDULE H,,1407.2,TRUE,1004,live,1538,1215.02,21,false,2,Out of Stock,3
4256896,Easy Six Vial Of 0.5Ml Vaccine,easy-six-vial-of-0-5ml-vaccine-4256896,Inactivated Whole Cell Pertussis(4.0 Iu/0.5Ml) + Diphtheria Toxoid 30iu + Inactivated Salk Polio Virus Type 1(40.0 Du/0.5Ml) + Inactivated Salk Polio Virus Type 3(32.0 Du/0.5Ml) + Inactivated Salk Polio Virus Type 2(8.0 Du/0.5Ml) + 2 Phenoxyethanol(3.3 Mg/0.5Ml) + R Hepatitis B Surface Antigen(10.0 Mcg/0.5Ml) + Tetanus Toxoid(60.0 Iu/0.5Ml) + Haemophilus Influenzae Type B Conjugated(10.0 Mcg/0.5Ml),Diphtheria Toxoid+Tetanus Toxoid+Inactivated Whole Cell Pertussis+R Hepatitis B Surface Antigen+Haemophilus Influenzae Type B Conjugated+Inactivated Salk Polio Virus Type 1+Inactivated Salk Polio Virus Type 2+Inactivated Salk Polio Virus Type 3+2 Phenoxyethanol,.5 Ml in Vial,Vaccine,Panacea Biotec Ltd,vaccines,,TRUE,FALSE,TRUE,SCHEDULE H,,2995,TRUE,1005,live,2995,2246.25,25,false,2,Out of Stock,20
32660,Abhayrab Dry Vial Of 1 Vaccine,abhayrab-inj-0-5ml-32660,Rabies Vaccine Human 2.5iu,Rabies Vaccine Human,1 Units in Dry Vial,Vaccine,Indian Immunologicals Ltd,vaccines,,TRUE,FALSE,TRUE,SCHEDULE H,,390.82,TRUE,1006,live,404.57,335.79,17,true,5,Guaranteed Delivery,20
16377,Levocetrizen 5Mg Strip Of 10 Tablets,levocetrizen-5mg-tab-16377,Levocetirizine 5mg,Levocetirizine,10 Units in Strip,Tablet,Leeford Healthcare Ltd,anti-allergic-medicines,,TRUE,FALSE,FALSE,SCHEDULE H,,34.71,TRUE,1007,live,32,18.56,42,true,5,Guaranteed Delivery,20
223062,Levocetrizen 10Mg Strip Of 10 Tablets,levocetrizen-10mg-tab-10-s-223062,Levocetirizine 10mg,Levocetirizine,10 Units in Strip,Tablet,Leeford Healthcare Ltd,anti-allergic-medicines,,TRUE,FALSE,FALSE,SCHEDULE H,,43.78,TRUE,1008,live,41.25,23.51,43,true,5,Guaranteed Delivery,20
6736,Vitomin D3 Sachet Of 1Gm Granules,vitomin-d3-granules-6736,Vitamin D3 / Cholecalciferol 60000iu,Vitamin D3 / Cholecalciferol,1 G in Sachet,Granules,Cipla Gx,vitamins-and-supplements,Other,FALSE,FALSE,FALSE,NON SCHEDULED,,37.98,TRUE,1009,live,36.29,20.32,44,true,5,Guaranteed Delivery,20
6845,Vitomin D3 400Iu Bottle Of 30Ml Oral Drops,vitomin-d3-400iu-drops-30ml-6845,Vitamin D3 / Cholecalciferol 400iu/ml,Vitamin D3 / Cholecalciferol,30 Ml in Bottle,Oral Drop,Cipla Gx,vitamins-and-supplements,Other,FALSE,FALSE,FALSE,NON SCHEDULED,,87.55,TRUE,1010,live,84.31,48.06,43,true,5,Guaranteed Delivery,20
214164,Amoxyclav 625Mg Strip Of 10 Tablets,amoxyclav-625mg-tab-10-s-214164,Amoxycillin / Amoxicillin 500mg + Clavulanic Acid 125mg,Amoxycillin / Amoxicillin+Clavulanic Acid,10 Units in Strip,Tablet,Abbott Healthcare Pvt Ltd,antibiotics,Penicillins,TRUE,FALSE,FALSE,SCHEDULE H,3505785,206.86,TRUE,1011,live,196.77,108.22,45,true,5,Guaranteed Delivery,20
3601297,Rosuvastin Gold 20Mg Strip Of 10 Capsules,rosuvastin-gold-20mg-strip-of-10-capsules-3601297,Aspirin / Acetyl Salicylic Acid 75mg + Clopidogrel 75mg + Rosuvastatin 20mg,Aspirin / Acetyl Salicylic Acid+Clopidogrel+Rosuvastatin,10 Units in Strip,Capsule,Vivier Pharma Private Limited,cholesterol-medicines,Statins,TRUE,TRUE,FALSE,SCHEDULE H,,254.92,TRUE,1012,live,258.19,183.31,29,true,5,Guaranteed Delivery,20
228249,Isotrenol 20Mg Strip Of 10 Capsules,isotrenol-20mg-capsule-10-s-228249,Isotretinoin 20mg,Isotretinoin,10 Units in Strip,Softgel Capsule,Knoll Healthcare Pvt Ltd,dermatology-medicines,Anti-Acne,TRUE,FALSE,FALSE,SCHEDULE H,,239.47,TRUE,1013,live,224,159.04,29,true,5,Guaranteed Delivery,10
3587434,Montas Fx Strip Of 10 Tablets,montas-fx-strip-of-10-tablets-3587434,Montelukast 10mg + Fexofenadine 120mg,Montelukast+Fexofenadine,10 Units in Strip,Tablet,Intas Pharmaceuticals Ltd,anti-allergic-medicines,,TRUE,FALSE,FALSE,SCHEDULE H,,220.47,TRUE,1014,live,235.78,167.4,29,true,5,Guaranteed Delivery,20
17401,Megalis 20Mg Strip Of 4 Tablets,megalis-20mg-tablet-17401,Tadalafil 20mg,Tadalafil,4 Units in Strip,Tablet,Macleods Pharmaceuticals,mens-health-medicines,Sexual Wellness,TRUE,FALSE,FALSE,SCHEDULE H,,438.02,TRUE,1015,live,536.54,386.31,28,true,5,Guaranteed Delivery,20
12226,Renerve Plus Ampoule Of 2Ml Injection,renerve-plus-injection-12226,Vitamin B12 / Mecobalamin / Cynocobalamin / Methylcobalamin 1mg + Vitamin B6 / Pyridoxine 100mg + Vitamin B3 / Nicotinic Acid / Niacin 100mg,Vitamin B12 / Mecobalamin / Cynocobalamin / Methylcobalamin+Vitamin B6 / Pyridoxine+Vitamin B3 / Nicotinic Acid / Niacin,2 Ml in Ampoule,Injection,Eris Life Sciences Pvt Ltd,vitamins-and-supplements,Multivitamin,TRUE,FALSE,FALSE,NON SCHEDULED,,132.45,TRUE,1016,live,146.19,109.64,25,true,5,Guaranteed Delivery,20
230563,Aldigesic P Strip Of 15 Tablets,aldigesic-p-tablet-15-s-230563,Aceclofenac 100mg + Paracetamol / Acetaminophen 325mg,Aceclofenac+Paracetamol / Acetaminophen,15 Units in Strip,Tablet,Alkem Laboratories Ltd,pain-relief-medicines,Analgesic/antipyretic,TRUE,FALSE,FALSE,SCHEDULE H,3930213,111.35,TRUE,1017,live,119.05,85.72,28,true,5,Guaranteed Delivery,20
227724,Pregabanyl Nt Strip Of 10 Tablets,pregabanyl-nt-tablet-10-s-227724,Pregabalin 75mg + Nortriptyline 10mg,Pregabalin+Nortriptyline,10 Units in Strip,Tablet,Leeford Healthcare Ltd,nerve-pain-medicines,Peripheral Neuropathy,TRUE,TRUE,FALSE,SCHEDULE H1,,154.45,TRUE,1018,live,145,102.95,29,true,5,Guaranteed Delivery,20
3929654,L Hist Mont Strip Of 15 Tablets,l-hist-mont-strip-of-15-tablets-3929654,Levocetirizine 5mg + Montelukast 10mg,Levocetirizine+Montelukast,15 Units in Strip,Tablet,Alkem Laboratories Ltd,anti-allergic-medicines|cough-and-cold-medicines,,TRUE,FALSE,FALSE,SCHEDULE H,3929688,249.97,TRUE,1019,live,257.8,170.15,34,true,5,Guaranteed Delivery,20
197195,New Ketokem Bottle Of 110Ml Shampoo,new-ketokem-shampoo-110ml-197195,Ketoconazole 2%w/v,Ketoconazole,110 Ml in Bottle,Shampoo,Alkem Laboratories Ltd,dermatology-medicines,Anti-Dandruff,TRUE,FALSE,FALSE,SCHEDULE H,3507155,212.54,TRUE,1020,live,220.3,147.6,33,true,5,Guaranteed Delivery,20
3110878,Omee D Strip Of 20 Capsules,omee-d-strip-of-20-capsules-3110878,Domperidone 10mg + Omeprazole 20mg,Domperidone+Omeprazole,20 Units in Strip,Capsule,Alkem Laboratories Ltd,gastrointestinal-medicines,Antacid and Anti-Emetic,TRUE,FALSE,FALSE,SCHEDULE H,3503732,208.59,TRUE,1021,live,230,131.1,43,true,5,Guaranteed Delivery,20
18256,Lipikind F Strip Of 10 Tablets,lipikind-f-tablet-18256,Atorvastatin 10mg + Fenofibrate 160mg,Fenofibrate+Atorvastatin,10 Units in Strip,Tablet,Mankind Pharmaceuticals Ltd,cholesterol-medicines,Combinations,TRUE,TRUE,FALSE,SCHEDULE H,,96.35,TRUE,1022,live,112.15,82.99,26,true,5,Guaranteed Delivery,20
109650,Finobrate 145Mg Strip Of 10 Tablets,finobrate-145mg-tablet-109650,Fenofibrate 145mg,Fenofibrate,10 Units in Strip,Tablet,Knoll Healthcare Pvt Ltd,cholesterol-medicines,Fibrates,TRUE,TRUE,FALSE,SCHEDULE H,,125.81,TRUE,1023,live,118,84.96,28,true,5,Guaranteed Delivery,20
2933641,Vigore 100Mg Strip Of 4 Tablets,vigore-100mg-strip-of-4-tablets-2933641,Sildenafil 100mg,Sildenafil,4 Units in Strip,Tablet,German Remedies Ltd,mens-health-medicines,Sexual Wellness,TRUE,FALSE,FALSE,SCHEDULE H,,116.22,TRUE,1024,live,119.53,63.35,47,true,5,Guaranteed Delivery,3
3968165,Ebast M Strip Of 15 Tablets,ebast-m-strip-of-15-tablets-3968165,Montelukast 10mg + Ebastine 10mg,Ebastine+Montelukast,15 Units in Strip,Tablet,Micro Labs,anti-allergic-medicines,,TRUE,FALSE,FALSE,SCHEDULE H,3980491,302.27,TRUE,1025,live,304.61,246.73,19,true,5,Guaranteed Delivery,20
17400,Megalis 10Mg Strip Of 4 Tablets,megalis-10mg-tablet-17400,Tadalafil 10mg,Tadalafil,4 Units in Strip,Tablet,Macleods Pharmaceuticals,mens-health-medicines,Sexual Wellness,TRUE,FALSE,FALSE,SCHEDULE H,,201.66,TRUE,1026,live,212.9,153.29,28,true,5,Guaranteed Delivery,20
16618,Acemiz S Strip Of 10 Tablets,acemiz-s-tablet-16618,Aceclofenac 100mg + Serratiopeptidase 15mg + Paracetamol / Acetaminophen 325mg,Aceclofenac+Serratiopeptidase+Paracetamol / Acetaminophen,10 Units in Strip,Tablet,Lupin,pain-relief-medicines,Anti-Inflammatory,TRUE,FALSE,FALSE,SCHEDULE H,,123.01,TRUE,1027,live,144,82.08,43,true,5,Guaranteed Delivery,20
2775,Rabalkem Dsr Strip Of 10 Capsules,rabalkem-dsr-capsule-2775,Rabeprazole 20mg + Domperidone 30mg,Rabeprazole+Domperidone,10 Units in Strip,Capsule,Alkem Laboratories Ltd,gastrointestinal-medicines,Antacid and Anti-Emetic,TRUE,FALSE,FALSE,SCHEDULE H,3504524,138.57,TRUE,1028,live,145.3,81.37,44,true,5,Guaranteed Delivery,20
34385,Amlip 5Mg Strip Of 10 Tablets,amlip-5mg-tablet-34385,Amlodipine 5mg,Amlodipine,10 Units in Strip,Tablet,Cipla Gx,cardiac-medicines|blood-pressure-medicines,Anti-Anginal,TRUE,TRUE,FALSE,SCHEDULE H,,28.46,TRUE,1029,live,26.83,19.05,29,true,5,Guaranteed Delivery,20
172988,Montecip Lc Strip Of 10 Tablets,montecip-lc-strip-of-10-tablets-172988,Levocetirizine 5mg + Montelukast 10mg,Levocetirizine+Montelukast,10 Units in Strip,Tablet,Cipla Gx,cough-and-cold-medicines|anti-allergic-medicines,,TRUE,FALSE,FALSE,SCHEDULE H,,209.25,TRUE,1030,live,231.29,120.27,48,true,5,Guaranteed Delivery,20
15948,Atr 40Mg Strip Of 10 Tablets,atr-40mg-tablet-15948,Atorvastatin 40mg,Atorvastatin,10 Units in Strip,Tablet,Knoll Healthcare Pvt Ltd,cholesterol-medicines,Statins,TRUE,TRUE,FALSE,SCHEDULE H,,215.96,TRUE,1031,live,202.49,143.77,29,true,5,Guaranteed Delivery,18
22672,Silverex Ionic Tube Of 20Gm Gel,silverex-ionic-gel-20gm-22672,Silver Nitrate 0.2%w/w,Silver Nitrate,20.0 G in Tube,Gel,Ranbaxy Laboratories (Sun Pharma),antibiotics,Antiseptic,TRUE,FALSE,FALSE,NON SCHEDULED,3505565,153.47,TRUE,1032,live,169.69,130.66,23,true,5,Guaranteed Delivery,20
2977316,Manforce 100Mg Strip Of 4 Tablets,manforce-100mg-strip-of-4-tablets-2977316,Sildenafil 100mg,Sildenafil,4 Units in Strip,Tablet,Mankind Consumer Products Private Limited,mens-health-medicines,Sexual Wellness,TRUE,FALSE,FALSE,SCHEDULE H,,243,TRUE,1033,live,265,190.8,28,true,5,Guaranteed Delivery,20
6903,Fericip Xt Strip Of 10 Tablets,fericip-xt-tablet-6903,Vitamin B9 / Folic Acid / Folate 1.5mg + Ferrous Ascorbate 100mg,Ferrous Ascorbate+Vitamin B9 / Folic Acid / Folate,10 Units in Strip,Tablet,Cipla Gx,iron-and-anaemia-medicines,Haematinics,FALSE,FALSE,FALSE,NON SCHEDULED,3502884,125.63,TRUE,1035,live,139.11,73.73,47,true,5,Guaranteed Delivery,20
206254,Manforce Staylong 50/30Mg Strip Of 4 Tablets,manforce-staylong-50-30-mg-tablet-4-206254,Dapoxetine 30mg + Sildenafil 50mg,Dapoxetine+Sildenafil,4 Units in Strip,Tablet,Mankind Consumer Products Private Limited,mens-health-medicines,Erectile Dysfunction,TRUE,FALSE,FALSE,SCHEDULE H,3501400,281,TRUE,1036,live,281,210.75,25,true,5,Guaranteed Delivery,20
111041,Chymotas Forte Strip Of 20 Tablets,chymotas-forte-tablet-111041,Chymotrypsin-Trypsin 100000au,Chymotrypsin-Trypsin,20 Units in Strip,Tablet,Intas Pharmaceuticals Ltd Gx,pain-relief-medicines,Anti-Inflammatory,TRUE,FALSE,FALSE,SCHEDULE H,,451.16,TRUE,1037,live,485.63,276.81,43,true,5,Guaranteed Delivery,20
3044839,Nebivol 2.5Mg Strip Of 10 Tablets,nebivol-2-5mg-strip-of-10-tablets-3044839,Nebivolol 2.5mg,Nebivolol,10 Units in Strip,Tablet,Knoll Healthcare Pvt Ltd,blood-pressure-medicines,Beta blockers,TRUE,TRUE,FALSE,SCHEDULE H,,76,TRUE,1038,live,71,46.86,34,true,5,Guaranteed Delivery,20
119027,Long Drive 60Mg Strip Of 4 Tablets,long-drive-60mg-tab-119027,Dapoxetine 60mg,Dapoxetine,4 Units in Strip,Tablet,Leeford Healthcare Ltd,mens-health-medicines,Sexual Wellness,TRUE,FALSE,FALSE,SCHEDULE H,,178.79,TRUE,1039,live,150,103.5,31,true,5,Guaranteed Delivery,20
15974,Nebivol 5Mg Strip Of 10 Tablets,nebivol-5mg-tablet-15974,Nebivolol 5mg,Nebivolol,10 Units in Strip,Tablet,Knoll Healthcare Pvt Ltd,blood-pressure-medicines,Beta blockers,TRUE,TRUE,FALSE,SCHEDULE H,,141,TRUE,1040,live,132,77.88,41,true,5,Guaranteed Delivery,20
29484,Montewok Lc Strip Of 10 Tablets,montewok-lc-tablet-29484,Levocetirizine 5mg + Montelukast 10mg,Levocetirizine+Montelukast,10 Units in Strip,Tablet,Wockhardt Limited,cough-and-cold-medicines|anti-allergic-medicines,,TRUE,FALSE,FALSE,SCHEDULE H,,219.97,TRUE,1041,live,245.7,137.59,44,true,5,Guaranteed Delivery,20
173168,Cipcal D3 Sachet Of 1Gm Granules,cipcal-d3-granules-1gm-173168,Vitamin D3 / Cholecalciferol 60000iu,Vitamin D3 / Cholecalciferol,1 G in Sachet,Granules,Cipla Gx,vitamins-and-supplements,Other,FALSE,FALSE,FALSE,NON SCHEDULED,,41.29,TRUE,1042,live,36.29,19.23,47,true,5,Guaranteed Delivery,20
14393,Mecofol Od 1500Mcg Strip Of 10 Tablets,mecofol-od-1500mcg-tablet-14393,Vitamin B12 / Mecobalamin / Cynocobalamin / Methylcobalamin 1.5mg,Vitamin B12 / Mecobalamin / Cynocobalamin / Methylcobalamin,10 Units in Strip,Tablet,Intas Pharmaceuticals Ltd Gx,vitamins-and-supplements,Other,FALSE,FALSE,FALSE,NON SCHEDULED,,149.88,TRUE,1043,live,156.56,89.24,43,true,5,Guaranteed Delivery,20
194055,Rzole Dsr Strip Of 10 Capsules,rzole-dsr-strip-of-10-capsules-194055,Rabeprazole 20mg + Domperidone 30mg,Rabeprazole+Domperidone,10 Units in Strip,Capsule,Abbott Healthcare Pvt Ltd,gastrointestinal-medicines,Antacid and Anti-Emetic,TRUE,FALSE,FALSE,SCHEDULE H,,139.71,TRUE,1044,live,132.08,73.96,44,true,5,Guaranteed Delivery,20
221933,Cipcal D3 Strip Of 4 Capsules,cipcal-d3-cap-4-s-221933,Vitamin D3 / Cholecalciferol 60000iu,Vitamin D3 / Cholecalciferol,4 Units in Strip,Capsule,Cipla Gx,vitamins-and-supplements,Other,FALSE,FALSE,FALSE,NON SCHEDULED,,137.43,TRUE,1045,live,131.53,93.39,29,true,5,Guaranteed Delivery,20
231886,Geomax 4G Strip Of 10 Capsules,geomax-4g-capsule-10-s-231886,Cholime Bitartrate 25mg + Carotenoids 11.33mg + Elemental Selenium 20mcg + Grape Seed Extract 15mg + Sodium Metavanadate 10mcg + Elemental Manganese 1.5mg + Elemental Chloride 3.6mg + Vitamin D3 / Cholecalciferol 200iu + Elemental Potassium 4mg + Ferrous Fumarate 30mg + Vitamin B12 / Mecobalamin / Cynocobalamin / Methylcobalamin 1mcg + Elemental Molybdenum 25mcg + Elemental Iodine 150mcg + Vitamin K 10mcg + Lutein 250mcg + Vitamin B6 / Pyridoxine 1mg + Elemental Silicon 2mg + Elemental Calcium 20mg + Elemental Chromium 65mcg + Vitamin B3 / Nicotinic Acid / Niacin 20mg + Nickel Sulphate 5mcg + Docosahexaenoic Acid 60mg + Ginseng 42.5mg + Elemental Copper 0.5mg + Elemental Tin 10mcg + Elemental Magnesium 30mg + Ginkgo Biloba Extract 10mg + Citrus Bioflavonoids 20mg + Piperine 5mg + Zinc Oxide 15mg + Benfotiamine 1.5mg + Lactic Acid Bacillus 50m + Wheat Germ Oil 25mg + Vitamin B9 / Folic Acid / Folate 150mcg + Green Tea Extract 10mg + Eicosapenaenoic Acid 90mg + Calcium Ascorbate 45mg + Elemental Phosphorus 15.45mg + Vitamin B7 / Biotin / Vitamin H 100mcg + Elemental Boron 150mcg,Cholime Bitartrate+Carotenoids+Elemental Selenium+Grape Seed Extract+Sodium Metavanadate+Elemental Manganese+Elemental Chloride+Vitamin D3 / Cholecalciferol+Elemental Potassium+Ferrous Fumarate+Vitamin B12 / Mecobalamin / Cynocobalamin / Methylcobalamin+Elemental Molybdenum+Elemental Iodine+Vitamin K+Lutein+Vitamin B6 / Pyridoxine+Elemental Silicon+Elemental Calcium+Elemental Chromium+Vitamin B3 / Nicotinic Acid / Niacin+Nickel Sulphate+Docosahexaenoic Acid+Ginseng+Elemental Copper+Elemental Tin+Elemental Magnesium+Ginkgo Biloba Extract+Citrus Bioflavonoids+Piperine+Zinc Oxide+Benfotiamine+Lactic Acid Bacillus+Wheat Germ Oil+Vitamin B9 / Folic Acid / Folate+Green Tea Extract+Eicosapenaenoic Acid+Calcium Ascorbate+Elemental Phosphorus+Vitamin B7 / Biotin / Vitamin H+Elemental Boron,10 Units in Strip,Softgel Capsule,Leeford Healthcare Ltd,nerve-pain-medicines,Peripheral Neuropathy,FALSE,TRUE,FALSE,NON SCHEDULED,,159.54,TRUE,1046,live,160,116.8,27,true,4,Short in Supply. May be delivered late.,20
16373,Ketofly Soap 75Gm,ketofly-soap-16373,Cetrimide 0.5%w/w + Ketoconazole 2%w/w,Ketoconazole+Cetrimide,75 G in Box,Soap,Leeford Healthcare Ltd,antifungal-medicines,Topical Anti-Fungal,TRUE,FALSE,FALSE,SCHEDULE H,4015047,116.08,TRUE,1047,live,120,68.4,43,true,5,Guaranteed Delivery,20
15962,Mecobel Od Strip Of 10 Tablets,mecobel-od-1500mcg-tablet-15962,Vitamin B12 / Mecobalamin / Cynocobalamin / Methylcobalamin 1.5mg,Vitamin B12 / Mecobalamin / Cynocobalamin / Methylcobalamin,10 Units in Strip,Tablet,Knoll Healthcare Pvt Ltd,vitamins-and-supplements,Other,FALSE,FALSE,FALSE,NON SCHEDULED,,217.25,TRUE,1048,live,203.5,115.99,43,true,5,Guaranteed Delivery,20
5661,Calcigen D3 Strip Of 4 Capsules,calcigen-d3-strip-of-4-capsules-5661,Vitamin D3 / Cholecalciferol 60000iu,Vitamin D3 / Cholecalciferol,4 Units in Strip,Capsule,Cadila Pharmaceuticals Limited,vitamins-and-supplements,Other,FALSE,FALSE,FALSE,NON SCHEDULED,,137.18,TRUE,1049,live,131.49,71,46,true,5,Guaranteed Delivery,20
6367,Suhagra 50Mg Strip Of 4 Tablets,suhagra-50mg-tablet-6367,Sildenafil 50mg,Sildenafil,4 Units in Strip,Tablet,Cipla Gx,mens-health-medicines,Sexual Wellness,TRUE,FALSE,FALSE,SCHEDULE H,,133.73,TRUE,1050,live,150.97,108.7,28,true,5,Guaranteed Delivery,20
6872,Okamet 500Mg Strip Of 20 Tablets,okamet-500mg-strip-of-20-tablets-6872,Metformin Hydrochloride 500mg,Metformin Hydrochloride,20 Units in Strip,Tablet,Cipla Gx,anti-diabetic-medicines,Biguanides,TRUE,TRUE,FALSE,SCHEDULE G,3503146,26.61,TRUE,1051,live,26.32,18.69,29,true,5,Guaranteed Delivery,20
6896,Pregacip M Strip Of 10 Capsules,pregacip-m-capsule-6896,Pregabalin 75mg + Vitamin B12 / Mecobalamin / Cynocobalamin / Methylcobalamin 750mcg,Pregabalin+Vitamin B12 / Mecobalamin / Cynocobalamin / Methylcobalamin,10 Units in Strip,Capsule,Cipla Gx,nerve-pain-medicines,Peripheral Neuropathy,TRUE,TRUE,FALSE,SCHEDULE H1,,163.05,TRUE,1052,live,185.29,131.56,29,true,5,Guaranteed Delivery,20
34015,Altraz 1Mg Strip Of 14 Tablets,altraz-1mg-tablet-34015,Anastrozole 1mg,Anastrozole,14 Units in Strip,Tablet,Alkem Laboratories Ltd,cancer-medicines,Hormonal therapies,TRUE,TRUE,FALSE,SCHEDULE H,,810.00,TRUE,1053,live,759.38,569.53,25,true,4,Short in Supply. May be delivered late.,20
6159,Lipvas 10Mg Strip Of 10 Tablets,lipvas-10mg-tablet-6159,Atorvastatin 10mg,Atorvastatin,10 Units in Strip,Tablet,Cipla Gx,cholesterol-medicines,Statins,TRUE,TRUE,FALSE,SCHEDULE H,,56.76,TRUE,1054,live,53.44,36.34,32,true,5,Guaranteed Delivery,20
188837,Minolast Lc Strip Of 10 Tablets,minolast-lc-strip-of-10-tablets-188837,Levocetirizine 5mg + Montelukast 10mg,Levocetirizine+Montelukast,10 Units in Strip,Tablet,Leeford Healthcare Ltd,cough-and-cold-medicines|anti-allergic-medicines,,TRUE,FALSE,FALSE,SCHEDULE H,,139.02,TRUE,1055,live,120,67.2,44,true,5,Guaranteed Delivery,20
16395,Rebozen Dsr Strip Of 10 Capsules,rebozen-dsr-capsule-16395,Rabeprazole 20mg + Domperidone 30mg,Rabeprazole+Domperidone,10 Units in Strip,Capsule,Leeford Healthcare Ltd,gastrointestinal-medicines,Antacid and Anti-Emetic,TRUE,FALSE,FALSE,SCHEDULE H,,89.86,TRUE,1056,live,89,49.84,44,true,5,Guaranteed Delivery,20
16388,Pantafol Dsr Strip Of 10 Capsules,pantafol-dsr-capsule-16388,Pantoprazole 40mg + Domperidone 30mg,Domperidone+Pantoprazole,10 Units in Strip,Capsule,Leeford Healthcare Ltd,gastrointestinal-medicines,Antacid and Anti-Emetic,TRUE,FALSE,FALSE,SCHEDULE H,,94.32,TRUE,1057,live,92.8,50.11,46,true,5,Guaranteed Delivery,20
488715,Calciquick D3 Nano Lychee Flavour Sugar Free Bottle Of 5Ml Oral Solution,calciquick-d3-nano-lychee-flavour-sugar-free-bottle-of-5ml-solution-488715,Vitamin D3 / Cholecalciferol(60000.0 Iu/5Ml),Vitamin D3 / Cholecalciferol,5 Ml in Bottle,Oral Solution,Morepen Laboratories,vitamins-and-supplements,Other,FALSE,FALSE,FALSE,NON SCHEDULED,3930146,100.47,TRUE,1058,live,94.69,50.19,47,true,5,Guaranteed Delivery,20
226673,New Coldact Strip Of 20 Capsules,new-coldact-capsule-20-s-226673,Phenylephrine 20mg + Chlorpheniramine Maleate 8mg,Phenylephrine+Chlorpheniramine Maleate,20 Units in Strip,Capsule,Sun Pharma,cough-and-cold-medicines,,TRUE,FALSE,FALSE,SCHEDULE H,3506847,151.68,TRUE,1060,live,172.5,124.2,28,true,5,Guaranteed Delivery,20
30285,Proluton Depot 500Mg Injection 2Ml,proluton-depot-500mg-inj-2ml-30285,Hydroxyprogesterone 250mg/ml,Hydroxyprogesterone,2 Ml in Ampoule,Injection,Zydus Healthcare Limited,womens-health-medicines,Premature Labour Prevention,TRUE,FALSE,FALSE,SCHEDULE H,,399.38,TRUE,1061,live,462.53,346.9,25,true,5,Guaranteed Delivery,20
6857,Cetcip L 5Mg Strip Of 10 Tablets,cetcip-l-5mg-tablet-6857,Levocetirizine 5mg,Levocetirizine,10 Units in Strip,Tablet,Cipla Gx,anti-allergic-medicines,,TRUE,FALSE,FALSE,SCHEDULE H,,72.5,TRUE,1062,live,83.72,60.28,28,true,5,Guaranteed Delivery,20
18429,Argipreg Sugar Free Sachet Of 6.5Gm Granules,argipreg-sf-sach-6-5gm-18429,Proanthocyanadins 75mg + L-Arginine / Arginine 3g,Proanthocyanadins+L-Arginine / Arginine,6.5 G in Sachet,Granules,Mankind Pharmaceuticals Ltd,vitamins-and-supplements,Nutritional Supplement,FALSE,FALSE,FALSE,NON SCHEDULED,3705243,55.21,TRUE,1063,live,66.91,49.51,26,true,5,Guaranteed Delivery,20
2569,Azikem 500Mg Strip Of 3 Tablets,azikem-500mg-strip-of-3-tablets-2569,Azithromycin 500mg,Azithromycin,3 Units in Strip,Tablet,Alkem Laboratories Ltd,antibiotics,Macrolides,TRUE,FALSE,FALSE,SCHEDULE H,3534085,77.62,TRUE,1064,live,76.04,50.95,33,true,5,Guaranteed Delivery,20
30453,Penegra 50Mg Strip Of 4 Tablets,penegra-50mg-strip-4-of-tablets-30453,Sildenafil 50mg,Sildenafil,4 Units in Strip,Tablet,Zydus Healthcare Limited,mens-health-medicines,Sexual Wellness,TRUE,FALSE,FALSE,SCHEDULE H,3508471,188.37,TRUE,1065,live,217.89,156.88,28,true,5,Guaranteed Delivery,20
16383,Minolast Fx Strip Of 10 Tablets,minolast-fx-tablet-16383,Montelukast 10mg + Fexofenadine 120mg,Montelukast+Fexofenadine,10 Units in Strip,Tablet,Leeford Healthcare Ltd,anti-allergic-medicines,,TRUE,FALSE,FALSE,SCHEDULE H,,157.19,TRUE,1066,live,149,84.93,43,true,5,Guaranteed Delivery,20
6854,Amlip At 5/50Mg Strip Of 10 Tablets,amlip-at-strip-of-10-tablets-6854,Amlodipine 5mg + Atenolol 50mg,Amlodipine+Atenolol,10 Units in Strip,Tablet,Cipla Gx,blood-pressure-medicines,Combinations,TRUE,TRUE,FALSE,SCHEDULE H,,79.61,TRUE,1067,live,90.58,64.31,29,true,5,Guaranteed Delivery,20
6160,Lipvas 20Mg Strip Of 10 Tablets,lipvas-20mg-strip-of-10-tablets-6160,Atorvastatin 20mg,Atorvastatin,10 Units in Strip,Tablet,Cipla Gx,cholesterol-medicines,Statins,TRUE,TRUE,FALSE,SCHEDULE H,,142.8,TRUE,1068,live,134.18,69.77,48,true,5,Guaranteed Delivery,20
3594498,Amodep 5Mg Strip Of 15 Tablets,amodep-5mg-strip-of-15-tablets-3594498,Amlodipine 5mg,Amlodipine,15 Units in Strip,Tablet,Fdc Limited,blood-pressure-medicines|cardiac-medicines,Calcium channel blockers,TRUE,TRUE,FALSE,SCHEDULE H,3594501,18.45,TRUE,1069,live,18.39,13.61,26,true,5,Guaranteed Delivery,20
234723,Etoford Mr Strip Of 10 Tablets,etoford-mr-tablet-10-s-234723,Etoricoxib 60mg + Thiocolchicoside 4mg,Etoricoxib+Thiocolchicoside,10 Units in Strip,Tablet,Leeford Healthcare Ltd,pain-relief-medicines,Analgesic,TRUE,FALSE,FALSE,SCHEDULE H,,194.71,TRUE,1070,live,180,93.6,48,true,5,Guaranteed Delivery,20
218589,Itromed 200Mg Strip Of 10 Capsules,itromed-200mg-cap-10-s-218589,Itraconazole 200mg,Itraconazole,10 Units in Strip,Capsule,Leeford Healthcare Ltd,antifungal-medicines,Other,TRUE,FALSE,FALSE,SCHEDULE H,3507393,253.64,TRUE,1071,live,235,131.6,44,true,5,Guaranteed Delivery,20
4220000,Arnicor 50Mg Strip Of 14 Tablets,arnicor-50mg-strip-of-14-tablets-4220000,Valsartan 26mg + Sacubitril 24mg,Sacubitril+Valsartan,14 Units in Strip,Tablet,Cipla Limited,cardiac-medicines,Congestive Heart Failure,TRUE,TRUE,FALSE,SCHEDULE H,4220002,280,TRUE,1072,live,262.5,202.12,23,false,2,Out of Stock,20
19014,Gemsoline Strip Of 15 Softgel Capsules,gemsoline-strip-of-15-capsules-19014,Calcium 200mg + Vitamin D3 / Cholecalciferol 0.25mcg + Zinc 7.5mg,Vitamin D3 / Cholecalciferol+Calcium+Zinc,15 Units in Strip,Softgel Capsule,Medley Pharmaceuticals Ltd,vitamins-and-supplements,Calcium and Vitamin D Supplementation,TRUE,FALSE,FALSE,NON SCHEDULED,3504151,272.64,TRUE,1073,live,251.25,170.85,32,true,5,Guaranteed Delivery,20
5600,Pentaloc Dsr Strip Of 10 Capsules,pentaloc-dsr-capsule-5600,Pantoprazole 40mg + Domperidone 30mg,Domperidone+Pantoprazole,10 Units in Strip,Capsule,Cadila Pharmaceuticals Limited,gastrointestinal-medicines,Antacid and Anti-Emetic,TRUE,FALSE,FALSE,SCHEDULE H,,139.46,TRUE,1075,live,144.56,80.95,44,true,5,Guaranteed Delivery,20
13902,Neukine 300Mcg Pre Filled Syringe Of 1Ml Solution For Injection,neukine-300mcg-pfs-inj-13902,Filgrastim 300mcg,Filgrastim,1 Ml in Pre-Filled Syringe,Solution For Injection,Intas Pharmaceuticals Ltd,cancer-medicines,Neutropenia,TRUE,FALSE,TRUE,SCHEDULE H,,1266.56,TRUE,1076,live,1239.17,892.2,28,false,2,Out of Stock,6
6544,Etozox 90Mg Strip Of 10 Tablets,etozox-90mg-tablet-6544,Etoricoxib 90mg,Etoricoxib,10 Units in Strip,Tablet,Cipla Gx,pain-relief-medicines,Anti-Inflammatory,TRUE,FALSE,FALSE,SCHEDULE H,,160.93,TRUE,1077,live,182.54,129.6,29,true,5,Guaranteed Delivery,20
2933623,Vigore 50Mg Strip Of 4 Tablets,vigore-50mg-strip-of-4-tablets-2933623,Sildenafil 50mg,Sildenafil,4 Units in Strip,Tablet,German Remedies Ltd,mens-health-medicines,Sexual Wellness,TRUE,FALSE,FALSE,SCHEDULE H,,77.75,TRUE,1078,live,80.11,57.68,28,true,5,Guaranteed Delivery,3
30451,Penegra 100Mg Strip Of 4 Tablets,penegra-100mg-tablet-30451,Sildenafil 100mg,Sildenafil,4 Units in Strip,Tablet,Zydus Healthcare Limited,mens-health-medicines,Sexual Wellness,TRUE,FALSE,FALSE,SCHEDULE H,,367.42,TRUE,1079,live,442.41,318.54,28,true,5,Guaranteed Delivery,20
16328,Tinfal 5% Bottle Of 60Ml Solution,tinfal-5-bottle-of-60ml-solution-16328,Minoxidil 5%w/v + Absolute Alcohol 40%w/v,Minoxidil+Absolute Alcohol,60 Ml in Bottle,Skin Solution,Leeford Healthcare Ltd,dermatology-medicines,Alopecia,TRUE,FALSE,FALSE,SCHEDULE H,,475.05,TRUE,1080,live,450,252,44,true,5,Guaranteed Delivery,20
5654,Rosubest 10Mg Strip Of 10 Tablets,rosubest-10mg-tablet-5654,Rosuvastatin 10mg,Rosuvastatin,10 Units in Strip,Tablet,Cadila Pharmaceuticals Limited,cholesterol-medicines,Statins,TRUE,TRUE,FALSE,SCHEDULE H,,116.16,TRUE,1081,live,119.39,66.86,44,true,5,Guaranteed Delivery,20
224082,Pentaloc 40Mg Strip Of 15 Tablets,pentaloc-40mg-tablet-15-s-224082,Pantoprazole 40mg,Pantoprazole,15 Units in Strip,Tablet,Cadila Pharmaceuticals Limited,gastrointestinal-medicines,Antacid,TRUE,FALSE,FALSE,SCHEDULE H,3506430,137.58,TRUE,1082,live,143.63,96.23,33,true,5,Guaranteed Delivery,20
118592,Debistal Gm 2Mg Strip Of 10 Tablets,debistal-gm-tab-118592,Glimepiride 2mg + Metformin Hydrochloride 500mg + Pioglitazone 15mg,Glimepiride+Metformin Hydrochloride+Pioglitazone,10 Units in Strip,Tablet,Leeford Healthcare Ltd,anti-diabetic-medicines,Combinations,TRUE,TRUE,FALSE,SCHEDULE H,,94.24,TRUE,1083,live,92.8,66.82,28,true,5,Guaranteed Delivery,20
223877,Omega Soft Strip Of 10 Capsules,omega-soft-cap-10-s-223877,Cod Liver Oil 300mg + Evening Primrose Oil 300mg + Omega 3 Fatty Acid 90mg + Vitamin E / Tocopherol 10mg,Cod Liver Oil+Vitamin E / Tocopherol+Omega 3 Fatty Acid+Evening Primrose Oil,10 Units in Strip,Capsule,Knoll Healthcare Pvt Ltd,vitamins-and-supplements,Nutritional Supplement,FALSE,FALSE,FALSE,NON SCHEDULED,,229.63,TRUE,1084,live,204,108.12,47,true,5,Guaranteed Delivery,20
15978,Olmo Am 5/20Mg Strip Of 10 Tablets,olmo-am-tablet-15978,Amlodipine 5mg + Olmesartan Medoxomil 20mg,Amlodipine+Olmesartan Medoxomil,10 Units in Strip,Tablet,Knoll Healthcare Pvt Ltd,blood-pressure-medicines,Combinations,TRUE,TRUE,FALSE,SCHEDULE H,,106.92,TRUE,1085,live,100,72,28,true,5,Guaranteed Delivery,20
119522,Recopress 500Mg Strip Of 6 Tablets,recopress-500mg-tablet-119522,Disulfiram 500mg,Disulfiram,6 Units in Strip,Tablet,Leeford Healthcare Ltd,mental-health-medicines,Deaddiction,TRUE,FALSE,FALSE,SCHEDULE H,4604393,70,TRUE,1086,live,75,42.75,43,true,5,Guaranteed Delivery,20
192543,Rabesec Ls 75/20 Strip Of 10 Capsules,rabesec-ls-strip-of-10-capsules-192543,Levosulpiride 75mg + Rabeprazole 20mg,Levosulpiride+Rabeprazole,10 Units in Strip,Capsule,Cipla Gx,gastrointestinal-medicines,Antacid and Anti-Reflux,TRUE,FALSE,FALSE,SCHEDULE H,,217.93,TRUE,1087,live,249.11,179.36,28,true,5,Guaranteed Delivery,20
227910,Pregabanyl Ntm Strip Of 10 Tablets,pregabanyl-ntm-tablet-10-s-227910,Nortriptyline 10mg + Vitamin B12 / Mecobalamin / Cynocobalamin / Methylcobalamin 1500mcg + Pregabalin 75mg,Nortriptyline+Vitamin B12 / Mecobalamin / Cynocobalamin / Methylcobalamin+Pregabalin,10 Units in Strip,Tablet,Leeford Healthcare Ltd,nerve-pain-medicines,Peripheral Neuropathy,TRUE,TRUE,FALSE,SCHEDULE H1,,208.05,TRUE,1088,live,180,109.8,39,true,5,Guaranteed Delivery,20
29476,Pentowok Dsr Strip Of 10 Capsules,pentowok-dsr-capsule-29476,Pantoprazole 40mg + Domperidone 30mg,Domperidone+Pantoprazole,10 Units in Strip,Capsule,Dr Reddy'S Laboratories Ltd,gastrointestinal-medicines,Antacid and Anti-Emetic,TRUE,FALSE,FALSE,SCHEDULE H,,155.15,TRUE,1089,live,182.13,131.13,28,true,5,Guaranteed Delivery,20
220438,Aginal At Strip Of 15 Tablets,aginal-at-tab-15-s-220438,Amlodipine 5mg + Atenolol 50mg,Amlodipine+Atenolol,15 Units in Strip,Tablet,Alembic Pharmaceuticals Ltd,blood-pressure-medicines,Combinations,TRUE,TRUE,FALSE,SCHEDULE H,3506296,101.68,TRUE,1090,live,95.91,54.67,43,true,5,Guaranteed Delivery,20
207072,Cortel Trio Strip Of 15 Tablets,cortel-trio-tablet-15-s-207072,Telmisartan 40mg + Amlodipine 5mg + Hydrochlorothiazide 12.5mg,Amlodipine+Hydrochlorothiazide+Telmisartan,15 Units in Strip,Tablet,Corona Remedies Pvt Ltd,blood-pressure-medicines,Combinations,TRUE,TRUE,FALSE,SCHEDULE H,3504332,126.99,TRUE,1091,live,149.06,114.78,23,true,5,Guaranteed Delivery,20
188791,Lircetam 500Mg Strip Of 10 Tablets,lircetam-tablet-188791,Levetiracetam 500mg,Levetiracetam,10 Units in Strip,Tablet,Leeford Healthcare Ltd,neurological-medicines,Anti-Epileptic,TRUE,TRUE,FALSE,SCHEDULE H,,144.57,TRUE,1092,live,135,71.55,47,true,5,Guaranteed Delivery,20
193539,Luliford 1% Tube Of 10Gm Cream,luliford-1-cream-10gm-193539,Luliconazole 1%w/w,Luliconazole,10 G in Tube,Cream,Leeford Healthcare Ltd,antifungal-medicines,Topical Anti-Fungal,TRUE,FALSE,FALSE,SCHEDULE H,3505859,150,TRUE,1093,live,140,105,25,true,5,Guaranteed Delivery,20
6365,Suhagra 100Mg Strip Of 4 Tablets,suhagra-100mg-tablet-6365,Sildenafil 100mg,Sildenafil,4 Units in Strip,Tablet,Cipla Gx,mens-health-medicines,Sexual Wellness,TRUE,FALSE,FALSE,SCHEDULE H,3508374,211.44,TRUE,1094,live,239.58,162.91,32,true,5,Guaranteed Delivery,20
6998,Ketocip 1% Bottle Of 100Ml Shampoo,ketocip-1-shampoo-100ml-6998,Ketoconazole 1%w/v,Ketoconazole,100 Ml in Bottle,Shampoo,Cipla Limited,dermatology-medicines,Anti-Dandruff,TRUE,FALSE,FALSE,SCHEDULE H,,265,TRUE,1095,live,299.89,170.94,43,true,5,Guaranteed Delivery,20
6869,Movexx Sp Strip Of 10 Tablets,movexx-sp-tablet-6869,Aceclofenac 100mg + Serratiopeptidase 15mg + Paracetamol / Acetaminophen 325mg,Aceclofenac+Serratiopeptidase+Paracetamol / Acetaminophen,10 Units in Strip,Tablet,Cipla Gx,pain-relief-medicines,Anti-Inflammatory,TRUE,FALSE,FALSE,SCHEDULE H,,116.39,TRUE,1096,live,131.75,93.54,29,true,5,Guaranteed Delivery,20
194696,Tafnat 25Mg Bottle Of 30 Tablets,tafnat-25mg-bottle-of-30-tablets-194696,Tenofovir Alafenamide 25mg,Tenofovir Alafenamide,30 Units in Bottle,Tablet,Natco Pharma Ltd,antiviral-medicines,Hepatitis B,TRUE,TRUE,FALSE,SCHEDULE H,,1463.57,TRUE,1097,live,1371.56,1028.67,25,true,5,Guaranteed Delivery,6
3635779,Cipcal Xt Strip Of 15 Tablets,cipcal-xt-strip-of-15-tablets-3635779,Elemental Calcium 500mg + Vitamin D3 / Cholecalciferol 2000iu + Vitamin B12 / Mecobalamin / Cynocobalamin / Methylcobalamin 1500mcg + L-Methylfolate Calcium 1mg + Pyridoxal-5-Phosphate 20mg,Elemental Calcium+Vitamin D3 / Cholecalciferol+Vitamin B12 / Mecobalamin / Cynocobalamin / Methylcobalamin+L-Methylfolate Calcium+Pyridoxal-5-Phosphate,15 Units in Strip,Tablet,Cipla Gx,vitamins-and-supplements,Calcium and Vitamin D Supplementation,TRUE,FALSE,FALSE,NON SCHEDULED,,335.48,TRUE,1098,live,372.64,268.3,28,true,5,Guaranteed Delivery,20
3946776,Megalis D Strip Of 4 Tablets,megalis-d-strip-of-4-tablets-3946776,Tadalafil 10mg + Dapoxetine 30mg,Tadalafil+Dapoxetine,4 Units in Strip,Tablet,Macleods Pharmaceuticals,mens-health-medicines,Sexual Wellness,TRUE,FALSE,FALSE,SCHEDULE H,,356.69,TRUE,1099,live,400.43,284.31,29,true,5,Guaranteed Delivery,20
6161,Lipvas 40Mg Strip Of 10 Tablets,lipvas-40mg-tablet-6161,Atorvastatin 40mg,Atorvastatin,10 Units in Strip,Tablet,Cipla Gx,cholesterol-medicines,Statins,TRUE,TRUE,FALSE,SCHEDULE H,,217.01,TRUE,1100,live,206.21,109.29,47,true,5,Guaranteed Delivery,20
119650,Vertiford 16Mg Strip Of 10 Tablets,vertiford-16mg-tablet-119650,Betahistine 16mg,Betahistine,10 Units in Strip,Tablet,Leeford Healthcare Ltd,neurological-medicines,Anti-Vertigo,TRUE,FALSE,FALSE,SCHEDULE H,,83.45,TRUE,1101,live,75,42.75,43,true,5,Guaranteed Delivery,20
9014,Carnisure Ampoule Of 5Ml Injection,carnisure-inj-5ml-9014,L-Carnitine / Levocarnitine / Carnitine(1.0 Gm/5Ml),L-Carnitine / Levocarnitine / Carnitine,5 Ml in Ampoule,Injection,Torrent Pharmaceuticals Ltd,vitamins-and-supplements,Antioxidant,TRUE,FALSE,FALSE,SCHEDULE H,,223.14,TRUE,1102,live,246.75,185.06,25,true,5,Guaranteed Delivery,20
16407,Ursolid 300Mg Strip Of 10 Tablets,ursolid-300mg-strip-of-10-tablets-16407,Ursodeoxycholic Acid / Ursodiol 300mg,Ursodeoxycholic Acid / Ursodiol,10 Units in Strip,Tablet,Leeford Healthcare Ltd,liver-care-medicines,Cholelithiasis,TRUE,FALSE,FALSE,SCHEDULE H,4497153,346.83,TRUE,1103,live,350,203,42,true,5,Guaranteed Delivery,20
16342,Calcijoint D3 60K Orange Flavour Sugar Free Strip Of 4 Chewable Tablets,calcijoint-d3-60k-orange-flavour-sugar-free-strip-of-4-chewable-tablets-16342,Vitamin D3 / Cholecalciferol 60000iu,Vitamin D3 / Cholecalciferol,4 Units in Strip,Chewable Tablet,Leeford Healthcare Ltd,vitamins-and-supplements,Other,FALSE,FALSE,FALSE,NON SCHEDULED,3509178,111.42,TRUE,1105,live,95,53.2,44,true,5,Guaranteed Delivery,20
6372,Tadacip 20Mg Strip Of 4 Tablets,tadacip-20mg-tablet-6372,Tadalafil 20mg,Tadalafil,4 Units in Strip,Tablet,Cipla Gx,mens-health-medicines,Sexual Wellness,TRUE,FALSE,FALSE,SCHEDULE H,3503804,248.19,TRUE,1106,live,246.15,177.23,28,true,5,Guaranteed Delivery,20
16409,Venpres 40Mg H Strip Of 10 Tablets,venpres-h-tablet-16409,Telmisartan 40mg + Hydrochlorothiazide 12.5mg,Telmisartan+Hydrochlorothiazide,10 Units in Strip,Tablet,Leeford Healthcare Ltd,blood-pressure-medicines,Combinations,TRUE,TRUE,FALSE,SCHEDULE H,4320636,84.85,TRUE,1107,live,79,41.08,48,true,5,Guaranteed Delivery,20
16316,Calcijoint D3 Strip Of 4 Capsules,calcijoint-d3-capsule-16316,Vitamin D3 / Cholecalciferol 60000iu,Vitamin D3 / Cholecalciferol,4 Units in Strip,Capsule,Leeford Healthcare Ltd,vitamins-and-supplements,Other,TRUE,FALSE,FALSE,NON SCHEDULED,,128.79,TRUE,1108,live,125,88.75,29,true,5,Guaranteed Delivery,20
191433,Glimda Mv 2Mg Strip Of 10 Tablets,glimda-mv-2mg-strip-of-10-tablets-191433,Glimepiride 2mg + Voglibose 0.2mg + Metformin Hydrochloride 500mg,Voglibose+Glimepiride+Metformin Hydrochloride,10 Units in Strip,Tablet,Cipla Gx,anti-diabetic-medicines,Combinations,TRUE,TRUE,FALSE,SCHEDULE H,3505824,180.61,TRUE,1109,live,199.65,103.82,48,true,5,Guaranteed Delivery,20
5652,Levozet M Strip Of 10 Tablets,levozet-m-tablet-5652,Levocetirizine 5mg + Montelukast 10mg,Levocetirizine+Montelukast,10 Units in Strip,Tablet,Cadila Pharmaceuticals Limited,cough-and-cold-medicines|anti-allergic-medicines,,TRUE,FALSE,FALSE,SCHEDULE H,,79.93,TRUE,1111,live,75,41.25,45,true,5,Guaranteed Delivery,20
16329,Ketofly 2% Bottle Of 100Ml Anti Dandruff Shampoo And Hair Conditioner,ketofly-2-new-bottle-of-100ml-shampoo-16329,Ketoconazole 2%w/v,Ketoconazole,100 Ml in Bottle,Shampoo & Conditioner,Leeford Healthcare Ltd,dermatology-medicines,Anti-Dandruff,TRUE,FALSE,FALSE,SCHEDULE H,4688461,185,TRUE,1112,live,185,133.2,28,true,5,Guaranteed Delivery,20
3627344,Pentab 40Mg Strip Of 15 Tablets,pentab-40mg-strip-of-15-tablets-3627344,Pantoprazole 40mg,Pantoprazole,15 Units in Strip,Tablet,Alembic Pharmaceuticals Ltd,gastrointestinal-medicines,Antacid,TRUE,FALSE,FALSE,SCHEDULE H,3647718,177.32,TRUE,1113,live,168.09,117.66,30,true,5,Guaranteed Delivery,20
190092,Rabalkem Ls Strip Of 10 Capsules,rabalkem-ls-capsule-190092,Levosulpiride 75mg + Rabeprazole 20mg,Levosulpiride+Rabeprazole,10 Units in Strip,Capsule,Alkem Laboratories Ltd,gastrointestinal-medicines,Antacid and Anti-Reflux,TRUE,FALSE,FALSE,SCHEDULE H,,234.68,TRUE,1114,live,271.84,193.01,29,true,5,Guaranteed Delivery,20
14353,Ferrogen Xt Strip Of 10 Tablets,ferrogen-xt-tablet-14353,Vitamin B9 / Folic Acid / Folate 1.5mg + Iron 100mg,Vitamin B9 / Folic Acid / Folate+Iron,10 Units in Strip,Tablet,Intas Pharmaceuticals Ltd Gx,iron-and-anaemia-medicines,Haematinics,TRUE,FALSE,FALSE,NON SCHEDULED,,146.35,TRUE,1115,live,152.34,108.16,29,true,5,Guaranteed Delivery,20
16006,Telkonol 40 Strip Of 10 Tablets,telkonol-40-strip-of-10-tablets-16006,Telmisartan 40mg,Telmisartan,10 Units in Strip,Tablet,Knoll Healthcare Pvt Ltd,blood-pressure-medicines,Angiotensin receptor blockers,TRUE,TRUE,FALSE,SCHEDULE H,,75.5,TRUE,1116,live,70.5,39.48,44,true,5,Guaranteed Delivery,18
486675,Febutec 40Mg Strip Of 10 Tablets,febutec-40mg-strip-of-10-tablets-486675,Febuxostat 40mg,Febuxostat,10 Units in Strip,Tablet,Cipla Gx,gout-medicines,Xanthine oxidase inhibitors,TRUE,TRUE,FALSE,SCHEDULE H,,144.46,TRUE,1117,live,156.91,81.59,48,true,5,Guaranteed Delivery,20
6563,Fempro 2.5Mg Strip Of 10 Tablets,fempro-2-5mg-strip-of-10-tablets-6563,Letrozole 2.5mg,Letrozole,10 Units in Strip,Tablet,Cipla Limited,cancer-medicines|womens-health-medicines,Hormonal therapies,TRUE,TRUE,FALSE,SCHEDULE H,,89.48,TRUE,1118,live,85.35,64.87,24,true,4,Short in Supply. May be delivered late.,20
216154,Itranox 200Mg Strip Of 7 Capsules,itranox-200mg-cap-7-s-216154,Itraconazole 200mg,Itraconazole,7 Units in Strip,Capsule,Cipla Gx,antifungal-medicines,Other,TRUE,FALSE,FALSE,SCHEDULE H,3505938,182.58,TRUE,1119,live,165.37,119.07,28,true,5,Guaranteed Delivery,20
225371,Mucoend 600Mg Orange Flavour Sugar Free Strip Of 10 Effervescent Tablets,mucoend-600mg-tablet-10-s-225371,Acetylcysteine 600mg,Acetylcysteine,10 Units in Strip,Effervescent Tablet,Leeford Healthcare Ltd,cough-and-cold-medicines,,TRUE,FALSE,FALSE,SCHEDULE H,,248.84,TRUE,1120,live,250,155,38,true,5,Guaranteed Delivery,20
16357,Febutax 40Mg Strip Of 10 Tablets,febutax-40mg-tablet-16357,Febuxostat 40mg,Febuxostat,10 Units in Strip,Tablet,Leeford Healthcare Ltd,gout-medicines,Xanthine oxidase inhibitors,TRUE,TRUE,FALSE,SCHEDULE H,,94.76,TRUE,1121,live,89,45.39,49,true,5,Guaranteed Delivery,20
118552,Chymomerg Forte Strip Of 10 Tablets,chymomerg-forte-tab-118552,Rutoside 200mg + Bromelain 180mg + Chymotrypsin-Trypsin 96mg,Rutoside+Chymotrypsin-Trypsin+Bromelain,10 Units in Strip,Tablet,Leeford Healthcare Ltd,pain-relief-medicines,Anti-Inflammatory,TRUE,FALSE,FALSE,SCHEDULE H,,346.32,TRUE,1122,live,300,201,33,true,5,Guaranteed Delivery,20
18271,Manforce 50Mg Strip Of 9 Tablets,manforce-50mg-strip-of-9-tablets-18271,Sildenafil 50mg,Sildenafil,9 Units in Strip,Tablet,Mankind Consumer Products Private Limited,mens-health-medicines,Sexual Wellness,TRUE,FALSE,FALSE,SCHEDULE H,,281,TRUE,1123,live,281,207.94,26,true,5,Guaranteed Delivery,20
193875,Prostagard D 8Mg/0.5Mg Strip Of 10 Capsules,prostagard-d-8mg-0-5mg-cap-10-s-193875,Silodosin 8mg + Dutasteride 0.5mg,Silodosin+Dutasteride,10 Units in Strip,Capsule,Aristo Pharmaceuticals Pvt Ltd,prostate-care-medicines,,TRUE,TRUE,FALSE,SCHEDULE H,,232.65,TRUE,1124,live,255,186.15,27,true,5,Guaranteed Delivery,20
192227,Fercee Xt Strip Of 10 Tablets,fercee-xt-tab-10-s-192227,Vitamin B9 / Folic Acid / Folate 1.5mg + Ferrous Ascorbate 100mg,Ferrous Ascorbate+Vitamin B9 / Folic Acid / Folate,10 Units in Strip,Tablet,Alkem Laboratories Ltd,iron-and-anaemia-medicines,Haematinics,FALSE,FALSE,FALSE,NON SCHEDULED,,142.46,TRUE,1125,live,167,93.52,44,true,5,Guaranteed Delivery,20
5656,Rosubest F Strip Of 10 Tablets,rosubest-f-tablet-5656,Rosuvastatin 10mg + Fenofibrate 160mg,Rosuvastatin+Fenofibrate,10 Units in Strip,Tablet,Cadila Pharmaceuticals Limited,cholesterol-medicines,Combinations,TRUE,TRUE,FALSE,SCHEDULE H,,219.98,TRUE,1126,live,225,153,32,true,5,Guaranteed Delivery,20
188212,Cipcal Hd Strip Of 15 Tablets,cipcal-hd-strip-of-15-tablets-188212,Vitamin D3 / Cholecalciferol 500iu + Calcium 500mg,Calcium+Vitamin D3 / Cholecalciferol,15 Units in Strip,Tablet,Cipla Gx,vitamins-and-supplements,Calcium and Vitamin D Supplementation,FALSE,FALSE,FALSE,NON SCHEDULED,,97,TRUE,1127,live,107.3,55.8,48,true,5,Guaranteed Delivery,20
3743037,Varimax 20 Mg Strip Of 4 Tablets,varimax-20-mg-tablet-4-no-s-3743037,Vardenafil 20mg,Vardenafil,4 Units in Strip,Tablet,Macleods Pharmaceuticals,mens-health-medicines,Sexual Wellness,TRUE,FALSE,FALSE,SCHEDULE H,,384.4,TRUE,1128,live,451.68,325.21,28,true,5,Guaranteed Delivery,20
16354,Etoford 90Mg Strip Of 10 Tablets,etoford-90mg-tablet-16354,Etoricoxib 90mg,Etoricoxib,10 Units in Strip,Tablet,Leeford Healthcare Ltd,pain-relief-medicines,Anti-Inflammatory,TRUE,FALSE,FALSE,SCHEDULE H,,103.33,TRUE,1129,live,102,58.14,43,true,5,Guaranteed Delivery,20
3634294,Bilaford M Strip Of 10 Tablets,bilaford-m-strip-of-10-tablets-3634294,Montelukast 10mg + Bilastine 20mg,Montelukast+Bilastine,10 Units in Strip,Tablet,Leeford Healthcare Ltd,anti-allergic-medicines,,TRUE,FALSE,FALSE,SCHEDULE H,,149.95,TRUE,1130,live,140,99.4,29,true,5,Guaranteed Delivery,20
16410,Voglimet Gm 2Mg Strip Of 10 Tablets,voglimet-gm-tablet-16410,Glimepiride 2mg + Voglibose 0.2mg + Metformin Hydrochloride 500mg,Voglibose+Glimepiride+Metformin Hydrochloride,10 Units in Strip,Tablet,Leeford Healthcare Ltd,anti-diabetic-medicines,Combinations,TRUE,TRUE,FALSE,SCHEDULE H,,131.56,TRUE,1131,live,125,68.75,45,true,5,Guaranteed Delivery,20
19015,Gemsoline D3 60K Strip Of 4 Softgel Capsules,gemsoline-d3-60k-4-s-cap-19015,Vitamin D3 / Cholecalciferol 60000iu,Vitamin D3 / Cholecalciferol,4 Units in Strip,Softgel Capsule,Medley Pharmaceuticals Ltd,vitamins-and-supplements,Other,FALSE,FALSE,FALSE,NON SCHEDULED,4031471,122.86,TRUE,1132,live,117.18,63.28,46,true,5,Guaranteed Delivery,20
5655,Rosubest 20Mg Strip Of 10 Tablets,rosubest-20mg-tablet-5655,Rosuvastatin 20mg,Rosuvastatin,10 Units in Strip,Tablet,Cadila Pharmaceuticals Limited,cholesterol-medicines,Statins,TRUE,TRUE,FALSE,SCHEDULE H,,231.7,TRUE,1134,live,238.73,131.3,45,true,5,Guaranteed Delivery,20
30182,Eporise 4000Iu Pre Filled Syrinage Of 1Ml Injection,eporise-4000iu-inj-30182,Erythropoietin 4000iu,Erythropoietin,1 Ml in Pre-Filled Syringe,Injection,Zuventus Health Care Ltd,iron-and-anaemia-medicines,Haematinics,TRUE,FALSE,TRUE,SCHEDULE H,,1356.68,TRUE,1135,live,1485.7,1069.7,28,true,4,Short in Supply. May be delivered late.,20
205740,P40 Dsr 30/40Mg Strip Of 10 Capsules,p40-dsr-30-40mg-capsule-10-s-205740,Pantoprazole 40mg + Domperidone 30mg,Domperidone+Pantoprazole,10 Units in Strip,Capsule,Cachet Pharmaceuticals Pvt Ltd,gastrointestinal-medicines,Antacid and Anti-Emetic,TRUE,FALSE,FALSE,SCHEDULE H,,172.03,TRUE,1136,live,164.05,119.76,27,true,5,Guaranteed Delivery,20
3740967,Pregabid D 75/30 Strip Of 10 Capsules,pregabid-d-75-30-capsule-10-no-s-3740967,Pregabalin 75mg + Duloxetine 30mg,Duloxetine+Pregabalin,10 Units in Strip,Capsule,Intas Pharmaceuticals Ltd,nerve-pain-medicines,Peripheral Neuropathy,TRUE,TRUE,FALSE,SCHEDULE H1,,269.11,TRUE,1137,live,295.78,227.75,23,true,5,Guaranteed Delivery,20
30273,Myelostat 500Mg Strip Of 10 Capsules,myelostat-500mg-strip-of-10-capsules-30273,Hydroxyurea / Hydroxycarbamide 500mg,Hydroxyurea / Hydroxycarbamide,10 Units in Strip,Capsule,Zydus Lifesciences Limited,iron-and-anaemia-medicines|cancer-medicines,Sickle Cell Anaemia,TRUE,TRUE,FALSE,SCHEDULE G,,134.51,TRUE,1138,live,130.2,104.16,20,true,5,Guaranteed Delivery,20
15998,Temsunol D Strip Of 10 Tablets,temsunol-d-tablet-15998,Dutasteride 0.5mg + Tamsulosin 0.4mg,Dutasteride+Tamsulosin,10 Units in Strip,Tablet,Knoll Healthcare Pvt Ltd,prostate-care-medicines,,TRUE,TRUE,FALSE,SCHEDULE H,,232.1,TRUE,1139,live,217.5,150.07,31,true,5,Guaranteed Delivery,20
188829,Gabanyl Nt 400Mg Strip Of 10 Tablets,gabanyl-nt-tablet-188829,Gabapentin 400mg + Nortriptyline 10mg,Gabapentin+Nortriptyline,10 Units in Strip,Tablet,Leeford Healthcare Ltd,nerve-pain-medicines,Peripheral Neuropathy,TRUE,TRUE,FALSE,SCHEDULE H,,189.12,TRUE,1141,live,175,94.5,46,true,5,Guaranteed Delivery,20
6463,Enclex 40Mg Pre Filled Syringe Of 0.4Ml Injection,enclex-40mg-pre-filled-syringe-of-0-4ml-injection-6463,Enoxaparin 40mg,Enoxaparin,0.4 Ml in Pre-Filled Syringe,Injection,Cipla Limited,blood-thinners,Anti-Coagulant,TRUE,FALSE,FALSE,SCHEDULE H,,458.69,TRUE,1142,live,481.64,361.23,25,true,5,Guaranteed Delivery,20
3876099,Pregabanyl M 75Mg Sr Strip Of 10 Tablets,pregabanyl-m-75mg-sr-strip-of-10-tablets-3876099,Pregabalin 75mg + Vitamin B12 / Mecobalamin / Cynocobalamin / Methylcobalamin 1500mcg,Pregabalin+Vitamin B12 / Mecobalamin / Cynocobalamin / Methylcobalamin,10 Units in Strip,Tablet,Leeford Healthcare Ltd,nerve-pain-medicines,Peripheral Neuropathy,TRUE,TRUE,FALSE,SCHEDULE H1,3970601,144.38,TRUE,1144,live,135,94.5,30,true,5,Guaranteed Delivery,20
16007,Telkonol Am Strip Of 10 Tablets,telkonol-am-strip-of-10-tablets-16007,Telmisartan 40mg + Amlodipine 5mg,Telmisartan+Amlodipine,10 Units in Strip,Tablet,Knoll Healthcare Pvt Ltd,blood-pressure-medicines,Combinations,TRUE,TRUE,FALSE,SCHEDULE H,,94.71,TRUE,1145,live,89,45.39,49,true,5,Guaranteed Delivery,20
3959218,Pregabanyl M Strip Of 10 Capsules,pregabanyl-m-strip-of-10-capsules-3959218,Pregabalin 75mg + Vitamin B12 / Mecobalamin / Cynocobalamin / Methylcobalamin 750mcg,Pregabalin+Vitamin B12 / Mecobalamin / Cynocobalamin / Methylcobalamin,10 Units in Strip,Capsule,Leeford Healthcare Ltd,nerve-pain-medicines,Peripheral Neuropathy,TRUE,TRUE,FALSE,SCHEDULE H1,,139.94,TRUE,1146,live,130,92.3,29,true,5,Guaranteed Delivery,20
180441,Ketoscalp Bottle Of 100Ml Shampoo + Conditioner,ketoscalp-shampoo-180441,Ketoconazole 2%w/v + Zinc Pyrithione 1%w/v,Ketoconazole+Zinc Pyrithione,100 Ml in Bottle,Shampoo & Conditioner,Leeford Healthcare Ltd,dermatology-medicines,Anti-Dandruff,TRUE,FALSE,FALSE,SCHEDULE H,,216.7,TRUE,1147,live,185,125.8,32,true,5,Guaranteed Delivery,20
170844,Calciquick D3 60K Strip Of 4 Capsules,calciquick-d3-60k-strip-of-4-capsules-170844,Vitamin D3 / Cholecalciferol 60000iu,Vitamin D3 / Cholecalciferol,4 Units in Strip,Capsule,Morepen Laboratories,vitamins-and-supplements,Other,FALSE,FALSE,FALSE,NON SCHEDULED,,136.49,TRUE,1148,live,131.54,74.98,43,true,5,Guaranteed Delivery,6
89128,Dasutra X 30Mg Strip Of 4 Tablets,da-sutra-x-30mg-tab-89128,Sildenafil 30mg + Dapoxetine 50mg,Dapoxetine+Sildenafil,4 Units in Strip,Tablet,Hetero Healthcare Limited,mens-health-medicines,Sexual Wellness,TRUE,FALSE,FALSE,SCHEDULE H,,264,TRUE,1149,live,247.5,185.62,25,true,5,Guaranteed Delivery,3
6310,Rabesec 20Mg Strip Of 10 Tablets,rabesec-20mg-strip-of-10-tablets-6310,Rabeprazole 20mg,Rabeprazole,10 Units in Strip,Tablet,Cipla Gx,gastrointestinal-medicines,Antacid,TRUE,FALSE,FALSE,SCHEDULE H,3501685,97.84,TRUE,1150,live,102.31,71.62,30,true,5,Guaranteed Delivery,20
6639,Valgan 450Mg Strip Of 4 Tablets,valgan-450mg-strip-of-4-tablets-6639,Valganciclovir 450mg,Valganciclovir,4 Units in Strip,Tablet,Cipla Limited,antiviral-medicines,Other,TRUE,FALSE,FALSE,SCHEDULE H,,1489.27,TRUE,1151,live,1527.23,1145.42,25,true,5,Guaranteed Delivery,20
199419,Suhagra 25Mg Strip Of 4 Tablets,suhagra-25mg-tab-4-s-199419,Sildenafil 25mg,Sildenafil,4 Units in Strip,Tablet,Cipla Gx,mens-health-medicines,Sexual Wellness,TRUE,FALSE,FALSE,SCHEDULE H,,118.63,TRUE,1152,live,132.26,95.23,28,true,5,Guaranteed Delivery,20
189827,Es Omepraz Dsr Strip Of 10 Capsules,es-omepraz-dsr-strip-of-10-capsules-189827,Domperidone 30mg + Esomeprazole 40mg,Domperidone+Esomeprazole,10 Units in Strip,Capsule,Alkem Laboratories Ltd,gastrointestinal-medicines,Antacid and Anti-Emetic,TRUE,FALSE,FALSE,SCHEDULE H,,100.93,TRUE,1153,live,118.1,83.85,29,true,5,Guaranteed Delivery,20
218286,Teneblu M Strip Of 15 Tablets,teneblu-m-tab-15-s-218286,Teneligliptin 20mg + Metformin Hydrochloride 500mg,Teneligliptin+Metformin Hydrochloride,15 Units in Strip,Tablet,Blue Cross Laboratories Private Limited,anti-diabetic-medicines,Combinations,TRUE,TRUE,FALSE,SCHEDULE H,,110.23,TRUE,1154,live,107.81,81.94,24,true,4,Short in Supply. May be delivered late.,20
35821,Atorbest 10Mg Strip Of 10 Tablets,atorbest-10mg-tablet-35821,Atorvastatin 10mg,Atorvastatin,10 Units in Strip,Tablet,Cadila Pharmaceuticals Limited,cholesterol-medicines,Statins,TRUE,TRUE,FALSE,SCHEDULE H,,56.72,TRUE,1155,live,53.09,30.26,43,true,5,Guaranteed Delivery,20
193772,Pantomed Dsr Strip Of 10 Capsules,pantomed-dsr-cap-10-s-193772,Pantoprazole 40mg + Domperidone 30mg,Domperidone+Pantoprazole,10 Units in Strip,Capsule,Medley Pharmaceuticals Ltd,gastrointestinal-medicines,Antacid and Anti-Emetic,TRUE,FALSE,FALSE,SCHEDULE H,,160.22,TRUE,1156,live,160.22,84.92,47,false,2,Out of Stock,18
30555,Zyrop 10000Iu Dry Vial Of 1 Powder For Injection,zyrop-10000iu-inj-30555,Recombinant Human Erythropoietin Alfa 10000iu,Recombinant Human Erythropoietin Alfa,1 Units in Dry Vial,Powder For Injection,Cadila Healthcare Limited,iron-and-anaemia-medicines,Haematinics,TRUE,FALSE,FALSE,SCHEDULE H,,2300.68,TRUE,1157,live,2067.37,1447.16,30,false,2,Out of Stock,20
203984,Calzac Ct Strip Of 15 Softgel Capsules,calzac-ct-capsule-15-s-203984,Vitamin D3 / Cholecalciferol 0.25mcg + Zinc 7.5mg + Calcium Carbonate 500mg,Calcium Carbonate+Vitamin D3 / Cholecalciferol+Zinc,15 Units in Strip,Softgel Capsule,Ranbaxy Laboratories (Sun Pharma),vitamins-and-supplements,Calcium and Vitamin D Supplementation,TRUE,FALSE,FALSE,NON SCHEDULED,3506344,353.5,TRUE,1158,live,355.31,202.53,43,true,5,Guaranteed Delivery,20
42588,Cytodrox 500Mg Strip Of 10 Capsules,cytodrox-500mg-strip-of-10-capsules-42588,Hydroxyurea / Hydroxycarbamide 500mg,Hydroxyurea / Hydroxycarbamide,10 Units in Strip,Capsule,Cipla Limited,cancer-medicines,Anti-Neoplastic,TRUE,TRUE,FALSE,SCHEDULE G,,127.2,TRUE,1159,live,129.46,104.86,19,true,3,,20
42125,Cosart 50Mg Strip Of 10 Tablets,cosart-50mg-tablet-42125,Losartan 50mg,Losartan,10 Units in Strip,Tablet,Cipla Gx,blood-pressure-medicines,Angiotensin receptor blockers,TRUE,TRUE,FALSE,SCHEDULE H,,57.92,TRUE,1160,live,66.49,47.87,28,true,5,Guaranteed Delivery,20
214947,Tenepla M 500Mg Strip Of 10 Tablets,tenepla-m-500mg-tablet-10-s-214947,Teneligliptin 20mg + Metformin Hydrochloride 500mg,Teneligliptin+Metformin Hydrochloride,10 Units in Strip,Tablet,Cipla Gx,anti-diabetic-medicines,Combinations,TRUE,TRUE,FALSE,SCHEDULE H,,151.73,TRUE,1161,live,158.8,85.75,46,true,4,Short in Supply. May be delivered late.,20
222175,Pregabanyl 75Mg Strip Of 10 Capsules,pregabanyl-75mg-capsule-10-s-222175,Pregabalin 75mg,Pregabalin,10 Units in Strip,Capsule,Leeford Healthcare Ltd,neurological-medicines|nerve-pain-medicines,Anti-Epileptic,TRUE,TRUE,FALSE,SCHEDULE H1,,94.97,TRUE,1162,live,89,53.4,40,true,5,Guaranteed Delivery,20
191426,Xstan Am Strip Of 15 Tablets,xstan-am-strip-of-15-tablets-191426,Telmisartan 40mg + Amlodipine 5mg,Telmisartan+Amlodipine,15 Units in Strip,Tablet,Blue Cross Laboratories Private Limited,blood-pressure-medicines,Combinations,TRUE,TRUE,FALSE,SCHEDULE H,3501881,80.65,TRUE,1163,live,87.5,66.5,24,true,5,Guaranteed Delivery,20
213273,Teneblu 20Mg Strip Of 15 Tablets,teneblu-20mg-tab-15-s-213273,Teneligliptin 20mg,Teneligliptin,15 Units in Strip,Tablet,Blue Cross Laboratories Private Limited,anti-diabetic-medicines,DPP-4 inhibitors,TRUE,TRUE,FALSE,SCHEDULE H,,70.06,TRUE,1164,live,66.56,51.25,23,true,5,Guaranteed Delivery,20
188681,Dailyglim M 2Mg Strip Of 10 Tablets,dailyglim-m2-tab-188681,Metformin Hydrochloride 500mg + Glimepiride 2mg,Metformin Hydrochloride+Glimepiride,10 Units in Strip,Tablet,Leeford Healthcare Ltd,anti-diabetic-medicines,Combinations,TRUE,TRUE,FALSE,SCHEDULE H,,60.33,TRUE,1166,live,56.25,40.5,28,true,5,Guaranteed Delivery,20
2981703,Tinfal 5F Bottle Of 60Ml Solution,tinfal-f-bottle-of-60ml-solution-2981703,Minoxidil 5%w/v + Finasteride 0.1%w/v + Absolute Alcohol 54.55%w/v + Lipids 0.01%,Minoxidil+Finasteride+Absolute Alcohol+Lipids,60 Ml in Bottle,Skin Solution,Leeford Healthcare Ltd,dermatology-medicines,Alopecia,TRUE,FALSE,FALSE,SCHEDULE H,,747.1,TRUE,1168,live,650,409.5,37,true,5,Guaranteed Delivery,20
4010691,Pregabanyl Dx Strip Of 10 Capsules,pregabanyl-dx-strip-of-10-capsules-4010691,Duloxetine 20mg + Pregabalin 75mg,Duloxetine+Pregabalin,10 Units in Strip,Capsule,Leeford Healthcare Ltd,nerve-pain-medicines,Peripheral Neuropathy,TRUE,TRUE,FALSE,SCHEDULE H1,,174.98,TRUE,1169,live,164,119.72,27,true,5,Guaranteed Delivery,20
3493802,Pegabanyl Nt Strip Of 10 Tablets,pegabanyl-nt-strip-of-10-tablets-3493802,Pregabalin 75mg + Nortriptyline 10mg,Pregabalin+Nortriptyline,10 Units in Strip,Tablet,Leeford Healthcare Ltd,nerve-pain-medicines,Peripheral Neuropathy,TRUE,TRUE,FALSE,SCHEDULE H1,,154.94,TRUE,1170,live,145,104.4,28,true,5,Guaranteed Delivery,20
486674,Mupicip 2% Tube Of 5Gm Ointment,mupicip-2-tube-of-5gm-ointment-486674,Mupirocin 2%w/w,Mupirocin,5 G in Tube,Ointment,Cipla Gx,antibiotics,Topical Antibiotic,TRUE,FALSE,FALSE,SCHEDULE H,3509098,115.07,TRUE,1171,live,109.04,78.51,28,true,5,Guaranteed Delivery,20
7662,Thalix 100Mg Strip Of 10 Capsules,thalix-100mg-capsule-7662,Thalidomide 100mg,Thalidomide,10 Units in Strip,Capsule,Dabur India Limited,cancer-medicines,Anti-Neoplastic,TRUE,TRUE,FALSE,SCHEDULE H,,693.33,TRUE,1173,live,662.43,278.22,58,true,5,Guaranteed Delivery,20
16372,Glucozone Strip Of 10 Tablets,glucozone-tablet-16372,Methyl Sulfonylmethane 250mg + Diacerein 50mg + Glucosamine 750mg,Methyl Sulfonylmethane+Diacerein+Glucosamine,10 Units in Strip,Tablet,Leeford Healthcare Ltd,bone-and-joint-medicines,Osteoarthritis,TRUE,TRUE,FALSE,SCHEDULE H,,160.23,TRUE,1174,live,165,110.55,33,true,5,Guaranteed Delivery,20
6542,Cosart H Strip Of 10 Tablets,cosart-h-tablet-6542,Hydrochlorothiazide 12.5mg + Losartan 50mg,Hydrochlorothiazide+Losartan,10 Units in Strip,Tablet,Cipla Gx,blood-pressure-medicines,Combinations,TRUE,TRUE,FALSE,SCHEDULE H,,98.34,TRUE,1175,live,109.8,79.06,28,true,5,Guaranteed Delivery,20
37881,Biselect 5Mg Strip Of 10 Tablets,biselect-5mg-tablet-37881,Bisoprolol Fumarate 5mg,Bisoprolol Fumarate,10 Units in Strip,Tablet,Intas Pharmaceuticals Ltd,blood-pressure-medicines,Beta blockers,TRUE,TRUE,FALSE,SCHEDULE H,,48.19,TRUE,1176,live,57.7,43.85,24,true,5,Guaranteed Delivery,20
6889,Glimda 2Mg Strip Of 10 Tablets,glimda-2mg-tablet-6889,Glimepiride 2mg,Glimepiride,10 Units in Strip,Tablet,Cipla Gx,anti-diabetic-medicines,Sulfonylureas,TRUE,TRUE,FALSE,SCHEDULE H,,65.22,TRUE,1177,live,61.95,44.6,28,true,5,Guaranteed Delivery,20
192463,Clindinol 10Mg Strip Of 10 Tablets,clindinol-10mg-strip-of-10-tablets-192463,Cilnidipine 10mg,Cilnidipine,10 Units in Strip,Tablet,Knoll Healthcare Pvt Ltd,blood-pressure-medicines,Calcium channel blockers,TRUE,TRUE,FALSE,SCHEDULE H,,119.13,TRUE,1178,live,111.5,62.44,44,true,5,Guaranteed Delivery,18
184328,Naturogest 400Mg Strip Of 10 Oral/Vaginal/Rectal Capsules,naturogest-400mg-capsule-184328,Progesterone 400mg,Progesterone,10 Units in Strip,Oral/Vaginal/Rectal Capsule,Zydus Healthcare Limited,womens-health-medicines,Hormone Replacement Therapy,TRUE,FALSE,FALSE,SCHEDULE H,,701.43,TRUE,1179,live,836.03,601.94,28,true,5,Guaranteed Delivery,20
190887,Tenepla 20Mg Strip Of 10 Tablets,tenepla-20mg-strip-of-10-tablets-190887,Teneligliptin 20mg,Teneligliptin,10 Units in Strip,Tablet,Cipla Gx,anti-diabetic-medicines,DPP-4 inhibitors,TRUE,TRUE,FALSE,SCHEDULE H,,109.35,TRUE,1180,live,107.64,76.42,29,true,5,Guaranteed Delivery,20
3926370,Arnicor 100Mg Strip Of 10 Tablets,arnicor-100mg-strip-of-10-tablets-3926370,Sacubitril 49mg + Valsartan 51mg,Sacubitril+Valsartan,10 Units in Strip,Tablet,Cipla Limited,cardiac-medicines,Congestive Heart Failure,TRUE,TRUE,FALSE,SCHEDULE H,,320.37,TRUE,1181,live,340.31,204.19,40,true,5,Guaranteed Delivery,20
143185,Corparin 40Mg Pre Filled Syringe Of 0.4Ml Injection,corparin-40mg-injection-0-4ml-143185,Enoxaparin(40.0 Mg/0.4Ml),Enoxaparin,0.4 Ml in Pre-Filled Syringe,Injection,Corona Remedies Pvt Ltd,blood-thinners,Anti-Coagulant,TRUE,FALSE,FALSE,SCHEDULE H,,467.32,TRUE,1182,live,481.56,341.91,29,true,5,Guaranteed Delivery,15
15986,Pregabel M Strip Of 10 Capsules,pregabel-m-cap-15986,Pregabalin 75mg + Vitamin B12 / Mecobalamin / Cynocobalamin / Methylcobalamin 750mcg,Pregabalin+Vitamin B12 / Mecobalamin / Cynocobalamin / Methylcobalamin,10 Units in Strip,Capsule,Knoll Healthcare Pvt Ltd,nerve-pain-medicines,Peripheral Neuropathy,TRUE,TRUE,FALSE,SCHEDULE H1,,188.99,TRUE,1183,live,177.19,125.8,29,true,5,Guaranteed Delivery,12
208442,Entehep 0.5Mg Bottle Of 30 Tablets,entehep-0-5mg-tab-30-s-208442,Entecavir 0.5mg,Entecavir,30 Units in Bottle,Tablet,Zydus Lifesciences Limited,antiviral-medicines,Hepatitis B,TRUE,FALSE,FALSE,SCHEDULE H,3501174,2643.4,TRUE,1184,live,2705.7,1893.99,30,true,5,Guaranteed Delivery,20
9531,Vintor 10000Iu Pre Filled Syringe Of 1Ml Injection,vintor-10000iu-pfs-inj-9531,Erythropoietin 10000iu,Erythropoietin,1 Ml in Pre-Filled Syringe,Injection,Emcure Pharmaceuticals Ltd,iron-and-anaemia-medicines,Haematinics,TRUE,FALSE,TRUE,SCHEDULE H,,2154.97,TRUE,1185,live,2117.19,1524.38,28,true,4,Short in Supply. May be delivered late.,20
4681,Lysiprin 500Mg Strip Of 10 Tablets,lysiprin-500mg-tablet-4681,Levetiracetam 500mg,Levetiracetam,10 Units in Strip,Tablet,Zydus Healthcare Limited,neurological-medicines,Anti-Epileptic,TRUE,TRUE,FALSE,SCHEDULE H,,145.26,TRUE,1186,live,138.64,98.43,29,true,5,Guaranteed Delivery,18
188677,Cilnep T 40Mg Strip Of 10 Tablets,cilnep-t-strip-of-10-tablets-188677,Cilnidipine 10mg + Telmisartan 40mg,Cilnidipine+Telmisartan,10 Units in Strip,Tablet,Leeford Healthcare Ltd,blood-pressure-medicines,Combinations,TRUE,TRUE,FALSE,SCHEDULE H,,96,TRUE,1187,live,90,64.8,28,true,5,Guaranteed Delivery,20
3732378,Dapaford 10Mg Strip Of 15 Tablets,dapaford-10-tablet-15-no-s-3732378,Dapagliflozin 10mg,Dapagliflozin,15 Units in Strip,Tablet,Leeford Healthcare Ltd,anti-diabetic-medicines,SGLT2 inhibitors,TRUE,TRUE,FALSE,SCHEDULE G,,171.16,TRUE,1188,live,150,100.5,33,true,5,Guaranteed Delivery,20
3866086,Gabanyl Nt 100Mg Strip Of 10 Tablets,gabanyl-nt-100mg-strip-of-10-tablets-3866086,Gabapentin 100mg + Nortriptyline 10mg,Gabapentin+Nortriptyline,10 Units in Strip,Tablet,Leeford Healthcare Ltd,nerve-pain-medicines,Peripheral Neuropathy,TRUE,TRUE,FALSE,SCHEDULE H,,95.58,TRUE,1189,live,89,64.08,28,true,5,Guaranteed Delivery,20
3933296,Gabanyl M Strip Of 10 Tablets,gabanyl-m-strip-of-10-tablets-3933296,Gabapentin 300mg + Vitamin B12 / Mecobalamin / Cynocobalamin / Methylcobalamin 500mcg,Vitamin B12 / Mecobalamin / Cynocobalamin / Methylcobalamin+Gabapentin,10 Units in Strip,Tablet,Leeford Healthcare Ltd,nerve-pain-medicines,Peripheral Neuropathy,TRUE,TRUE,FALSE,SCHEDULE H,,120.07,TRUE,1190,live,112,80.64,28,true,5,Guaranteed Delivery,20
3577196,Easylax Plus Peppermint Flavour Sugar Free Bottle Of 170Ml Emulsion,easylax-plus-peppermint-flavour-sugar-free-bottle-of-170ml-emulsion-3577196,Magnesium Hydroxide / Milk Of Magnesia(3.75 Ml/5Ml) + Liquid Paraffin(1.25 Ml/5Ml) + Sodium Picosulfate(3.33 Mg/5Ml),Sodium Picosulfate+Liquid Paraffin+Magnesium Hydroxide / Milk Of Magnesia,170 Ml in Bottle,Emulsion,Cipla Limited,gastrointestinal-medicines,Laxative,TRUE,FALSE,FALSE,SCHEDULE H,,163.96,TRUE,1191,live,178.43,130.25,27,true,5,Guaranteed Delivery,20
234968,Acnetoin I 20Mg Strip Of 10 Capsules,acnetoin-i-20mg-capsule-10-s-234968,Isotretinoin 20mg,Isotretinoin,10 Units in Strip,Softgel Capsule,Leeford Healthcare Ltd,dermatology-medicines,Anti-Acne,TRUE,FALSE,FALSE,SCHEDULE H,,193.62,TRUE,1192,live,175,115.5,34,true,5,Guaranteed Delivery,20
6494,Tenvir Em Bottle Of 30 Tablets,tenvir-em-bottle-of-30-tablets-6494,Tenofovir Disoproxil 300mg + Emtricitabine 200mg,Tenofovir Disoproxil+Emtricitabine,30 Units in Bottle,Tablet,Cipla Limited,antiviral-medicines,Anti-Retroviral,TRUE,TRUE,FALSE,SCHEDULE H,,2881.1,TRUE,1193,live,3019.7,2264.77,25,true,5,Guaranteed Delivery,20
486473,Acnetoin I 10Mg Strip Of 10 Capsules,acnetoin-i-10mg-strip-of-10-capsules-486473,Isotretinoin 10mg,Isotretinoin,10 Units in Strip,Softgel Capsule,Leeford Healthcare Ltd,dermatology-medicines,Anti-Acne,TRUE,FALSE,FALSE,SCHEDULE H,,134.75,TRUE,1194,live,125,85,32,true,5,Guaranteed Delivery,20
4008914,Dapaford 10Mg Vd Strip Of 15 Tablets,dapaford-10mg-vd-strip-of-15-tablets-4008914,Dapagliflozin 10mg + Vildagliptin 100mg,Dapagliflozin+Vildagliptin,15 Units in Strip,Tablet,Leeford Healthcare Ltd,anti-diabetic-medicines,Combinations,TRUE,TRUE,FALSE,SCHEDULE H,,250.32,TRUE,1195,live,230,163.3,29,true,5,Guaranteed Delivery,20
15972,Nitro G 2.6Mg Bottle Of 30 Tablets,nitro-g-2-6mg-tablet-15972,Nitroglycerin / Glyceryl Trinitrate 2.6mg,Nitroglycerin / Glyceryl Trinitrate,30 Units in Bottle,Tablet,Knoll Healthcare Pvt Ltd,cardiac-medicines,Anti-Anginal,TRUE,TRUE,FALSE,SCHEDULE H,,191.64,TRUE,1196,live,179.5,96.93,46,true,5,Guaranteed Delivery,20
223524,P 40Mg Strip Of 10 Tablets,p-40mg-tab-10-s-223524,Pantoprazole 40mg,Pantoprazole,10 Units in Strip,Tablet,Alkem Laboratories Ltd,gastrointestinal-medicines,Antacid,TRUE,FALSE,FALSE,SCHEDULE H,3595030,111.72,TRUE,1197,live,112.5,70.88,37,true,5,Guaranteed Delivery,20
17538,Meromac 1Gm Dry Vial Of 1 Powder For Injection,meromac-1gm-inj-17538,Meropenem 1g,Meropenem,1 Units in Dry Vial,Powder For Injection,Macleods Pharmaceuticals,antibiotics,Carbapenems,TRUE,FALSE,FALSE,SCHEDULE H1,,810.79,TRUE,1198,live,835.79,601.77,28,true,5,Guaranteed Delivery,20
16608,Lupi Hmg 150Iu Dry Vial Of 1 Powder For Injection,lupi-hmg-150mg-inj-16608,Human Menopausal Gonadotrophin 150iu,Human Menopausal Gonadotrophin,1 Units in Dry Vial,Powder For Injection,Lupin,womens-health-medicines,Female Infertility,TRUE,FALSE,TRUE,SCHEDULE H,,1953.09,TRUE,1199,live,2515,1433.55,43,true,5,Guaranteed Delivery,20
10857,Ubi Q 300Mg Strip Of 15 Softgel Capsules,ubi-q-300mg-strip-of-15-capsules-10857,Coenzyme Q10 / Ubidecarenone 300mg,Coenzyme Q10 / Ubidecarenone,15 Units in Strip,Softgel Capsule,Fourrts India Laboratories Pvt Ltd,vitamins-and-supplements,Nutritional Supplement,TRUE,FALSE,FALSE,NON SCHEDULED,3503426,1682.26,TRUE,1200,live,1613,1209.75,25,true,5,Guaranteed Delivery,20
15985,Pregabel 75Mg Strip Of 10 Capsules,pregabel-75mg-capsule-15985,Pregabalin 75mg,Pregabalin,10 Units in Strip,Capsule,Knoll Healthcare Pvt Ltd,neurological-medicines|nerve-pain-medicines,Anti-Epileptic,TRUE,TRUE,FALSE,SCHEDULE H1,,174.72,TRUE,1201,live,164,118.08,28,true,5,Guaranteed Delivery,18
3553992,Siliostru 8Mg Strip Of 10 Capsules,siliostru-8mg-strip-of-10-capsules-3553992,Silodosin 8mg,Silodosin,10 Units in Strip,Capsule,Avighna Medicare Pvt Ltd,prostate-care-medicines,,TRUE,TRUE,FALSE,SCHEDULE H,,242.17,TRUE,1202,live,269.98,145.79,46,true,4,Short in Supply. May be delivered late.,20
3553943,Lulitreat 1% Tube Of 30Gm Cream,lulitreat-1-tube-of-30gm-gel-3553943,Luliconazole 1%w/w,Luliconazole,30 G in Tube,Cream,Avighna Medicare Pvt Ltd,antifungal-medicines,Topical Anti-Fungal,FALSE,FALSE,FALSE,SCHEDULE H,,291.16,TRUE,1203,live,282.49,186.44,34,true,5,Guaranteed Delivery,20
3553033,Siliostru D Strip Of 10 Capsules,siliostru-d-strip-of-10-tablets-3553033,Silodosin 8mg + Dutasteride 0.5mg,Silodosin+Dutasteride,10 Units in Strip,Capsule,Avighna Medicare Pvt Ltd,prostate-care-medicines,,TRUE,TRUE,FALSE,SCHEDULE H,,252.56,TRUE,1205,live,266.19,151.73,43,true,5,Guaranteed Delivery,20
236409,Rexigut 550Mg Strip Of 10 Tablets,rexigut-550mg-strip-of-10-tablets-236409,Rifaximin 550mg,Rifaximin,10 Units in Strip,Tablet,Leeford Healthcare Ltd,antibiotics,Other,TRUE,FALSE,FALSE,SCHEDULE H,,402.14,TRUE,1206,live,450,297,34,true,5,Guaranteed Delivery,20
188915,Ursolid 150Mg Strip Of 10 Tablets,ursolid-150mg-tab-10-s-188915,Ursodeoxycholic Acid / Ursodiol 150mg,Ursodeoxycholic Acid / Ursodiol,10 Units in Strip,Tablet,Leeford Healthcare Ltd,liver-care-medicines,Cholelithiasis,TRUE,FALSE,FALSE,SCHEDULE H,,178.23,TRUE,1207,live,180,127.8,29,true,5,Guaranteed Delivery,20
207464,Clopicard Ap 75Mg Strip Of 15 Tablets,clopicard-ap-75mg-tablet-15-s-207464,Clopidogrel 75mg + Aspirin / Acetyl Salicylic Acid 75mg,Clopidogrel+Aspirin / Acetyl Salicylic Acid,15 Units in Strip,Tablet,Cipla Gx,blood-thinners,Anti-Platelet,TRUE,TRUE,FALSE,SCHEDULE H,,60.02,TRUE,1208,live,66.74,48.05,28,true,5,Guaranteed Delivery,20
109983,Udinol 300Mg Strip Of 10 Tablets,udinol-300mg-tab-109983,Ursodeoxycholic Acid / Ursodiol 300mg,Ursodeoxycholic Acid / Ursodiol,10 Units in Strip,Tablet,Knoll Healthcare Pvt Ltd,liver-care-medicines,Cholelithiasis,TRUE,FALSE,FALSE,SCHEDULE H,,578.6,TRUE,1209,live,580,423.4,27,true,5,Guaranteed Delivery,20
3731276,Bisoder 2.5Mg Strip Of 10 Tablets,bisoder-2-5-tablet-10-no-s-3731276,Bisoprolol Fumarate 2.5mg,Bisoprolol Fumarate,10 Units in Strip,Tablet,Elder Pharmaceuticals Ltd,blood-pressure-medicines,Beta blockers,TRUE,TRUE,FALSE,SCHEDULE H,,63.79,TRUE,1210,live,59.8,43.06,28,true,4,Short in Supply. May be delivered late.,20
237184,Sildoease 8 D Strip Of 10 Capsules,sildoease-8-d-strip-of-10-capsules-237184,Silodosin 8mg + Dutasteride 0.5mg,Silodosin+Dutasteride,10 Units in Strip,Capsule,Leeford Healthcare Ltd,prostate-care-medicines,,TRUE,TRUE,FALSE,SCHEDULE H,,278.4,TRUE,1211,live,257.81,136.64,47,false,2,Out of Stock,20
111184,Cardiozen Fb 10Mg Strip Of 10 Tablets,cardiozen-fb-10mg-tablet-111184,Atorvastatin 10mg + Fenofibrate 160mg,Fenofibrate+Atorvastatin,10 Units in Strip,Tablet,Leeford Healthcare Ltd,cholesterol-medicines,Combinations,TRUE,TRUE,FALSE,SCHEDULE H,,124.74,TRUE,1212,live,115,62.1,46,true,5,Guaranteed Delivery,20
3916189,Apigy 5Mg Strip Of 10 Tablets,apigy-5mg-strip-of-10-tablets-3916189,Apixaban 5mg,Apixaban,10 Units in Strip,Tablet,Cipla Limited,blood-thinners,Anti-Coagulant,TRUE,TRUE,FALSE,SCHEDULE H,3916192,204.58,TRUE,1214,live,215.53,161.65,25,true,5,Guaranteed Delivery,20
3683505,Rosugard 20Mg Strip Of 10 Tablets,rosugard-20mg-strip-of-10-tablets-3683505,Rosuvastatin 20mg,Rosuvastatin,10 Units in Strip,Tablet,Cipla Gx,cholesterol-medicines,Statins,TRUE,TRUE,FALSE,SCHEDULE H,,293.44,TRUE,1215,live,320.82,227.78,29,true,5,Guaranteed Delivery,20
192180,Imat 400Mg Strip Of 10 Tablets,imat-400mg-tab-10-s-192180,Imatinib 400mg,Imatinib,10 Units in Strip,Tablet,Zydus Lifesciences Limited,cancer-medicines,Targeted kinase inhibitors,TRUE,TRUE,FALSE,SCHEDULE H,,2235.47,TRUE,1216,live,2146,1008.62,53,true,3,,20
168949,Telkonol H Strip Of 10 Tablets,telkonol-h-strip-of-10-tablets-168949,Telmisartan 40mg + Hydrochlorothiazide 12.5mg,Telmisartan+Hydrochlorothiazide,10 Units in Strip,Tablet,Knoll Healthcare Pvt Ltd,blood-pressure-medicines,Combinations,TRUE,TRUE,FALSE,SCHEDULE H,,94.26,TRUE,1217,live,88.59,49.61,44,true,5,Guaranteed Delivery,20
3784291,Sitasmart M 50/1000Mg Strip Of 15 Tablets,sitasmart-m-50-1000mg-strip-of-15-tablets-3784291,Sitagliptin 50mg + Metformin Hydrochloride 1000mg,Sitagliptin+Metformin Hydrochloride,15 Units in Strip,Tablet,Healing Pharma India Pvt Ltd,anti-diabetic-medicines,Combinations,TRUE,TRUE,FALSE,SCHEDULE H,,333.53,TRUE,1218,live,346,245.66,29,true,5,Guaranteed Delivery,20
3553780,Clavcep 200Mg Strip Of 10 Tablets,clavcep-200mg-strip-of-10-tablets-3553780,Cefpodoxime 200mg,Cefpodoxime,10 Units in Strip,Tablet,Avighna Medicare Pvt Ltd,antibiotics,Cephalosporins,TRUE,FALSE,FALSE,SCHEDULE H1,,169.17,TRUE,1219,live,177.08,70.83,60,true,5,Guaranteed Delivery,20
3631264,Diclotreat Hot Tube Of 30Gm Gel,diclotreat-hot-tube-of-30gm-gel-3631264,Methyl Salicylate 10%w/w + Menthol 5%w/w + Capsaicin 0.025%w/w + Diclofenac Diethylamine 1.16%w/w + Virgin Linseed Oil 3%w/w,Diclofenac Diethylamine+Virgin Linseed Oil+Methyl Salicylate+Menthol+Capsaicin,30 G in Tube,Gel,Avighna Medicare Pvt Ltd,pain-relief-medicines,Topical Analgesic,TRUE,FALSE,FALSE,SCHEDULE H,,98.85,TRUE,1221,live,108.8,79.42,27,true,5,Guaranteed Delivery,20
187535,Telkonol H 80Mg Strip Of 10 Tablets,telkonol-h-80mg-strip-of-10-tablets-187535,Hydrochlorothiazide 12.5mg + Telmisartan 80mg,Telmisartan+Hydrochlorothiazide,10 Units in Strip,Tablet,Knoll Healthcare Pvt Ltd,blood-pressure-medicines,Combinations,TRUE,TRUE,FALSE,SCHEDULE H,,159.72,TRUE,1223,live,149.5,83.72,44,true,5,Guaranteed Delivery,20
3554009,Clavcep Cv Strip Of 10 Tablets,clavcep-cv-strip-of-10-tablets-3554009,Cefpodoxime 200mg + Clavulanic Acid 125mg,Cefpodoxime+Clavulanic Acid,10 Units in Strip,Tablet,Avighna Medicare Pvt Ltd,antibiotics,Cephalosporins,TRUE,FALSE,FALSE,SCHEDULE H1,,322.74,TRUE,1224,live,366.31,245.43,33,true,5,Guaranteed Delivery,20
9223,Emprogest 400Mg Strip Of 10 Oral/Vaginal/Rectal Capsules,emprogest-400mg-capsule-9223,Progesterone 400mg,Progesterone,10 Units in Strip,Oral/Vaginal/Rectal Capsule,Emcure Pharmaceuticals Ltd,womens-health-medicines,Female Infertility,TRUE,FALSE,FALSE,SCHEDULE H,,831.75,TRUE,1225,live,857.55,626.01,27,true,5,Guaranteed Delivery,20
14418,Calcitas D3 Strip Of 4 Softgel Capsules,calcitas-60000iu-d3-cap-4-s-14418,Vitamin D3 / Cholecalciferol 60000iu,Vitamin D3 / Cholecalciferol,4 Units in Strip,Capsule,Intas Pharmaceuticals Ltd Gx,vitamins-and-supplements,Other,FALSE,FALSE,FALSE,NON SCHEDULED,,137.36,TRUE,1227,live,132.38,72.81,45,true,5,Guaranteed Delivery,20
502356,Bisonol 2.5Mg Strip Of 10 Tablets,bisonol-2-5mg-strip-of-10-tablets-502356,Bisoprolol Fumarate 2.5mg,Bisoprolol Fumarate,10 Units in Strip,Tablet,Knoll Healthcare Pvt Ltd,blood-pressure-medicines,Beta blockers,TRUE,TRUE,FALSE,SCHEDULE H,,41.95,TRUE,1228,live,100,64,36,true,5,Guaranteed Delivery,20
3997516,Aceclootrue Mr Strip Of 10 Tablets,aceclootrue-mr-strip-of-10-tablets-3997516,Aceclofenac 100mg + Paracetamol / Acetaminophen 325mg + Chlorzoxazone 250mg,Aceclofenac+Paracetamol / Acetaminophen+Chlorzoxazone,10 Units in Strip,Tablet,Avighna Medicare Pvt Ltd,muscle-relaxants|pain-relief-medicines,,TRUE,FALSE,FALSE,SCHEDULE H,,113.38,TRUE,1229,live,124.78,91.09,27,true,5,Guaranteed Delivery,20
486613,Glimidib Mv 1Mg Sr Strip Of 10 Tablets,glimidib-mv-1mg-sr-strip-of-10-tablets-486613,Metformin Hydrochloride 500mg + Glimepiride 1mg + Voglibose 0.2mg,Voglibose+Glimepiride+Metformin Hydrochloride,10 Units in Strip,Tablet,Vivier Pharma Private Limited,anti-diabetic-medicines,Combinations,TRUE,TRUE,FALSE,SCHEDULE H,,128.77,TRUE,1231,live,122.51,86.98,29,true,5,Guaranteed Delivery,20
2954156,Moxonol 0.3Mg Strip Of 10 Tablets,moxonol-0-3mg-strip-of-10-tablets-2954156,Moxonidine 0.3mg,Moxonidine,10 Units in Strip,Tablet,Knoll Healthcare Pvt Ltd,blood-pressure-medicines,Anti-Hypertensive,TRUE,TRUE,FALSE,SCHEDULE H,,128.32,TRUE,1232,live,120,70.8,41,true,5,Guaranteed Delivery,20
214775,Olimab 60Mg Pre Filled Syringe Of 1Ml Solution For Injection,olimab-60mg-inj-1ml-214775,Denosumab 60mg/ml,Denosumab,1 Ml in Pre-Filled Syringe,Solution For Injection,Intas Pharmaceuticals Ltd,bone-and-joint-medicines|cancer-medicines,Osteoporosis,TRUE,FALSE,TRUE,SCHEDULE H,,17401.74,TRUE,1233,live,15458.4,11284.63,27,true,3,,20
3594330,Cipmido 2.5Mg Strip Of 20 Tablets,cipmido-2-5mg-strip-of-20-tablets-3594330,Midodrine 2.5mg,Midodrine,20 Units in Strip,Tablet,Cipla Limited,blood-pressure-medicines,Anti-Hypotensive,TRUE,FALSE,FALSE,SCHEDULE H,,1043.64,TRUE,1234,live,1077.65,808.24,25,true,5,Guaranteed Delivery,20
4140718,Actihair F 10% Bottle Of 60Ml Solution,actihair-10f-60-ml-4140718,Minoxidil 10%w/v + Finasteride 0.1%w/v + Lipids 0.001%,Minoxidil+Finasteride+Lipids,60 Ml in Bottle,Skin Solution,Leeford Healthcare Ltd,dermatology-medicines,Alopecia,TRUE,FALSE,FALSE,SCHEDULE H,,849.7,TRUE,1235,live,750,532.5,29,true,5,Guaranteed Delivery,20
3553880,Rifcure 400Mg Strip Of 10 Tablets,rifcure-400mg-strip-of-10-tablets-3553880,Rifaximin 400mg,Rifaximin,10 Units in Strip,Tablet,Avighna Medicare Pvt Ltd,antibiotics,Other,TRUE,FALSE,FALSE,SCHEDULE H,,337.58,TRUE,1236,live,379.78,281.04,26,true,5,Guaranteed Delivery,20
180523,Calcijoint D3 Shot Sugar Free Bottle Of 5Ml Oral Solution,calcijoint-d3-shot-sugar-free-bottle-of-5ml-solution-180523,Vitamin D3 / Cholecalciferol(60000.0 Iu/5Ml),Vitamin D3 / Cholecalciferol,5 Ml in Bottle,Oral Solution,Leeford Healthcare Ltd,vitamins-and-supplements,Other,FALSE,FALSE,FALSE,NON SCHEDULED,,61.55,TRUE,1238,live,56.25,37.69,33,true,5,Guaranteed Delivery,20
3926367,Arnicor 200Mg Strip Of 10 Tablets,arnicor-200mg-strip-of-10-tablets-3926367,Sacubitril 97mg + Valsartan 103mg,Sacubitril+Valsartan,10 Units in Strip,Tablet,Cipla Limited,cardiac-medicines,Congestive Heart Failure,TRUE,TRUE,FALSE,SCHEDULE H,,436.75,TRUE,1239,live,453.75,335.77,26,true,5,Guaranteed Delivery,20
3135515,Vildader 50Mg Strip Of 15 Tablets,vildader-50mg-strip-of-15-tablets-3135515,Vildagliptin 50mg,Vildagliptin,15 Units in Strip,Tablet,Elder Pharmaceuticals Ltd,anti-diabetic-medicines,DPP-4 inhibitors,TRUE,TRUE,FALSE,SCHEDULE H,,198,TRUE,1240,live,185.62,133.65,28,true,5,Guaranteed Delivery,20
3043132,Vildader Met 500/50Mg Strip Of 15 Tablets,vildader-met-500-50mg-strip-of-15-tablets-3043132,Vildagliptin 50mg + Metformin Hydrochloride 500mg,Vildagliptin+Metformin Hydrochloride,15 Units in Strip,Tablet,Elder Pharmaceuticals Ltd,anti-diabetic-medicines,Combinations,TRUE,TRUE,FALSE,SCHEDULE H,,209.05,TRUE,1241,live,195.94,139.12,29,true,4,Short in Supply. May be delivered late.,20
221047,Ursobiac 300Mg Strip Of 10 Tablets,ursobiac-300mg-tab-10-s-221047,Ursodeoxycholic Acid / Ursodiol 300mg,Ursodeoxycholic Acid / Ursodiol,10 Units in Strip,Tablet,Mylan Pharmaceuticals Private Limited - A Viatris Company,liver-care-medicines,Cholelithiasis,TRUE,FALSE,FALSE,SCHEDULE H,,275.62,TRUE,1242,live,275.62,195.69,29,true,3,,20
118486,Cardiorostin 10Mg Strip Of 10 Tablets,cardiorostin-10mg-tablet-118486,Rosuvastatin 10mg,Rosuvastatin,10 Units in Strip,Tablet,Leeford Healthcare Ltd,cholesterol-medicines,Statins,TRUE,TRUE,FALSE,SCHEDULE H,,125.31,TRUE,1243,live,125,70,44,true,5,Guaranteed Delivery,20
234906,Clindinol Tm Strip Of 10 Tablets,clindinol-tm-tablet-10-s-234906,Cilnidipine 10mg + Telmisartan 40mg,Cilnidipine+Telmisartan,10 Units in Strip,Tablet,Knoll Healthcare Pvt Ltd,blood-pressure-medicines,Combinations,TRUE,TRUE,FALSE,SCHEDULE H,,104.17,TRUE,1244,live,97.5,54.6,44,true,5,Guaranteed Delivery,20
2985995,Teplota 650Mg Strip Of 15 Tablets,teplota-650mg-strip-of-15-tablets-2985995,Paracetamol / Acetaminophen 650mg,Paracetamol / Acetaminophen,15 Units in Strip,Tablet,Avighna Medicare Pvt Ltd,pain-relief-medicines,Analgesic/antipyretic,FALSE,FALSE,FALSE,NON SCHEDULED,,31.21,TRUE,1245,live,31.59,23.06,27,true,5,Guaranteed Delivery,20
35392,Armotraz 1Mg Strip Of 10 Tablets,armotraz-1mg-tablet-35392,Anastrozole 1mg,Anastrozole,10 Units in Strip,Tablet,Cipla Limited,cancer-medicines,Hormonal therapies,TRUE,TRUE,FALSE,SCHEDULE H,,760.87,TRUE,1246,live,713.38,477.96,33,true,4,Short in Supply. May be delivered late.,20
234923,Cardiorostin 10Mg Gold Strip Of 10 Capsules,cardiorostin-10mg-gold-strip-of-10-capsules-234923,Aspirin / Acetyl Salicylic Acid 75mg + Rosuvastatin 10mg + Clopidogrel 75mg,Rosuvastatin+Clopidogrel+Aspirin / Acetyl Salicylic Acid,10 Units in Strip,Capsule,Leeford Healthcare Ltd,cholesterol-medicines,Statins,TRUE,TRUE,FALSE,SCHEDULE H,,146.49,TRUE,1247,live,150,85.5,43,true,5,Guaranteed Delivery,20
188676,Cilnep 10Mg Strip Of 10 Tablets,cilnep-10mg-tab-188676,Cilnidipine 10mg,Cilnidipine,10 Units in Strip,Tablet,Leeford Healthcare Ltd,blood-pressure-medicines,Calcium channel blockers,TRUE,TRUE,FALSE,SCHEDULE H,,79.96,TRUE,1248,live,75,39.75,47,true,5,Guaranteed Delivery,20
211221,Debiliptin M 20/500Mg Strip Of 10 Tablets,debiliptin-m-20-500mg-tab-10-s-211221,Teneligliptin 20mg + Metformin Hydrochloride 500mg,Teneligliptin+Metformin Hydrochloride,10 Units in Strip,Tablet,Leeford Healthcare Ltd,anti-diabetic-medicines,Combinations,TRUE,TRUE,FALSE,SCHEDULE H,,129.36,TRUE,1249,live,121.8,66.99,45,true,5,Guaranteed Delivery,20
188682,Dailyglim M2 Forte Strip Of 10 Tablets,dailyglim-m2-forte-tab-188682,Glimepiride 2mg + Metformin Hydrochloride 1000mg,Metformin Hydrochloride+Glimepiride,10 Units in Strip,Tablet,Leeford Healthcare Ltd,anti-diabetic-medicines,Combinations,TRUE,TRUE,FALSE,SCHEDULE H,,92.09,TRUE,1250,live,92,50.6,45,true,5,Guaranteed Delivery,20
3683490,Okamet Gm 501Mg Strip Of 15 Tablets,okamet-gm-501mg-strip-of-15-tablets-3683490,Glimepiride 1mg + Metformin Hydrochloride 500mg,Metformin Hydrochloride+Glimepiride,15 Units in Strip,Tablet,Cipla Gx,anti-diabetic-medicines,Combinations,TRUE,TRUE,FALSE,SCHEDULE H,,130.13,TRUE,1251,live,143.41,101.82,29,true,5,Guaranteed Delivery,20
15939,Gemsunol Strip Of 15 Capsules,gemsunol-capsule-15939,Vitamin D3 / Cholecalciferol 0.25mcg + Zinc 7.5mg + Calcium Carbonate 500mg,Calcium Carbonate+Vitamin D3 / Cholecalciferol+Zinc,15 Units in Strip,Softgel Capsule,Knoll Healthcare Pvt Ltd,vitamins-and-supplements,Calcium and Vitamin D Supplementation,TRUE,FALSE,FALSE,NON SCHEDULED,,232,TRUE,1252,live,217,156.24,28,true,5,Guaranteed Delivery,20
4304441,Asiditaa 20/30Mg Dsr Strip Of 10 Capsules,asiditaa-20-30mg-dsr-strip-of-10-capsules-4304441,Rabeprazole 20mg + Domperidone 30mg,Rabeprazole+Domperidone,10 Units in Strip,Capsule,Avighna Medicare Pvt Ltd,gastrointestinal-medicines,Antacid and Anti-Emetic,TRUE,FALSE,FALSE,SCHEDULE H,,129,TRUE,1253,live,133.04,99.78,25,true,5,Guaranteed Delivery,20
4008771,Dompaacure P Strip Of 10 Capsules,dompaacure-p-strip-of-10-capsules-4008771,Pantoprazole 40mg + Domperidone 30mg,Domperidone+Pantoprazole,10 Units in Strip,Capsule,Avighna Medicare Pvt Ltd,gastrointestinal-medicines,Antacid and Anti-Emetic,TRUE,FALSE,FALSE,SCHEDULE H,,119.94,TRUE,1254,live,134.99,78.29,42,true,5,Guaranteed Delivery,20
3849276,Rosycap 5Mg Strip Of 15 Tablets,rosycap-5mg-strip-of-15-tablets-3849276,Rosuvastatin 5mg,Rosuvastatin,15 Units in Strip,Tablet,Akumentis Healthcare Ltd,cholesterol-medicines,Statins,TRUE,TRUE,FALSE,SCHEDULE H,3849279,101.43,TRUE,1255,live,103.61,76.67,26,true,5,Guaranteed Delivery,20
3753718,Cipvildin M 50/1000Mg Strip Of 15 Tablets,cipvildin-m-50-1000mg-strip-of-15-tablets-3753718,Metformin Hydrochloride 1000mg + Vildagliptin 50mg,Vildagliptin+Metformin Hydrochloride,15 Units in Strip,Tablet,Cipla Gx,anti-diabetic-medicines,Combinations,TRUE,TRUE,FALSE,SCHEDULE H,,173.82,TRUE,1256,live,170.15,120.81,29,false,2,Out of Stock,20
3683535,Okamet Gm 502Mg Strip Of 15 Tablets,okamet-gm-502mg-strip-of-15-tablets-3683535,Metformin Hydrochloride 500mg + Glimepiride 2mg,Metformin Hydrochloride+Glimepiride,15 Units in Strip,Tablet,Cipla Gx,anti-diabetic-medicines,Combinations,TRUE,TRUE,FALSE,SCHEDULE H,,178.8,TRUE,1257,live,197.64,140.32,29,true,5,Guaranteed Delivery,20
2986027,Pregnerv Nt Strip Of 10 Tablets,pregnerv-nt-strip-of-10-tablets-2986027,Pregabalin 75mg + Nortriptyline 10mg,Pregabalin+Nortriptyline,10 Units in Strip,Tablet,Avighna Medicare Pvt Ltd,nerve-pain-medicines,Peripheral Neuropathy,TRUE,TRUE,FALSE,SCHEDULE H1,,143.33,TRUE,1258,live,157.67,93.03,41,true,5,Guaranteed Delivery,20
3553463,Pulmocystein Strip Of 10 Tablets,pulmocystein-strip-of-10-tablets-3553463,Acetylcysteine 600mg,Acetylcysteine,10 Units in Strip,Tablet,Avighna Medicare Pvt Ltd,cough-and-cold-medicines,,TRUE,FALSE,FALSE,SCHEDULE H,,235.71,TRUE,1259,live,250.59,135.32,46,true,4,Short in Supply. May be delivered late.,20
4010284,Ivaford 5Mg Strip Of 15 Tablets,ivaford-5mg-strip-of-15-tablets-4010284,Ivabradine 5mg,Ivabradine,15 Units in Strip,Tablet,Leeford Healthcare Ltd,cardiac-medicines,Anti-Anginal,TRUE,TRUE,FALSE,SCHEDULE H,,284.94,TRUE,1260,live,250,182.5,27,true,5,Guaranteed Delivery,20
4010765,Telismart Am Strip Of 15 Tablets,telismart-am-strip-of-15-tablets-4010765,Telmisartan 40mg + Amlodipine 5mg,Telmisartan+Amlodipine,15 Units in Strip,Tablet,Vivier Pharma Private Limited,blood-pressure-medicines,Combinations,TRUE,TRUE,FALSE,SCHEDULE H,4015232,227.21,TRUE,1261,live,235.8,169.78,28,true,4,Short in Supply. May be delivered late.,20
4126583,Dapaford S 100Mg Strip Of 15 Tablets,dapaford-s-100mg-strip-of-15-tablets-4126583,Dapagliflozin 10mg + Sitagliptin 100mg,Dapagliflozin+Sitagliptin,15 Units in Strip,Tablet,Leeford Healthcare Ltd,anti-diabetic-medicines,Combinations,TRUE,TRUE,FALSE,SCHEDULE H,,285,TRUE,1262,live,250,167.5,33,true,5,Guaranteed Delivery,20
3608166,Hydire 200Mg Strip Of 10 Tablets,hydire-200mg-strip-of-10-tablets-3608166,Hydroxychloroquine 200mg,Hydroxychloroquine,10 Units in Strip,Tablet,Avighna Medicare Pvt Ltd,bone-and-joint-medicines,Rheumatoid Arthritis,TRUE,TRUE,FALSE,SCHEDULE H1,,71.68,TRUE,1263,live,66.67,38.67,42,true,5,Guaranteed Delivery,20
211375,Sucrafil O Gel Sugar Free Bottle Of 200Ml Suspension,sucrafil-o-gel-sugar-free-bottle-of-200ml-suspension-211375,Sucralfate 500mg + Oxetacaine / Oxethazaince 10mg,Sucralfate+Oxetacaine / Oxethazaince,200 Ml in Bottle,Oral Gel,Fourrts India Laboratories Pvt Ltd,gastrointestinal-medicines,Antacid and Anti-Flatulent,TRUE,FALSE,FALSE,SCHEDULE H,3505171,273.9,TRUE,1264,live,295,221.25,25,true,5,Guaranteed Delivery,20
191631,Danfree 2% Bottle Of 100Ml Shampoo,danfree-2-shampoo-100ml-191631,Ketoconazole 2%w/v,Ketoconazole,100 Ml in Bottle,Shampoo,Cipla Gx,dermatology-medicines,Anti-Dandruff,TRUE,FALSE,FALSE,SCHEDULE H,,313.89,TRUE,1265,live,346.88,246.28,29,true,5,Guaranteed Delivery,20
30241,Maxiliv 600Mg Dry Vial Of 1 Powder For Injection,maxiliv-600mg-inj-30241,Glutathione 600mg,Glutathione,1 Units in Dry Vial,Powder For Injection,Zuventus Health Care Ltd,liver-care-medicines,Hepatoprotective,TRUE,FALSE,FALSE,NON SCHEDULED,,1610.7,TRUE,1266,live,1798.9,1331.19,26,true,5,Guaranteed Delivery,20
486553,Esomefol Sl Strip Of 10 Capsules,esomefol-sl-strip-of-10-capsules-486553,Esomeprazole 40mg + Levosulpiride 75mg,Esomeprazole+Levosulpiride,10 Units in Strip,Capsule,Leeford Healthcare Ltd,gastrointestinal-medicines,Antacid and Anti-Reflux,TRUE,FALSE,FALSE,SCHEDULE H,,187.72,TRUE,1267,live,178.12,101.53,43,true,5,Guaranteed Delivery,20
231367,Gzide Xr 60Mg Strip Of 10 Tablets,gzide-xr-60mg-tablet-10-s-231367,Gliclazide 60mg,Gliclazide,10 Units in Strip,Tablet,Elder Projects Ltd,anti-diabetic-medicines,Sulfonylureas,TRUE,TRUE,FALSE,SCHEDULE H,,143,TRUE,1268,live,143,107.25,25,true,4,Short in Supply. May be delivered late.,20
119647,Venpres Am 40Mg Strip Of 10 Tablets,venpres-am-tab-119647,Telmisartan 40mg + Amlodipine 5mg,Telmisartan+Amlodipine,10 Units in Strip,Tablet,Leeford Healthcare Ltd,blood-pressure-medicines,Combinations,TRUE,TRUE,FALSE,SCHEDULE H,,84.79,TRUE,1269,live,79,44.24,44,true,5,Guaranteed Delivery,20
168933,Olmesmart 20Mg Strip Of 10 Tablets,olmesmart-20mg-strip-of-10-tablets-168933,Olmesartan Medoxomil 20mg,Olmesartan Medoxomil,10 Units in Strip,Tablet,Vivier Pharma Private Limited,blood-pressure-medicines,Angiotensin receptor blockers,TRUE,TRUE,FALSE,SCHEDULE H,,137.52,TRUE,1270,live,135,95.85,29,true,5,Guaranteed Delivery,18
109975,Torsinol 10Mg Strip Of 10 Tablets,torsinol-10mg-tab-109975,Torasemide / Torsemide 10mg,Torasemide / Torsemide,10 Units in Strip,Tablet,Knoll Healthcare Pvt Ltd,diuretics,,TRUE,TRUE,FALSE,SCHEDULE H,,47.13,TRUE,1271,live,44,31.68,28,true,5,Guaranteed Delivery,20
11227,Exhep 40Mg Pre Filled Syringe Of 0.4Ml Injection,exhep-40mg-injection-0-4ml-11227,Enoxaparin(40.0 Mg/0.4Ml),Enoxaparin,0.4 Ml in Pre-Filled Syringe,Injection,Emcure Pharmaceuticals Ltd,blood-thinners,Anti-Coagulant,TRUE,FALSE,FALSE,SCHEDULE H,,464.95,TRUE,1272,live,470.34,352.75,25,false,2,Out of Stock,20
192399,Endogest 400Mg Strip Of 10 Capsules,endogest-400mg-strip-of-10-capsules-192399,Progesterone 400mg,Progesterone,10 Units in Strip,Oral/Vaginal/Rectal Capsule,Cipla Limited,womens-health-medicines,Female Infertility,TRUE,FALSE,FALSE,SCHEDULE H,,694.4,TRUE,1273,live,715.36,507.91,29,true,5,Guaranteed Delivery,20
118655,Esomefol Dsr Strip Of 10 Capsules,esomefol-dsr-capsule-118655,Domperidone 30mg + Esomeprazole 40mg,Domperidone+Esomeprazole,10 Units in Strip,Capsule,Leeford Healthcare Ltd,gastrointestinal-medicines,Antacid and Anti-Emetic,TRUE,FALSE,FALSE,SCHEDULE H,,93.45,TRUE,1274,live,89,46.28,48,true,5,Guaranteed Delivery,20
27377,Troycal Ct Strip Of 10 Capsules,troycal-ct-strip-of-10-capsules-27377,Vitamin D3 / Cholecalciferol 0.25mcg + Zinc 7.5mg + Calcium Carbonate 500mg,Calcium Carbonate+Vitamin D3 / Cholecalciferol+Zinc,10 Units in Strip,Softgel Capsule,Troikaa Pharmaceuticals Ltd,vitamins-and-supplements,Calcium and Vitamin D Supplementation,TRUE,FALSE,FALSE,NON SCHEDULED,,222.5,TRUE,1275,live,262,188.64,28,true,5,Guaranteed Delivery,20
16381,Megaburn 120Mg Strip Of 10 Capsules,megaburn-120mg-capsule-16381,Orlistat 120mg,Orlistat,10 Units in Strip,Capsule,Leeford Healthcare Ltd,weight-management-medicines,Lipase inhibitors,TRUE,FALSE,FALSE,SCHEDULE H,,546.9,TRUE,1276,live,500,280,44,true,5,Guaranteed Delivery,20
12641,Telismart H 40/12.5Mg Strip Of 10 Tablets,telismart-h-40-12-5mg-tablet-10-s-12641,Telmisartan 40mg + Hydrochlorothiazide 12.5mg,Telmisartan+Hydrochlorothiazide,10 Units in Strip,Tablet,Vivier Pharma Private Limited,blood-pressure-medicines,Combinations,TRUE,TRUE,FALSE,SCHEDULE H,3958727,133.22,TRUE,1277,live,133.22,99.91,25,false,2,Out of Stock,20
226336,Telkonol Trio 40Mg Strip Of 10 Tablets,telkonol-trio-40mg-tablet-10-s-226336,Telmisartan 40mg + Cilnidipine 10mg + Chlorthalidone / Chlortalidone 12.5mg,Telmisartan+Cilnidipine+Chlorthalidone / Chlortalidone,10 Units in Strip,Tablet,Knoll Healthcare Pvt Ltd,blood-pressure-medicines,Combinations,TRUE,TRUE,FALSE,SCHEDULE H,,158.33,TRUE,1278,live,149.06,86.45,42,true,5,Guaranteed Delivery,20
237514,Vildanol Mf 500Mg Strip Of 15 Tablets,vildanol-mf-500mg-strip-of-15-tablets-237514,Vildagliptin 50mg + Metformin Hydrochloride 500mg,Vildagliptin+Metformin Hydrochloride,15 Units in Strip,Tablet,Knoll Healthcare Pvt Ltd,anti-diabetic-medicines,Combinations,TRUE,TRUE,FALSE,SCHEDULE H,,217.47,TRUE,1279,live,203.5,144.48,29,true,5,Guaranteed Delivery,20
109963,Rozutin F Strip Of 10 Tablets,rozutin-f-tab-109963,Rosuvastatin 10mg + Fenofibrate 160mg,Rosuvastatin+Fenofibrate,10 Units in Strip,Tablet,Knoll Healthcare Pvt Ltd,cholesterol-medicines,Combinations,TRUE,TRUE,FALSE,SCHEDULE H,,296.63,TRUE,1280,live,279,184.14,34,true,5,Guaranteed Delivery,20
178642,Febuvel 40Mg Strip Of 10 Tablets,febuvel-40mg-strip-of-10-tablets-178642,Febuxostat 40mg,Febuxostat,10 Units in Strip,Tablet,Leeford Healthcare Ltd,gout-medicines,Xanthine oxidase inhibitors,TRUE,TRUE,FALSE,SCHEDULE H,,94.77,TRUE,1281,live,89,50.73,43,true,5,Guaranteed Delivery,20
2978187,Metbetic Gl 2Mg Strip Of 15 Tablets,metbetic-gl-2mg-strip-of-15-tablets-2978187,Metformin Hydrochloride 500mg + Glimepiride 2mg,Metformin Hydrochloride+Glimepiride,15 Units in Strip,Tablet,Cadila Pharmaceuticals Limited,anti-diabetic-medicines,Combinations,TRUE,TRUE,FALSE,SCHEDULE H,3508508,139.47,TRUE,1282,live,143.86,99.26,31,true,5,Guaranteed Delivery,20
16339,Cardiorostin Fb Strip Of 10 Tablets,cardiorostin-fb-tablet-16339,Rosuvastatin 10mg + Fenofibrate 160mg,Rosuvastatin+Fenofibrate,10 Units in Strip,Tablet,Leeford Healthcare Ltd,cholesterol-medicines,Combinations,TRUE,TRUE,FALSE,SCHEDULE H,,158.82,TRUE,1283,live,149,77.48,48,true,5,Guaranteed Delivery,20
4673,Biovas 40Mg Strip Of 10 Tablets,biovas-40mg-tablet-4673,Atorvastatin 40mg,Atorvastatin,10 Units in Strip,Tablet,Biochem Pharmaceutical Industries,cholesterol-medicines,Statins,TRUE,TRUE,FALSE,SCHEDULE H,,215.38,TRUE,1284,live,206.06,113.33,45,true,5,Guaranteed Delivery,18
4571,Lonopin 40Mg Pre Filled Syringe Of 0.4Ml Injection,lonopin-40mg-pre-filled-syringe-injection-0-4ml-4571,Enoxaparin 40mg,Enoxaparin,0.4 Ml in Pre-Filled Syringe,Injection,Bharat Serums & Vaccines Ltd,blood-thinners,Anti-Coagulant,TRUE,FALSE,FALSE,SCHEDULE H,,465.27,TRUE,1285,live,478.49,339.73,29,true,5,Guaranteed Delivery,10
127311,Glimp Mp 2Mg Strip Of 10 Tablets,glimp-mp-2mg-strip-of-10-tablets-127311,Glimepiride 2mg + Metformin Hydrochloride 500mg + Pioglitazone 15mg,Glimepiride+Metformin Hydrochloride+Pioglitazone,10 Units in Strip,Tablet,Zydus Healthcare Limited,anti-diabetic-medicines,Combinations,TRUE,TRUE,FALSE,SCHEDULE H,,222.66,TRUE,1286,live,220.92,143.6,35,true,5,Guaranteed Delivery,20
6490,Viraday Bottle Of 30 Tablets,viraday-tablet-6490,Tenofovir Disoproxil 300mg + Emtricitabine 200mg + Efavirenz 600mg,Tenofovir Disoproxil+Efavirenz+Emtricitabine,30 Units in Bottle,Tablet,Cipla Limited,antiviral-medicines,Anti-Retroviral,TRUE,TRUE,FALSE,SCHEDULE H,,4449.26,TRUE,1287,live,4866.46,3601.18,26,true,5,Guaranteed Delivery,20
65722,Enclex 60Mg Pre Filled Syringe Of 0.6Ml Injection,enclex-60mg-injection-pfs-0-6ml-65722,Enoxaparin(60.0 Mg/0.6Ml),Enoxaparin,0.6 Ml in Pre-Filled Syringe,Injection,Cipla Limited,blood-thinners,Anti-Coagulant,TRUE,FALSE,FALSE,SCHEDULE H,,696.34,TRUE,1288,live,717.81,516.82,28,true,5,Guaranteed Delivery,20
119648,Venpres Amh 40Mg Strip Of 10 Tablets,venpres-amh-tablet-119648,Telmisartan 40mg + Amlodipine 5mg + Hydrochlorothiazide 12.5mg,Amlodipine+Hydrochlorothiazide+Telmisartan,10 Units in Strip,Tablet,Leeford Healthcare Ltd,blood-pressure-medicines,Combinations,TRUE,TRUE,FALSE,SCHEDULE H,,93.19,TRUE,1289,live,87,51.33,41,true,5,Guaranteed Delivery,20
229696,Rosubest 40 Strip Of 10 Tablets,rosubest-40-tablet-10-s-229696,Rosuvastatin 40mg,Rosuvastatin,10 Units in Strip,Tablet,Cadila Pharmaceuticals Limited,cholesterol-medicines,Statins,TRUE,TRUE,FALSE,SCHEDULE H,,441.89,TRUE,1290,live,436.69,244.55,44,true,5,Guaranteed Delivery,20
16396,Rebozen 20Mg Sl Strip Of 10 Capsules,rebozen-sl-capsule-16396,Levosulpiride 75mg + Rabeprazole 20mg,Levosulpiride+Rabeprazole,10 Units in Strip,Capsule,Leeford Healthcare Ltd,gastrointestinal-medicines,Antacid and Anti-Reflux,TRUE,FALSE,FALSE,SCHEDULE H,,165,TRUE,1291,live,150,85.5,43,true,5,Guaranteed Delivery,20
2978999,Pantafol It Strip Of 10 Capsules,pantafol-it-strip-10-capsules-2978999,Itopride 150mg + Pantoprazole 40mg,Itopride+Pantoprazole,10 Units in Strip,Capsule,Leeford Healthcare Ltd,gastrointestinal-medicines,Antacid and Anti-Reflux,TRUE,FALSE,FALSE,SCHEDULE H,,175,TRUE,1292,live,164.06,119.76,27,true,5,Guaranteed Delivery,20
2932564,Telkonol M 50Mg Strip Of 10 Tablets,telkonol-m-50mg-strip-of-10-tablets-2932564,Telmisartan 40mg + Metoprolol Tartarate 50mg,Telmisartan+Metoprolol Tartarate,10 Units in Strip,Tablet,Knoll Healthcare Pvt Ltd,blood-pressure-medicines,Combinations,TRUE,TRUE,FALSE,SCHEDULE H,,117.82,TRUE,1293,live,110.5,74.04,33,true,5,Guaranteed Delivery,20
179647,Lonopin Pen 300Mg Multidose Cartridge Of 3Ml Injection,lonopin-300mg-multidose-injection-3ml-179647,Enoxaparin 300mg,Enoxaparin,3 Ml in Cartridge,Injection,Bharat Serums & Vaccines Ltd,blood-thinners,Anti-Coagulant,TRUE,FALSE,FALSE,SCHEDULE H,,3535.47,TRUE,1294,live,3588.8,2548.05,29,true,4,Short in Supply. May be delivered late.,7
109961,Rozutin 10Mg Strip Of 10 Tablets,rozutin-10mg-tablet-109961,Rosuvastatin 10mg,Rosuvastatin,10 Units in Strip,Tablet,Knoll Healthcare Pvt Ltd,cholesterol-medicines,Statins,TRUE,TRUE,FALSE,SCHEDULE H,,160.19,TRUE,1295,live,150.37,82.7,45,true,5,Guaranteed Delivery,18
3051814,Vildanol 50Mg Strip Of 15 Tablets,vildanol-50mg-strip-of-15-tablets-3051814,Vildagliptin 50mg,Vildagliptin,15 Units in Strip,Tablet,Knoll Healthcare Pvt Ltd,anti-diabetic-medicines,DPP-4 inhibitors,TRUE,TRUE,FALSE,SCHEDULE H,,181.17,TRUE,1296,live,169.96,93.48,45,true,5,Guaranteed Delivery,20
3767093,Livetone Ud 300Mg Strip Of 10 Tablets,livetone-ud-300mg-strip-of-10-tablets-3767093,Ursodeoxycholic Acid / Ursodiol 300mg,Ursodeoxycholic Acid / Ursodiol,10 Units in Strip,Tablet,Cipla Limited,liver-care-medicines,Cholelithiasis,TRUE,FALSE,FALSE,SCHEDULE H,,352,TRUE,1297,live,387.2,278.78,28,true,5,Guaranteed Delivery,20
15975,Olmo 20Mg Strip Of 10 Tablets,olmo-20mg-tablet-15975,Olmesartan Medoxomil 20mg,Olmesartan Medoxomil,10 Units in Strip,Tablet,Knoll Healthcare Pvt Ltd,blood-pressure-medicines,Angiotensin receptor blockers,TRUE,TRUE,FALSE,SCHEDULE H,,110.39,TRUE,1298,live,103.5,58.99,43,true,5,Guaranteed Delivery,18
35822,Atorbest 20Mg Strip Of 10 Tablets,atorbest-20mg-tablet-35822,Atorvastatin 20mg,Atorvastatin,10 Units in Strip,Tablet,Cadila Pharmaceuticals Limited,cholesterol-medicines,Statins,TRUE,TRUE,FALSE,SCHEDULE H,,147.42,TRUE,1300,live,131.88,72.53,45,true,5,Guaranteed Delivery,20
201335,Metffil Vg 2Mg Strip Of 15 Tablets,metffil-vg-2mg-strip-of-15-tablets-201335,Glimepiride 2mg + Voglibose 0.2mg + Metformin Hydrochloride 500mg,Voglibose+Glimepiride+Metformin Hydrochloride,15 Units in Strip,Tablet,Fourrts India Laboratories Pvt Ltd,anti-diabetic-medicines,Combinations,TRUE,TRUE,FALSE,SCHEDULE H,3504322,191.28,TRUE,1301,live,192,144,25,true,5,Guaranteed Delivery,20
178356,Telkonol 20Mg Strip Of 10 Tablets,telkonol-20mg-strip-of-10-tablets-178356,Telmisartan 20mg,Telmisartan,10 Units in Strip,Tablet,Knoll Healthcare Pvt Ltd,blood-pressure-medicines,Angiotensin receptor blockers,TRUE,TRUE,FALSE,SCHEDULE H,,43.1,TRUE,1302,live,40.01,22.41,44,true,5,Guaranteed Delivery,18
3716395,Rozutin Cl 10/75Mg Strip Of 10 Capsules,rozutin-cl-strip-of-10-capsules-3716395,Rosuvastatin 10mg + Clopidogrel 75mg,Clopidogrel+Rosuvastatin,10 Units in Strip,Capsule,Knoll Healthcare Pvt Ltd,cholesterol-medicines,Statins,TRUE,TRUE,FALSE,SCHEDULE H,,176.92,TRUE,1303,live,165.5,117.5,29,true,5,Guaranteed Delivery,20
30311,Femistra 1Mg Strip Of 10 Tablets,femistra-1mg-strip-of-10-tablets-30311,Anastrozole 1mg,Anastrozole,10 Units in Strip,Tablet,Zydus Lifesciences Limited,cancer-medicines,Hormonal therapies,TRUE,TRUE,FALSE,SCHEDULE H,,402.37,TRUE,1304,live,377.9,185.17,51,true,4,Short in Supply. May be delivered late.,20
16358,Febutax 80Mg Strip Of 10 Tablets,febutax-80mg-tablet-16358,Febuxostat 80mg,Febuxostat,10 Units in Strip,Tablet,Leeford Healthcare Ltd,gout-medicines,Xanthine oxidase inhibitors,TRUE,TRUE,FALSE,SCHEDULE H,,148.13,TRUE,1305,live,140,100.8,28,true,5,Guaranteed Delivery,20
4713,Nicowin 5Mg Bottle Of 20 Tablets,nicowin-5mg-tablet-4713,Nicorandil 5mg,Nicorandil,20 Units in Bottle,Tablet,German Remedies Ltd,cardiac-medicines,Anti-Anginal,TRUE,TRUE,TRUE,SCHEDULE H,,313.43,TRUE,1306,live,294.7,212.18,28,true,5,Guaranteed Delivery,20
192654,Telkonol Ah Strip Of 10 Tablets,telkonol-ah-strip-of-10-tablets-192654,Telmisartan 40mg + Amlodipine 5mg + Hydrochlorothiazide 12.5mg,Amlodipine+Hydrochlorothiazide+Telmisartan,10 Units in Strip,Tablet,Knoll Healthcare Pvt Ltd,blood-pressure-medicines,Combinations,TRUE,TRUE,FALSE,SCHEDULE H,,89.61,TRUE,1307,live,84,63,25,true,5,Guaranteed Delivery,18
2977761,Bisonol 5Mg Strip Of 10 Tablets,bisonol-5mg-strip-of-10-tablets-2977761,Bisoprolol Fumarate 5mg,Bisoprolol Fumarate,10 Units in Strip,Tablet,Knoll Healthcare Pvt Ltd,blood-pressure-medicines,Beta blockers,TRUE,TRUE,FALSE,SCHEDULE H,,54.12,TRUE,1308,live,50.51,35.86,29,true,5,Guaranteed Delivery,20
16909,Lupi Hcg 5000Iu Dry Vial Of 1 Powder For Injection,lupi-hcg-5000-iu-injection-2ml-16909,Chorionic Gonadotrophin 5000iu,Chorionic Gonadotrophin,1 Units in Dry Vial,Powder For Injection,Lupin,womens-health-medicines,Infertility,TRUE,FALSE,TRUE,SCHEDULE H,,438.71,TRUE,1309,live,448.7,323.06,28,true,5,Guaranteed Delivery,20
15960,Levocat 500Mg Strip Of 10 Tablets,levocat-500mg-tablet-15960,L-Carnitine / Levocarnitine / Carnitine 500mg,L-Carnitine / Levocarnitine / Carnitine,10 Units in Strip,Tablet,Knoll Healthcare Pvt Ltd,vitamins-and-supplements,Nutritional Supplement,TRUE,FALSE,FALSE,SCHEDULE H,,270,TRUE,1310,live,253,141.68,44,true,5,Guaranteed Delivery,18
2933595,Telkonol Ct 40/12.5Mg Strip Of 10 Tablets,telkonol-ct-40-12-5mg-strip-of-10-tablets-2933595,Telmisartan 40mg + Chlorthalidone / Chlortalidone 12.5mg,Telmisartan+Chlorthalidone / Chlortalidone,10 Units in Strip,Tablet,Knoll Healthcare Pvt Ltd,blood-pressure-medicines,Combinations,TRUE,TRUE,FALSE,SCHEDULE H,,115.74,TRUE,1311,live,108.5,78.12,28,true,5,Guaranteed Delivery,20
16343,Cetjoint K2 7 Strip Of 15 Softgel Capsules,cetjoint-k2-7-softgel-16343,Calcium Carbonate 625mg + Calcitriol 0.25mcg + Vitamin K2-7 45mcg,Calcium Carbonate+Calcitriol+Vitamin K2-7,15 Units in Strip,Softgel Capsule,Leeford Healthcare Ltd,vitamins-and-supplements,Calcium and Vitamin D Supplementation,TRUE,FALSE,FALSE,NON SCHEDULED,,168.72,TRUE,1312,live,150,94.5,37,true,5,Guaranteed Delivery,20
213011,Tenepla M 1000Mg Strip Of 10 Tablets,tenepla-m-1000mg-tablet-10-s-213011,Teneligliptin 20mg + Metformin Hydrochloride 1000mg,Teneligliptin+Metformin Hydrochloride,10 Units in Strip,Tablet,Cipla Gx,anti-diabetic-medicines,Combinations,TRUE,TRUE,FALSE,SCHEDULE H,,154.21,TRUE,1313,live,149.53,106.17,29,true,5,Guaranteed Delivery,20
109728,Olmo 40Mg Strip Of 10 Tablets,olmo-40mg-tablet-109728,Olmesartan Medoxomil 40mg,Olmesartan Medoxomil,10 Units in Strip,Tablet,Knoll Healthcare Pvt Ltd,blood-pressure-medicines,Angiotensin receptor blockers,TRUE,TRUE,FALSE,SCHEDULE H,,177.46,TRUE,1314,live,167.5,90.45,46,true,5,Guaranteed Delivery,18
109688,Levetranol 500Mg Strip Of 10 Tablets,levetranol-500mg-tab-109688,Levetiracetam 500mg,Levetiracetam,10 Units in Strip,Tablet,Knoll Healthcare Pvt Ltd,neurological-medicines,Anti-Epileptic,TRUE,TRUE,FALSE,SCHEDULE H,,145.1,TRUE,1315,live,135.5,101.62,25,true,5,Guaranteed Delivery,20
3530041,Slimtop 120Mg Strip Of 10 Capsules,slimtop-120mg-strip-of-10-capsules-3530041,Orlistat 120mg,Orlistat,10 Units in Strip,Capsule,Healing Pharma India Pvt Ltd,weight-management-medicines,Lipase inhibitors,TRUE,FALSE,FALSE,SCHEDULE H,,438,TRUE,1316,live,450,324,28,true,5,Guaranteed Delivery,20
15991,Rami Race 2.5Mg Strip Of 10 Tablets,rami-race-2-5mg-tablet-15991,Ramipril 2.5mg,Ramipril,10 Units in Strip,Tablet,Knoll Healthcare Pvt Ltd,blood-pressure-medicines,ACE inhibitors,TRUE,TRUE,FALSE,SCHEDULE H,,58.25,TRUE,1317,live,54,31.86,41,true,5,Guaranteed Delivery,20
502458,Cardiorostin 20Mg Strip Of 10 Tablets,cardiorostin-20mg-strip-of-10-tablets-502458,Rosuvastatin 20mg,Rosuvastatin,10 Units in Strip,Tablet,Leeford Healthcare Ltd,cholesterol-medicines,Statins,TRUE,TRUE,FALSE,SCHEDULE H,,184.58,TRUE,1319,live,164,118.08,28,true,5,Guaranteed Delivery,20
3136097,Cardiorostin 20Mg Gold Strip Of 10 Capsules,cardiorostin-20mg-gold-strip-of-10-capsules-3136097,Rosuvastatin 20mg + Clopidogrel 75mg + Aspirin / Acetyl Salicylic Acid 75mg,Rosuvastatin+Clopidogrel+Aspirin / Acetyl Salicylic Acid,10 Units in Strip,Capsule,Leeford Healthcare Ltd,cholesterol-medicines,Statins,TRUE,TRUE,FALSE,SCHEDULE H,,179.88,TRUE,1320,live,180,129.6,28,true,5,Guaranteed Delivery,20
14394,Mecofol 500Mcg Strip Of 10 Tablets,mecofol-500mcg-tab-intas--14394,Vitamin B12 / Mecobalamin / Cynocobalamin / Methylcobalamin 500mcg,Vitamin B12 / Mecobalamin / Cynocobalamin / Methylcobalamin,10 Units in Strip,Tablet,Intas Pharmaceuticals Ltd Gx,vitamins-and-supplements,Other,FALSE,FALSE,FALSE,NON SCHEDULED,,69.22,TRUE,1321,live,74.06,49.62,33,true,5,Guaranteed Delivery,20
194644,Ketocip 2% Bottle Of 100Ml Shampoo,ketocip-2-shampoo-100ml-194644,Ketoconazole 2%w/v,Ketoconazole,100 Ml in Bottle,Shampoo,Cipla Limited,dermatology-medicines,Anti-Dandruff,TRUE,FALSE,FALSE,SCHEDULE H,,312,TRUE,1322,live,346.88,183.85,47,true,5,Guaranteed Delivery,20
191432,Glimda Mv 1Mg Strip Of 10 Tablets,glimda-mv-1mg-tablet-10-s-191432,Metformin Hydrochloride 500mg + Glimepiride 1mg + Voglibose 0.2mg,Voglibose+Glimepiride+Metformin Hydrochloride,10 Units in Strip,Tablet,Cipla Gx,anti-diabetic-medicines,Combinations,TRUE,TRUE,FALSE,SCHEDULE H,,139.32,TRUE,1323,live,155.96,95.14,39,true,5,Guaranteed Delivery,20
109599,Carvenol 3.125Mg Strip Of 10 Tablets,carvenol-3-125mg-tablet-109599,Carvedilol 3.125mg,Carvedilol,10 Units in Strip,Tablet,Knoll Healthcare Pvt Ltd,blood-pressure-medicines,Beta blockers,TRUE,TRUE,FALSE,SCHEDULE H,,40.59,TRUE,1324,live,38.15,27.47,28,true,5,Guaranteed Delivery,20
4680,Glimp 2Mg Strip Of 10 Tablets,glimp-2mg-strip-of-10-tablets-4680,Glimepiride 2mg,Glimepiride,10 Units in Strip,Tablet,Zydus Healthcare Limited,anti-diabetic-medicines,Sulfonylureas,TRUE,TRUE,FALSE,SCHEDULE H,,64.9,TRUE,1325,live,61.83,35.86,42,true,5,Guaranteed Delivery,20
4679,Glimp 1Mg Strip Of 10 Tablets,glimp-1mg-strip-of-10-tablets-4679,Glimepiride 1mg,Glimepiride,10 Units in Strip,Tablet,Zydus Healthcare Limited,anti-diabetic-medicines,Sulfonylureas,TRUE,TRUE,FALSE,SCHEDULE H,,41.4,TRUE,1326,live,39.47,22.1,44,true,5,Guaranteed Delivery,20
227865,Vogliboz Gm1 Strip Of 10 Tablets,vogliboz-gm1-tablet-10-s-227865,Metformin Hydrochloride 500mg + Glimepiride 1mg + Voglibose 0.2mg,Voglibose+Glimepiride+Metformin Hydrochloride,10 Units in Strip,Tablet,Knoll Healthcare Pvt Ltd,anti-diabetic-medicines,Combinations,TRUE,TRUE,FALSE,SCHEDULE H,,81.45,TRUE,1327,live,76.4,57.3,25,true,5,Guaranteed Delivery,20
15988,Piolon 15Mg Strip Of 10 Tablets,piolon-15mg-tablet-15988,Pioglitazone 15mg,Pioglitazone,10 Units in Strip,Tablet,Knoll Healthcare Pvt Ltd,anti-diabetic-medicines,Thiazolidinediones,TRUE,TRUE,FALSE,SCHEDULE H,,51.4,TRUE,1328,live,48,27.84,42,true,5,Guaranteed Delivery,20
3066633,Rozutin Ap 20/75Mg Strip Of 10 Capsules,rozutin-ap-20-75mg-strip-of-10-capsules-3066633,Rosuvastatin 20mg + Aspirin / Acetyl Salicylic Acid 75mg,Rosuvastatin+Aspirin / Acetyl Salicylic Acid,10 Units in Strip,Capsule,Knoll Healthcare Pvt Ltd,cholesterol-medicines,Statins,TRUE,TRUE,FALSE,SCHEDULE H,,104.91,TRUE,1329,live,98,70.56,28,true,5,Guaranteed Delivery,20
566452,Rozutin Ap 10/75Mg Strip Of 10 Capsules,rozutin-ap-10-75mg-strip-of-10-capsules-566452,Rosuvastatin 10mg + Aspirin / Acetyl Salicylic Acid 75mg,Rosuvastatin+Aspirin / Acetyl Salicylic Acid,10 Units in Strip,Capsule,Knoll Healthcare Pvt Ltd,cholesterol-medicines,Statins,TRUE,TRUE,FALSE,SCHEDULE H,,58.12,TRUE,1330,live,54.5,40.88,25,true,5,Guaranteed Delivery,20
119127,Megaburn 60Mg Strip Of 10 Capsules,megaburn-60mg-capsule-119127,Orlistat 60mg,Orlistat,10 Units in Strip,Capsule,Leeford Healthcare Ltd,weight-management-medicines,Lipase inhibitors,TRUE,FALSE,FALSE,SCHEDULE H,,269.91,TRUE,1331,live,250.01,177.51,29,true,5,Guaranteed Delivery,20
6696,Entavir 0.5Mg Strip Of 10 Tablets,entavir-0-5mg-strip-of-10-tablets-6696,Entecavir 0.5mg,Entecavir,10 Units in Strip,Tablet,Cipla Limited,antiviral-medicines,Hepatitis B,TRUE,FALSE,FALSE,SCHEDULE H,,815.27,TRUE,1332,live,804.55,571.23,29,true,5,Guaranteed Delivery,20
9407,Emgra 2Mg Strip Of 28 Tablets,emgra-2mg-tablet-9407,Estradiol Valerate 2mg,Estradiol Valerate,28 Units in Strip,Tablet,Emcure Pharmaceuticals Ltd,womens-health-medicines,Hormone Replacement Therapy,TRUE,FALSE,FALSE,SCHEDULE H,,511.81,TRUE,1333,live,558.9,408,27,true,5,Guaranteed Delivery,20
223666,Ketz Soap 75Gm,ketz-soap-75gm-223666,Ketoconazole 2%w/w,Ketoconazole,75.0 G in Box,Soap,Universal Life Sciences,antifungal-medicines,Topical Anti-Fungal,TRUE,FALSE,FALSE,SCHEDULE H,,110,TRUE,1334,live,98,65.66,33,true,5,Guaranteed Delivery,20
3713897,Gzide Xr M Strip Of 10 Tablets,gzide-m-xr-tablet-10-no-s-3713897,Metformin Hydrochloride 500mg + Gliclazide 60mg,Gliclazide+Metformin Hydrochloride,10 Units in Strip,Tablet,Elder Projects Ltd,anti-diabetic-medicines,Combinations,TRUE,TRUE,FALSE,SCHEDULE H,,176,TRUE,1335,live,165,118.8,28,false,2,Out of Stock,20
228402,Nolgliptin Mf 20/1000Mg Er Strip Of 10 Tablets,nolgliptin-mf-20-1000mg-er-tablet-10-s-228402,Teneligliptin 20mg + Metformin Hydrochloride 1000mg,Teneligliptin+Metformin Hydrochloride,10 Units in Strip,Tablet,Knoll Healthcare Pvt Ltd,anti-diabetic-medicines,Combinations,TRUE,TRUE,FALSE,SCHEDULE H,,126,TRUE,1336,live,118.13,80.33,32,true,5,Guaranteed Delivery,20
15949,Atr F Strip Of 10 Tablets,atr-f-tablet-15949,Atorvastatin 10mg + Fenofibrate 160mg,Fenofibrate+Atorvastatin,10 Units in Strip,Tablet,Knoll Healthcare Pvt Ltd,cholesterol-medicines,Combinations,TRUE,TRUE,FALSE,SCHEDULE H,,154.84,TRUE,1337,live,145.5,104.76,28,true,5,Guaranteed Delivery,18
3553329,Dezlotru M Strip Of 10 Tablets,dezlotru-m-strip-of-10-tablets-3553329,Desloratadine 5mg + Montelukast 10mg,Desloratadine+Montelukast,10 Units in Strip,Tablet,Avighna Medicare Pvt Ltd,respiratory-medicines,Leukotriene antagonists,TRUE,TRUE,FALSE,SCHEDULE H,,145.17,TRUE,1339,live,154.81,116.11,25,true,5,Guaranteed Delivery,20
3783720,Dydrosmart 10Mg Strip Of 10 Tablets,dydrosmart-10mg-strip-of-10-tablets-3783720,Dydrogesterone 10mg,Dydrogesterone,10 Units in Strip,Tablet,Healing Pharma India Pvt Ltd,womens-health-medicines,Female Infertility,TRUE,FALSE,FALSE,SCHEDULE H,,750,TRUE,1340,live,773.44,363.52,53,true,5,Guaranteed Delivery,20
6633,Trioday Bottle Of 30 Tablets,trioday-tablet-6633,Efavirenz 600mg + Lamivudine 300mg + Tenofovir Disoproxil 300mg,Efavirenz+Lamivudine+Tenofovir Disoproxil,30 Units in Bottle,Tablet,Cipla Limited,antiviral-medicines,Anti-Retroviral,TRUE,TRUE,FALSE,SCHEDULE H,,3433.49,TRUE,1341,live,3296.15,2406.19,27,true,5,Guaranteed Delivery,20
4140719,Actihair F 5% Bottle Of 60Ml Solution,actihair-5f-60-ml-4140719,Finasteride 0.1%w/v + Minoxidil 5%w/v + Absolute Alcohol 32.281%w/v,Minoxidil+Finasteride+Absolute Alcohol,60 Ml in Bottle,Skin Solution,Leeford Healthcare Ltd,dermatology-medicines,Alopecia,TRUE,FALSE,FALSE,SCHEDULE H,,746.9,TRUE,1342,live,650,468,28,true,5,Guaranteed Delivery,20
109986,Vogliboz M3 Strip Of 10 Tablets,vogliboz-m3-tab-109986,Voglibose 0.3mg + Metformin Hydrochloride 500mg,Voglibose+Metformin Hydrochloride,10 Units in Strip,Tablet,Knoll Healthcare Pvt Ltd,anti-diabetic-medicines,Combinations,TRUE,TRUE,FALSE,SCHEDULE H,,69.34,TRUE,1343,live,65,37.05,43,true,5,Guaranteed Delivery,18
3554036,Cefxtrue 200Mg Strip Of 10 Tablets,cefxtrue-200mg-strip-of-10-tablets-3554036,Cefixime 200mg,Cefixime,10 Units in Strip,Tablet,Avighna Medicare Pvt Ltd,antibiotics,Cephalosporins,TRUE,FALSE,FALSE,SCHEDULE H1,,105.73,TRUE,1344,live,102.69,73.94,28,true,5,Guaranteed Delivery,20
3911048,Trueride 2/500Mg Sr Strip Of 15 Tablets,trueride-2-500mg-sr-strip-of-15-tablets-3911048,Metformin Hydrochloride 500mg + Glimepiride 2mg,Metformin Hydrochloride+Glimepiride,15 Units in Strip,Tablet,Avighna Medicare Pvt Ltd,anti-diabetic-medicines,Combinations,TRUE,TRUE,FALSE,SCHEDULE H,,129.99,TRUE,1345,live,135.09,79.7,41,true,3,,20
109960,Rozutin 5Mg Strip Of 10 Tablets,rozutin-5mg-tab-109960,Rosuvastatin 5mg,Rosuvastatin,10 Units in Strip,Tablet,Knoll Healthcare Pvt Ltd,cholesterol-medicines,Statins,TRUE,TRUE,FALSE,SCHEDULE H,,83.05,TRUE,1346,live,78,42.12,46,true,5,Guaranteed Delivery,18
3495071,Atorniz C Strip Of 10 Capsules,atorniz-c-strip-of-10-capsules-3495071,Clopidogrel 75mg + Atorvastatin 10mg,Clopidogrel+Atorvastatin,10 Units in Strip,Capsule,Leeford Healthcare Ltd,cholesterol-medicines,Statins,TRUE,TRUE,FALSE,SCHEDULE H,,124.22,TRUE,1347,live,125,88.75,29,true,5,Guaranteed Delivery,20
3683497,Rosugard 10Mg Strip Of 10 Tablets,rosugard-10mg-strip-of-10-tablets-3683497,Rosuvastatin 10mg,Rosuvastatin,10 Units in Strip,Tablet,Cipla Gx,cholesterol-medicines,Statins,TRUE,TRUE,FALSE,SCHEDULE H,,196.6,TRUE,1348,live,210.44,124.16,41,true,5,Guaranteed Delivery,20
109962,Rozutin 20Mg Strip Of 10 Tablets,rozutin-20mg-tablet-109962,Rosuvastatin 20mg,Rosuvastatin,10 Units in Strip,Tablet,Knoll Healthcare Pvt Ltd,cholesterol-medicines,Statins,TRUE,TRUE,FALSE,SCHEDULE H,,294.04,TRUE,1349,live,275.5,165.3,40,true,5,Guaranteed Delivery,18
3493751,Pregnerv 75Mg Strip Of 10 Capsules,pregnerv-75mg-strip-of-10-capsules-3493751,Pregabalin 75mg,Pregabalin,10 Units in Strip,Capsule,Avighna Medicare Pvt Ltd,neurological-medicines|nerve-pain-medicines,Anti-Epileptic,TRUE,TRUE,FALSE,SCHEDULE H1,,103.58,TRUE,1350,live,103.58,67.33,35,true,5,Guaranteed Delivery,20
3743042,Vasoglor 60 Mg Strip Of 10 Tablets,vasoglor-60-mg-tablet-10-no-s-3743042,Ticagrelor 60mg,Ticagrelor,10 Units in Strip,Tablet,Intas Pharmaceuticals Ltd,blood-thinners,Anti-Platelet,TRUE,TRUE,FALSE,SCHEDULE H,,206.92,TRUE,1351,live,209.77,155.23,26,true,5,Guaranteed Delivery,20
211692,Tenvir Af 25Mg Bottle Of 30 Tablets,tenvir-af-25mg-tab-30-s-211692,Tenofovir Alafenamide 25mg,Tenofovir Alafenamide,30 Units in Bottle,Tablet,Cipla Limited,antiviral-medicines,Hepatitis B,TRUE,TRUE,FALSE,SCHEDULE H,,1490.42,TRUE,1352,live,1397.04,1033.81,26,true,5,Guaranteed Delivery,20
118652,Esomefol 40Mg Strip Of 10 Tablets,esomefol-40mg-strip-of-10-tablets-118652,Esomeprazole 40mg,Esomeprazole,10 Units in Strip,Tablet,Leeford Healthcare Ltd,gastrointestinal-medicines,Antacid,TRUE,FALSE,FALSE,SCHEDULE H,,74.13,TRUE,1353,live,70,50.4,28,true,5,Guaranteed Delivery,20
197301,Emprogest 8 % Gel 1.125 Gm,emprogest-8-gel-1-125-gm-197301,Progesterone 8%w/w,Progesterone,1.125 G in Tube,Vaginal Gel,Emcure Pharmaceuticals Ltd,womens-health-medicines,Female Infertility,TRUE,FALSE,FALSE,SCHEDULE H,,253.25,TRUE,1354,live,272.4,201.58,26,true,4,Short in Supply. May be delivered late.,20
226264,Clindinol 20Mg Strip Of 10 Tablets,clindinol-20mg-tablet-10-s-226264,Cilnidipine 20mg,Cilnidipine,10 Units in Strip,Tablet,Knoll Healthcare Pvt Ltd,blood-pressure-medicines,Calcium channel blockers,TRUE,TRUE,FALSE,SCHEDULE H,,180.18,TRUE,1355,live,169.69,120.48,29,true,5,Guaranteed Delivery,20
3751982,Truetidine 150Mg Strip Of 30 Tablets,truetidine-150-30tab-3751982,Ranitidine 150mg,Ranitidine,30 Units in Strip,Tablet,Avighna Medicare Pvt Ltd,gastrointestinal-medicines,Antacid,TRUE,FALSE,FALSE,SCHEDULE H,,41.27,TRUE,1357,live,46.48,33.47,28,true,5,Guaranteed Delivery,20
3016648,Olmo H 40/12.5Mg Strip Of 15 Tablets,olmo-h-40-12-5mg-strip-of-15-tablets-3016648,Hydrochlorothiazide 12.5mg + Olmesartan Medoxomil 40mg,Hydrochlorothiazide+Olmesartan Medoxomil,15 Units in Strip,Tablet,Knoll Healthcare Pvt Ltd,blood-pressure-medicines,Combinations,TRUE,TRUE,FALSE,SCHEDULE H,3508992,230,TRUE,1358,live,230,161,30,false,2,Out of Stock,20
3600490,Pregnerv B12 Strip Of 10 Capsules,pregnerv-b12-strip-of-10-capsules-3600490,Pregabalin 75mg + Vitamin B12 / Mecobalamin / Cynocobalamin / Methylcobalamin 750mcg,Pregabalin+Vitamin B12 / Mecobalamin / Cynocobalamin / Methylcobalamin,10 Units in Strip,Capsule,Avighna Medicare Pvt Ltd,nerve-pain-medicines,Peripheral Neuropathy,TRUE,TRUE,FALSE,SCHEDULE H1,,102,TRUE,1359,live,112.3,74.12,34,true,5,Guaranteed Delivery,20
109578,Atr 80Mg Strip Of 10 Tablets,atr-80mg-tablet-109578,Atorvastatin 80mg,Atorvastatin,10 Units in Strip,Tablet,Knoll Healthcare Pvt Ltd,cholesterol-medicines,Statins,TRUE,TRUE,FALSE,SCHEDULE H,,453.57,TRUE,1360,live,425,280.5,34,true,5,Guaranteed Delivery,20
4126605,Debistal M 1Mg Strip Of 10 Tablets,debistal-m-1mg-strip-of-10-tablets-4126605,Glimepiride 1mg + Metformin Hydrochloride 500mg,Metformin Hydrochloride+Glimepiride,10 Units in Strip,Tablet,Leeford Healthcare Ltd,anti-diabetic-medicines,Combinations,TRUE,TRUE,FALSE,SCHEDULE H,,55,TRUE,1361,live,55,40.15,27,true,5,Guaranteed Delivery,20
213841,Prazonol 5Mg Xl Strip Of 10 Tablets,prazonol-5mg-xl-strip-of-10-tablets-213841,Prazosin 5mg,Prazosin,10 Units in Strip,Tablet,Knoll Healthcare Pvt Ltd,blood-pressure-medicines,Alpha blockers,TRUE,TRUE,FALSE,SCHEDULE H,,139.36,TRUE,1362,live,130.5,35.23,73,true,5,Guaranteed Delivery,20
3018368,Alfunol D Strip Of 10 Tablets,alfunol-d-strip-of-10-tablets-3018368,Alfuzosin 10mg + Dutasteride 0.5mg,Alfuzosin+Dutasteride,10 Units in Strip,Tablet,Knoll Healthcare Pvt Ltd,prostate-care-medicines,,TRUE,TRUE,FALSE,SCHEDULE H,,233.94,TRUE,1363,live,220,158.4,28,true,5,Guaranteed Delivery,20
3631922,Vildasmart M 50/500Mg Strip Of 15 Tablets,vildasmart-m-50-500mg-strip-of-15-tablets-3631922,Vildagliptin 50mg + Metformin Hydrochloride 500mg,Vildagliptin+Metformin Hydrochloride,15 Units in Strip,Tablet,Healing Pharma India Pvt Ltd,anti-diabetic-medicines,Combinations,TRUE,TRUE,FALSE,SCHEDULE H,,220.07,TRUE,1364,live,206.24,144.37,30,true,5,Guaranteed Delivery,20
16387,Omnipres 40Mg Strip Of 10 Tablets,omnipres-40mg-tablet-16387,Olmesartan Medoxomil 40mg,Olmesartan Medoxomil,10 Units in Strip,Tablet,Leeford Healthcare Ltd,blood-pressure-medicines,Angiotensin receptor blockers,TRUE,TRUE,FALSE,SCHEDULE H,,134.86,TRUE,1366,live,125,91.25,27,true,5,Guaranteed Delivery,20
15992,Rami Race 5Mg Strip Of 10 Tablets,rami-race-5mg-tablet-15992,Ramipril 5mg,Ramipril,10 Units in Strip,Tablet,Knoll Healthcare Pvt Ltd,blood-pressure-medicines,ACE inhibitors,TRUE,TRUE,FALSE,SCHEDULE H,,91.55,TRUE,1367,live,85.5,56.43,34,true,5,Guaranteed Delivery,20
3877258,Trueurso 300Mg Strip Of 15 Tablets,trueurso-300mg-strip-of-15-tablets-3877258,Ursodeoxycholic Acid / Ursodiol 300mg,Ursodeoxycholic Acid / Ursodiol,15 Units in Strip,Tablet,Avighna Medicare Pvt Ltd,liver-care-medicines,Hepatoprotective,TRUE,FALSE,FALSE,SCHEDULE H,,470.77,TRUE,1368,live,464.06,329.48,29,true,5,Guaranteed Delivery,20
109976,Torsinol 20Mg Strip Of 10 Tablets,torsinol-20mg-tablet-109976,Torasemide / Torsemide 20mg,Torasemide / Torsemide,10 Units in Strip,Tablet,Knoll Healthcare Pvt Ltd,diuretics,,TRUE,TRUE,FALSE,SCHEDULE H,,79.84,TRUE,1369,live,74.5,54.38,27,true,5,Guaranteed Delivery,20
4140871,Recalmin Xt Strip Of 15 Tablets,recalmin-xt-4140871,Calcium Carbonate 1250mg + Vitamin D3 / Cholecalciferol 2000iu + Vitamin B12 / Mecobalamin / Cynocobalamin / Methylcobalamin 1500mcg + L Methylfolate Calcium 1mg + Pyridoxal-5-Phosphate 20mg,Vitamin B12 / Mecobalamin / Cynocobalamin / Methylcobalamin+Calcium Carbonate+Vitamin D3 / Cholecalciferol+L Methylfolate Calcium+Pyridoxal-5-Phosphate,15 Units in Strip,Tablet,Leeford Healthcare Ltd,vitamins-and-supplements,Multivitamin,TRUE,FALSE,FALSE,NON SCHEDULED,,325,TRUE,1370,live,275,198,28,true,5,Guaranteed Delivery,20
9444,Silnafil Strip Of 10 Tablets,silnafil-tablet-9444,Sildenafil 25mg,Sildenafil,10 Units in Strip,Tablet,Emcure Pharmaceuticals Ltd,mens-health-medicines,Sexual Wellness,TRUE,FALSE,FALSE,SCHEDULE H,,341.32,TRUE,1371,live,358.7,258.26,28,true,4,Short in Supply. May be delivered late.,20
6807,Esomac L 40Mg Strip Of 10 Capsules,esomac-l-capsule-6807,Esomeprazole 40mg + Levosulpiride 75mg,Esomeprazole+Levosulpiride,10 Units in Strip,Capsule,Cipla Limited,gastrointestinal-medicines,Antacid and Anti-Reflux,TRUE,FALSE,FALSE,SCHEDULE H,,241.44,TRUE,1372,live,226.87,161.08,29,true,5,Guaranteed Delivery,20
2978800,Esmetru L Strip Of 10 Capsules,esmetru-l-strip-of-10-capsules-2978800,Esomeprazole 40mg + Levosulpiride 75mg,Esomeprazole+Levosulpiride,10 Units in Strip,Capsule,Avighna Medicare Pvt Ltd,gastrointestinal-medicines,Antacid and Anti-Reflux,TRUE,FALSE,FALSE,SCHEDULE H,,186.16,TRUE,1375,live,203.5,148.56,27,true,5,Guaranteed Delivery,20
3045071,Bigfun 36 Gold Strip Of 4 Tablets,bigfun-36-gold-tablet-4-3045071,Tadalafil 10mg + Dapoxetine 30mg,Tadalafil+Dapoxetine,4 Units in Strip,Tablet,Leeford Healthcare Ltd,mens-health-medicines,Sexual Wellness,TRUE,FALSE,FALSE,SCHEDULE H,,248.93,TRUE,1377,live,234.3,171.04,27,true,5,Guaranteed Delivery,20
3600660,Jakoste Plus Strip Of 10 Tablets,jakoste-plus-strip-of-10-tablets-3600660,Methyl Sulfonylmethane 250mg + Diacerein 50mg + Glucosamine 750mg,Methyl Sulfonylmethane+Diacerein+Glucosamine,10 Units in Strip,Tablet,Avighna Medicare Pvt Ltd,bone-and-joint-medicines,Osteoarthritis,TRUE,TRUE,FALSE,SCHEDULE H,,153.87,TRUE,1378,live,169.02,108.17,36,true,5,Guaranteed Delivery,20
206969,Hydrosar Strip Of 10 Capsules,hydrosar-capsule-10-s-206969,Hydroxyurea / Hydroxycarbamide 500mg,Hydroxyurea / Hydroxycarbamide,10 Units in Strip,Capsule,Sarabhai Chemicals Pvt Ltd,cancer-medicines,Anti-Neoplastic,TRUE,TRUE,FALSE,SCHEDULE G,,129.55,TRUE,1379,live,129,104.49,19,true,5,Guaranteed Delivery,20
3999000,Lm True Pluss Strip Of 10 Tablets,lm-true-pluss-strip-of-10-tablets-3999000,Levocetirizine 5mg + Montelukast 10mg,Levocetirizine+Montelukast,10 Units in Strip,Tablet,Avighna Medicare Pvt Ltd,cough-and-cold-medicines|anti-allergic-medicines,,TRUE,FALSE,FALSE,SCHEDULE H,,192.63,TRUE,1380,live,205.22,147.76,28,true,5,Guaranteed Delivery,20
119162,Metapol Am 50Mg Strip Of 10 Tablets,metapol-am-50mg-strip-of-10-tablets-119162,Metoprolol Succinate 50mg + Amlodipine 5mg,Metoprolol Succinate+Amlodipine,10 Units in Strip,Tablet,Leeford Healthcare Ltd,blood-pressure-medicines,Combinations,TRUE,TRUE,FALSE,SCHEDULE H,,84.79,TRUE,1381,live,79.69,45.42,43,true,5,Guaranteed Delivery,20
3609307,Esylnafil 30X Strip Of 4 Tablets,esylnafil-30x-strip-of-4-tablets-3609307,Dapoxetine 30mg + Sildenafil 50mg,Dapoxetine+Sildenafil,4 Units in Strip,Tablet,Avighna Medicare Pvt Ltd,mens-health-medicines,Sexual Wellness,TRUE,FALSE,FALSE,SCHEDULE H,,237.27,TRUE,1382,live,236.15,162.94,31,true,5,Guaranteed Delivery,5
3575208,Truopenem 200Mg Strip Of 6 Tablets,truopenem-200mg-strip-of-6-tablets-3575208,Faropenem 200mg,Faropenem,6 Units in Strip,Tablet,Avighna Medicare Pvt Ltd,antibiotics,Other,TRUE,FALSE,FALSE,SCHEDULE H1,3756986,896.46,TRUE,1383,live,880.88,317.12,64,true,5,Guaranteed Delivery,20
4320924,Rosuzed 40Mg Strip Of 10 Tablets,rosuzed-40mg-strip-of-10-tablets-4320924,Rosuvastatin 40mg,Rosuvastatin,10 Units in Strip,Tablet,Zota Healthcare Ltd,cholesterol-medicines,Statins,TRUE,TRUE,FALSE,SCHEDULE H,,190,TRUE,1384,live,178.12,133.59,25,false,2,Out of Stock,20
3554007,Esmetru D Strip Of 10 Capsules,esmetru-d-strip-of-10-capsules-3554007,Domperidone 30mg + Esomeprazole 40mg,Domperidone+Esomeprazole,10 Units in Strip,Capsule,Avighna Medicare Pvt Ltd,gastrointestinal-medicines,Antacid and Anti-Emetic,TRUE,FALSE,FALSE,SCHEDULE H,,93.09,TRUE,1385,live,104.36,77.23,26,true,5,Guaranteed Delivery,20
4196721,Azincure 500Mg Strip Of 5 Tablets,azincure-500mg-strip-of-5-tablets-4196721,Azithromycin 500mg,Azithromycin,5 Units in Strip,Tablet,Avighna Medicare Pvt Ltd,antibiotics,Macrolides,TRUE,FALSE,FALSE,SCHEDULE H,4196724,131.69,TRUE,1386,live,126.74,95.05,25,true,5,Guaranteed Delivery,20
3554015,Ctiq 500Mg Strip Of 10 Tablets,ctiq-500mg-strip-of-10-tablets-3554015,Citicoline 500mg,Citicoline,10 Units in Strip,Tablet,Avighna Medicare Pvt Ltd,neurological-medicines,Cerebro Protective,TRUE,TRUE,FALSE,SCHEDULE H,,513.87,TRUE,1387,live,501.19,375.89,25,true,5,Guaranteed Delivery,20
16382,Metapol Xl 50Mg Strip Of 10 Tablets,metapol-xl-50mg-tablet-16382,Metoprolol 50mg,Metoprolol,10 Units in Strip,Tablet,Leeford Healthcare Ltd,cardiac-medicines|blood-pressure-medicines,Anti-Anginal,TRUE,TRUE,FALSE,SCHEDULE H,,77.88,TRUE,1388,live,65,39.65,39,true,5,Guaranteed Delivery,20
119390,Omnipres 20Mg Strip Of 10 Tablets,omnipres-20mg-tab-119390,Olmesartan Medoxomil 20mg,Olmesartan Medoxomil,10 Units in Strip,Tablet,Leeford Healthcare Ltd,blood-pressure-medicines,Angiotensin receptor blockers,TRUE,TRUE,FALSE,SCHEDULE H,,85.11,TRUE,1389,live,79,45.03,43,true,5,Guaranteed Delivery,20
2934559,Pantocaf It Strip Of 10 Capsules,pantocaf-it-strip-of-10-capsules-2934559,Itopride 150mg + Pantoprazole 40mg,Itopride+Pantoprazole,10 Units in Strip,Capsule,Knoll Healthcare Pvt Ltd,gastrointestinal-medicines,Antacid and Anti-Reflux,TRUE,FALSE,FALSE,SCHEDULE H,,226.73,TRUE,1390,live,211.5,150.16,29,true,5,Guaranteed Delivery,20
3600230,Ccm True Xt Strip Of 15 Tablets,ccm-true-xt-strip-of-15-tablets-3600230,Zinc 4mg + Vitamin D3 / Cholecalciferol 200miu + Magnesium 100mg + Calcium Citrate Maleate 1000mg,Zinc+Vitamin D3 / Cholecalciferol+Magnesium+Calcium Citrate Maleate,15 Units in Strip,Tablet,Avighna Medicare Pvt Ltd,vitamins-and-supplements,Calcium and Vitamin D Supplementation,FALSE,FALSE,FALSE,NON SCHEDULED,,142.56,TRUE,1391,live,143.34,80.27,44,true,5,Guaranteed Delivery,20
109729,Olmo Ah Strip Of 10 Tablets,olmo-ah-strip-of-10-tablets-109729,Amlodipine 5mg + Olmesartan Medoxomil 20mg + Hydrochlorothiazide 12.5mg,Amlodipine+Olmesartan Medoxomil+Hydrochlorothiazide,10 Units in Strip,Tablet,Knoll Healthcare Pvt Ltd,blood-pressure-medicines,Combinations,TRUE,TRUE,FALSE,SCHEDULE H,,154.99,TRUE,1392,live,145.5,90.21,38,true,5,Guaranteed Delivery,20
2933593,Rozutin 40Mg Strip Of 10 Tablets,rozutin-40mg-strip-of-10-tablets-2933593,Rosuvastatin 40mg,Rosuvastatin,10 Units in Strip,Tablet,Knoll Healthcare Pvt Ltd,cholesterol-medicines,Statins,TRUE,TRUE,FALSE,SCHEDULE H,,615.49,TRUE,1393,live,578,300.56,48,true,5,Guaranteed Delivery,20
3553906,Gestcure 200Mg Sr Strip Of 10 Tablets,gestcure-200mg-strip-of-10-tablets-3553906,Progesterone 200mg,Progesterone,10 Units in Strip,Tablet,Avighna Medicare Pvt Ltd,womens-health-medicines,Hormone Replacement Therapy,TRUE,FALSE,FALSE,SCHEDULE H,,321.89,TRUE,1394,live,368.67,239.64,35,true,5,Guaranteed Delivery,20
3553947,Acebcystein Strip Of 10 Tablets,acebcystein-strip-of-10-tablets-3553947,Acetylcysteine 600mg + Acebrophylline 100mg,Acetylcysteine+Acebrophylline,10 Units in Strip,Tablet,Avighna Medicare Pvt Ltd,respiratory-medicines,Xanthines,TRUE,TRUE,FALSE,SCHEDULE H,,184.66,TRUE,1395,live,189.75,100.57,47,true,5,Guaranteed Delivery,20
4720,Rosefast 20Mg Strip Of 10 Tablets,rosefast-20mg-tablet-4720,Rosuvastatin 20mg,Rosuvastatin,10 Units in Strip,Tablet,German Remedies Ltd,cholesterol-medicines,Statins,TRUE,TRUE,FALSE,SCHEDULE H,,492.59,TRUE,1396,live,465.42,260.64,44,true,5,Guaranteed Delivery,20
3553579,Ctiq P 400Mg Strip Of 10 Tablets,ctiq-p-400mg-strip-of-10-tablets-3553579,Piracetam 400mg + Citicoline 500mg,Piracetam+Citicoline,10 Units in Strip,Tablet,Avighna Medicare Pvt Ltd,neurological-medicines,Cerebro Protective,TRUE,TRUE,FALSE,SCHEDULE H,,500,TRUE,1397,live,515.63,386.72,25,true,5,Guaranteed Delivery,20
3624545,Aceclotrue P Strip Of 10 Tablets,aceclotrue-p-strip-of-10-tablets-3624545,Aceclofenac 100mg + Paracetamol / Acetaminophen 325mg,Aceclofenac+Paracetamol / Acetaminophen,10 Units in Strip,Tablet,Avighna Medicare Pvt Ltd,pain-relief-medicines,Analgesic/antipyretic,TRUE,FALSE,FALSE,SCHEDULE H,,63.73,TRUE,1398,live,70.33,39.38,44,true,5,Guaranteed Delivery,20
15947,Atr 10Mg Strip Of 10 Tablets,atr-10mg-tablet-15947,Atorvastatin 10mg,Atorvastatin,10 Units in Strip,Tablet,Knoll Healthcare Pvt Ltd,cholesterol-medicines,Statins,TRUE,TRUE,FALSE,SCHEDULE H,,55.24,TRUE,1399,live,51.74,31.04,40,true,5,Guaranteed Delivery,18
15976,Olmo H 20Mg Strip Of 10 Tablets,olmo-h-20mg-tablet-15976,Hydrochlorothiazide 12.5mg + Olmesartan Medoxomil 20mg,Hydrochlorothiazide+Olmesartan Medoxomil,10 Units in Strip,Tablet,Knoll Healthcare Pvt Ltd,blood-pressure-medicines,Combinations,TRUE,TRUE,FALSE,SCHEDULE H,,153.67,TRUE,1400,live,144,80.64,44,true,5,Guaranteed Delivery,20
3553927,Bilahasta M Strip Of 10 Tablets,bilahasta-m-strip-of-10-tablets-3553927,Montelukast 10mg + Bilastine 20mg,Montelukast+Bilastine,10 Units in Strip,Tablet,Avighna Medicare Pvt Ltd,anti-allergic-medicines,,TRUE,FALSE,FALSE,SCHEDULE H,,152.2,TRUE,1401,live,171.29,128.47,25,true,5,Guaranteed Delivery,20
4059119,Lomaasure 500Mg Strip Of 10 Tablets,lomaasure-10nos-4059119,Diclofenac Sodium 50mg + Chlorzoxazone 500mg + Paracetamol / Acetaminophen 325mg,Chlorzoxazone+Diclofenac Sodium+Paracetamol / Acetaminophen,10 Units in Strip,Tablet,Avighna Medicare Pvt Ltd,muscle-relaxants|pain-relief-medicines,,TRUE,FALSE,FALSE,SCHEDULE H,,98.27,TRUE,1402,live,123.66,90.27,27,true,5,Guaranteed Delivery,20
3553835,Bilahasta 20Mg Strip Of 10 Tablets,bilahasta-20mg-strip-of-10-tablets-3553835,Bilastine 20mg,Bilastine,10 Units in Strip,Tablet,Avighna Medicare Pvt Ltd,anti-allergic-medicines,,TRUE,FALSE,FALSE,SCHEDULE H,,143.1,TRUE,1403,live,158.81,93.7,41,true,5,Guaranteed Delivery,20
98903,Minoxytop 10% Bottle Of 60Ml Solution,bio-aqua-minoxytop-10-solu-98903,Minoxidil 10%w/v + Absolute Alcohol 0.001%,Minoxidil+Absolute Alcohol,60 Ml in Bottle,Skin Solution,Newgen Life Sciences Private Limited,dermatology-medicines,Alopecia,TRUE,FALSE,FALSE,SCHEDULE H,,826.12,TRUE,1404,live,1025,615,40,true,4,Short in Supply. May be delivered late.,20
3495406,Orninfe Tube Of 15Gm Cream,orninfe-tube-of-15gm-cream-3495406,Clobetasol Propionate 0.05%w/w + Itraconazole 1%w/w + Ofloxacin 0.75%w/w + Ornidazole 2%w/w,Clobetasol Propionate+Itraconazole+Ofloxacin+Ornidazole,15 G in Tube,Cream,Avighna Medicare Pvt Ltd,dermatology-medicines,Topical Antimicrobial and Steroid,TRUE,FALSE,FALSE,SCHEDULE H,,113.77,TRUE,1405,live,124.78,91.09,27,true,5,Guaranteed Delivery,20
3944535,Sitatru M 50/500Mg Strip Of 15 Tablets,sitatru-m-50-500mg-strip-of-15-tablets-3944535,Metformin Hydrochloride 500mg + Sitagliptin 50mg,Sitagliptin+Metformin Hydrochloride,15 Units in Strip,Tablet,Avighna Medicare Pvt Ltd,anti-diabetic-medicines,Combinations,TRUE,TRUE,FALSE,SCHEDULE H,3944538,254.63,TRUE,1406,live,256.78,92.44,64,true,4,Short in Supply. May be delivered late.,20
192639,Gabadon 300Mg Strip Of 10 Capsules,gabadon-300mg-cap-10-s-t-192639,Gabapentin 300mg,Gabapentin,10 Units in Strip,Capsule,Knoll Healthcare Pvt Ltd,neurological-medicines|nerve-pain-medicines,Anti-Epileptic,TRUE,TRUE,FALSE,SCHEDULE H,,165.93,TRUE,1407,live,156,88.92,43,true,5,Guaranteed Delivery,20
3978362,Kylaazine 5Mg Strip Of 10 Tablets,kalaazine-5mg-strip-of-10-tablets-3978362,Levocetirizine 5mg,Levocetirizine,10 Units in Strip,Tablet,Avighna Medicare Pvt Ltd,anti-allergic-medicines,,TRUE,FALSE,FALSE,SCHEDULE H,,56.07,TRUE,1408,live,68.06,49,28,true,5,Guaranteed Delivery,20
227883,Megacholin Rf Strip Of 10 Tablets,megacholin-rf-tablet-10-s-227883,Citicoline 500mg,Citicoline,10 Units in Strip,Tablet,Aristo Pharmaceuticals Pvt Ltd,neurological-medicines,Cerebro Protective,TRUE,TRUE,FALSE,SCHEDULE H,,443.93,TRUE,1409,live,492.18,354.37,28,true,5,Guaranteed Delivery,20
119155,Mesazed 1200Mg Strip Of 10 Tablets,mesazed-tab-119155,Mesalazine / Mesalamine / 5-Aminosalicylic Acid 1.2g,Mesalazine / Mesalamine / 5-Aminosalicylic Acid,10 Units in Strip,Tablet,Leeford Healthcare Ltd,gastrointestinal-medicines,Ulcerative Colitis,TRUE,TRUE,FALSE,SCHEDULE H,,300,TRUE,1410,live,280,198.8,29,false,2,Out of Stock,20
3018788,Rozutin Cla Gold Strip Of 10 Capsules,rozutin-cla-gold-strip-of-10-capsules-3018788,Aspirin / Acetyl Salicylic Acid 75mg + Clopidogrel 75mg + Rosuvastatin 20mg,Aspirin / Acetyl Salicylic Acid+Clopidogrel+Rosuvastatin,10 Units in Strip,Capsule,Knoll Healthcare Pvt Ltd,cholesterol-medicines,Statins,TRUE,TRUE,FALSE,SCHEDULE H,,216.48,TRUE,1411,live,194.5,120.59,38,true,5,Guaranteed Delivery,20
3018100,Rozutin Cla 10/75/75 Mg Strip Of 10 Capsules,rozutin-cla-10-75-75-mg-capsule-10-3018100,Aspirin / Acetyl Salicylic Acid 75mg + Rosuvastatin 10mg + Clopidogrel 75mg,Aspirin / Acetyl Salicylic Acid+Clopidogrel+Rosuvastatin,10 Units in Strip,Capsule,Knoll Healthcare Pvt Ltd,cholesterol-medicines,Statins,TRUE,TRUE,FALSE,SCHEDULE H,,149.52,TRUE,1412,live,140.62,82.97,41,true,5,Guaranteed Delivery,20
191836,Prasunol 10Mg Strip Of 10 Tablets,prasunol-10mg-strip-of-10-tablets-191836,Prasugrel 10mg,Prasugrel,10 Units in Strip,Tablet,Knoll Healthcare Pvt Ltd,blood-thinners,Anti-Platelet,TRUE,TRUE,FALSE,SCHEDULE H,,323.16,TRUE,1414,live,305,204.35,33,true,5,Guaranteed Delivery,20
15984,Orlimax 120Mg Strip Of 10 Capsules,orlimax-120mg-capsule-15984,Orlistat 120mg,Orlistat,10 Units in Strip,Capsule,Knoll Healthcare Pvt Ltd,weight-management-medicines,Lipase inhibitors,TRUE,FALSE,FALSE,SCHEDULE H,,596.34,TRUE,1415,live,560,403.2,28,true,5,Guaranteed Delivery,18
210516,Olmesmart 40Mg Strip Of 10 Tablets,olmesmart-40mg-tab-10-s-210516,Olmesartan Medoxomil 40mg,Olmesartan Medoxomil,10 Units in Strip,Tablet,Vivier Pharma Private Limited,blood-pressure-medicines,Angiotensin receptor blockers,TRUE,TRUE,FALSE,SCHEDULE H,,228.49,TRUE,1416,live,225,162,28,true,5,Guaranteed Delivery,20
2936584,Cabernol 0.5Mg Strip Of 4 Tablets,cabernol-0-5mg-strip-of-4-tablets-2936584,Cabergoline 0.5mg,Cabergoline,4 Units in Strip,Tablet,Knoll Healthcare Pvt Ltd,womens-health-medicines,Hyperprolactinemia,TRUE,FALSE,FALSE,SCHEDULE H,,365,TRUE,1417,live,342,235.98,31,true,5,Guaranteed Delivery,20
3732410,Debiglip 50Mg Strip Of 15 Tablets,debiglip-tablet-15-no-s-3732410,Vildagliptin 50mg,Vildagliptin,15 Units in Strip,Tablet,Leeford Healthcare Ltd,anti-diabetic-medicines,DPP-4 inhibitors,TRUE,TRUE,FALSE,SCHEDULE H,,158.61,TRUE,1418,live,150,106.5,29,true,5,Guaranteed Delivery,20
109579,Atr Ez Strip Of 10 Tablets,atr-ez-tablet-109579,Atorvastatin 10mg + Ezetimibe 10mg,Atorvastatin+Ezetimibe,10 Units in Strip,Tablet,Knoll Healthcare Pvt Ltd,cholesterol-medicines,Combinations,TRUE,TRUE,FALSE,SCHEDULE H,,174.11,TRUE,1420,live,163.5,93.19,43,true,5,Guaranteed Delivery,20
3553987,Pancoly L Strip Of 10 Capsules,pancoly-l-strip-of-10-capsules-3553987,Levosulpiride 75mg + Pantoprazole 40mg,Levosulpiride+Pantoprazole,10 Units in Strip,Capsule,Avighna Medicare Pvt Ltd,gastrointestinal-medicines,Antacid and Anti-Reflux,TRUE,FALSE,FALSE,SCHEDULE H,,169.48,TRUE,1421,live,181.5,87.12,52,true,5,Guaranteed Delivery,20
3017828,Torsinol 40 Mg Strip Of 10 Tablets,torsinol-40-mg-tablet-10-3017828,Torasemide / Torsemide 40mg,Torasemide / Torsemide,10 Units in Strip,Tablet,Knoll Healthcare Pvt Ltd,diuretics,,TRUE,TRUE,FALSE,SCHEDULE H,,141.3,TRUE,1422,live,141.5,84.9,40,true,5,Guaranteed Delivery,20
173607,Telkonol 80 Strip Of 10 Tablets,telkonol-80-tab-10-s-173607,Telmisartan 80mg,Telmisartan,10 Units in Strip,Tablet,Knoll Healthcare Pvt Ltd,blood-pressure-medicines,Angiotensin receptor blockers,TRUE,TRUE,FALSE,SCHEDULE H,,117.33,TRUE,1423,live,108.5,61.84,43,true,5,Guaranteed Delivery,20
6976,Clopicard 75Mg Strip Of 15 Tablets,clopicard-75mg-15-s-tab-6976,Clopidogrel 75mg,Clopidogrel,15 Units in Strip,Tablet,Cipla Gx,blood-thinners,Anti-Platelet,TRUE,TRUE,FALSE,SCHEDULE H,3503523,109.37,TRUE,1424,live,107.41,76.26,29,true,5,Guaranteed Delivery,20
3048261,Sildoease 8Mg Strip Of 10 Capsules,sildoease-8mg-strip-of-10-capsules-3048261,Silodosin 8mg,Silodosin,10 Units in Strip,Capsule,Leeford Healthcare Ltd,prostate-care-medicines,,TRUE,TRUE,FALSE,SCHEDULE H,,244.75,TRUE,1425,live,229,141.98,38,true,4,Short in Supply. May be delivered late.,20
229215,Trinol Mr 35Mg Strip Of 10 Tablets,trinol-mr-35mg-tablet-10-s-229215,Trimetazidine 35mg,Trimetazidine,10 Units in Strip,Tablet,Knoll Healthcare Pvt Ltd,cardiac-medicines,Anti-Anginal,TRUE,TRUE,FALSE,SCHEDULE H,,106.47,TRUE,1426,live,99.5,71.64,28,true,5,Guaranteed Delivery,20
235190,Silodonol 8D Strip Of 10 Tablets,silodonol-8d-tablet-10-s-235190,Silodosin 8mg + Dutasteride 0.5mg,Silodosin+Dutasteride,10 Units in Strip,Tablet,Knoll Healthcare Pvt Ltd,prostate-care-medicines,,TRUE,TRUE,FALSE,SCHEDULE H,,521.14,TRUE,1427,live,492.66,354.72,28,true,5,Guaranteed Delivery,20
3024033,Itrancure 200Mg Strip Of 10 Capsules,itrancure-200mg-strip-of-10-capsules-3024033,Itraconazole 200mg,Itraconazole,10 Units in Strip,Capsule,Avighna Medicare Pvt Ltd,antifungal-medicines,Other,TRUE,FALSE,FALSE,SCHEDULE H,,256.97,TRUE,1428,live,237.83,152.21,36,true,5,Guaranteed Delivery,20
3558765,Pantosec Ls Strip Of 10 Capsules,pantosec-ls-strip-of-10-capsules-3558765,Levosulpiride 75mg + Pantoprazole 40mg,Levosulpiride+Pantoprazole,10 Units in Strip,Capsule,Cipla Gx,gastrointestinal-medicines,Antacid and Anti-Reflux,TRUE,FALSE,FALSE,SCHEDULE H,,219.9,TRUE,1429,live,253.29,179.84,29,true,5,Guaranteed Delivery,20
3575214,Atortrue 40Mg Strip Of 10 Tablets,atortrue-40mg-strip-of-10-tablets-3575214,Atorvastatin 40mg,Atorvastatin,10 Units in Strip,Tablet,Avighna Medicare Pvt Ltd,cholesterol-medicines,Statins,TRUE,TRUE,FALSE,SCHEDULE H,,211.32,TRUE,1430,live,202.5,117.45,42,true,5,Guaranteed Delivery,20
3553921,Trueclam 625Mg Strip Of 10 Tablets,trueclam-strip-of-10-tablets-3553921,Amoxycillin / Amoxicillin 500mg + Potassium Clavulanate(Clavulanic Acid) 125mg,Amoxycillin / Amoxicillin+Potassium Clavulanate(Clavulanic Acid),10 Units in Strip,Tablet,Avighna Medicare Pvt Ltd,antibiotics,Penicillins,TRUE,FALSE,FALSE,SCHEDULE H,,189.54,TRUE,1431,live,196.77,125.93,36,true,5,Guaranteed Delivery,20
3827164,Ticaford 90Mg Strip Of 14 Tablets,ticaford-90mg-strip-of-14-tablets-3827164,Ticagrelor 90mg,Ticagrelor,14 Units in Strip,Tablet,Leeford Healthcare Ltd,blood-thinners,Anti-Platelet,TRUE,TRUE,FALSE,SCHEDULE H,,370.56,TRUE,1432,live,250,167.5,33,true,5,Guaranteed Delivery,20
3533499,Mecobrook At Strip Of 10 Tablets,mecobrook-at-strip-of-10-tablets-3533499,Vitamin B9 / Folic Acid / Folate 1.5mg + Alpha Lipoic Acid 100mg + Vitamin B6 / Pyridoxine 3mg + Vitamin B12 / Mecobalamin / Cynocobalamin / Methylcobalamin 1500mcg + Vitamin D3 / Cholecalciferol 1000iu,Vitamin B9 / Folic Acid / Folate+Alpha Lipoic Acid+Vitamin B6 / Pyridoxine+Vitamin B12 / Mecobalamin / Cynocobalamin / Methylcobalamin+Vitamin D3 / Cholecalciferol,10 Units in Strip,Tablet,Healing Pharma India Pvt Ltd,vitamins-and-supplements,Multivitamin,FALSE,FALSE,FALSE,NON SCHEDULED,,190,TRUE,1433,live,195,138.45,29,true,5,Guaranteed Delivery,20
15944,Acarboz 50Mg Strip Of 10 Tablets,acarboz-50mg-tablet-15944,Acarbose 50mg,Acarbose,10 Units in Strip,Tablet,Knoll Healthcare Pvt Ltd,anti-diabetic-medicines,Alpha-glucosidase inhibitors,TRUE,TRUE,FALSE,SCHEDULE H,,140.75,TRUE,1434,live,132.5,96.72,27,true,5,Guaranteed Delivery,20
217279,Vogliboz Gm 2Mg Strip Of 10 Tablets,vogliboz-gm-2mg-tab-10-s-217279,Glimepiride 2mg + Voglibose 0.2mg + Metformin Hydrochloride 500mg,Voglibose+Glimepiride+Metformin Hydrochloride,10 Units in Strip,Tablet,Knoll Healthcare Pvt Ltd,anti-diabetic-medicines,Combinations,TRUE,TRUE,FALSE,SCHEDULE H,,102,TRUE,1435,live,95.5,53.48,44,true,5,Guaranteed Delivery,20
170786,Rosuvastin 10Mg Strip Of 10 Tablets,rosuvastin-10mg-strip-of-10-tablets-170786,Rosuvastatin 10mg,Rosuvastatin,10 Units in Strip,Tablet,Vivier Pharma Private Limited,cholesterol-medicines,Statins,TRUE,TRUE,FALSE,SCHEDULE H,,198.9,TRUE,1436,live,202.5,137.7,32,true,5,Guaranteed Delivery,18
2523,Pipzo 4.5Gm Dry Vial Of 1 Powder For Injection,pipzo-4-5gm-inj-2523,Tazobactam 500mg + Piperacillin 4g,Piperacillin+Tazobactam,1 Units in Dry Vial,Powder For Injection,Alkem Laboratories Ltd,antibiotics,Penicillins,TRUE,FALSE,FALSE,SCHEDULE H,,315.7,TRUE,1437,live,328.33,239.68,27,true,5,Guaranteed Delivery,20
3553832,Tenitru 20Mg Strip Of 10 Tablets,tenitru-20mg-strip-of-10-tablets-3553832,Teneligliptin 20mg,Teneligliptin,10 Units in Strip,Tablet,Avighna Medicare Pvt Ltd,anti-diabetic-medicines,DPP-4 inhibitors,TRUE,TRUE,FALSE,SCHEDULE H,,116.20,TRUE,1438,live,116.27,72.09,38,true,5,Guaranteed Delivery,20
3553722,Vogstrue 0.3Mg Strip Of 10 Tablets,vogstrue-0-3mg-strip-of-10-tablets-3553722,Voglibose 0.3mg,Voglibose,10 Units in Strip,Tablet,Avighna Medicare Pvt Ltd,anti-diabetic-medicines,Alpha-glucosidase inhibitors,TRUE,TRUE,FALSE,SCHEDULE H,,85.01,TRUE,1439,live,96.83,68.75,29,true,5,Guaranteed Delivery,20
4344914,Asiditaa 40/30Mg Dsr Strip Of 10 Capsules,asiditaa-40-30mg-dsr-strip-of-10-capsules-4344914,Domperidone 30mg + Rabeprazole 40mg,Rabeprazole+Domperidone,10 Units in Strip,Capsule,Avighna Medicare Pvt Ltd,gastrointestinal-medicines,Antacid and Anti-Emetic,TRUE,FALSE,FALSE,SCHEDULE H,,148.21,TRUE,1440,live,139.69,104.77,25,true,5,Guaranteed Delivery,20
3554041,Levesra 500Mg Strip Of 10 Tablets,levesra-500mg-strip-of-10-tablets-3554041,Levetiracetam 500mg,Levetiracetam,10 Units in Strip,Tablet,Avighna Medicare Pvt Ltd,neurological-medicines,Anti-Epileptic,TRUE,TRUE,FALSE,SCHEDULE H,,132.65,TRUE,1441,live,136.28,96.76,29,true,5,Guaranteed Delivery,20
15965,Metform Sr 1000Mg Strip Of 10 Tablets,metform-sr-1000mg-tablet-15965,Metformin Hydrochloride 1000mg,Metformin Hydrochloride,10 Units in Strip,Tablet,Knoll Healthcare Pvt Ltd,anti-diabetic-medicines,Biguanides,TRUE,TRUE,FALSE,SCHEDULE G,,44.98,TRUE,1442,live,42,27.72,34,true,5,Guaranteed Delivery,18
3600218,Pregnerv 150Mg Strip Of 10 Capsules,pregnerv-150mg-strip-of-10-capsules-3600218,Pregabalin 150mg,Pregabalin,10 Units in Strip,Capsule,Avighna Medicare Pvt Ltd,neurological-medicines|nerve-pain-medicines,Anti-Epileptic,TRUE,TRUE,FALSE,SCHEDULE H1,,164.47,TRUE,1443,live,180.37,129.87,28,true,5,Guaranteed Delivery,20
230418,Nolgliptin Mf 20/500Mg Er Strip Of 10 Tablets,nolgliptin-mf-20-500mg-er-tablet-10-s-230418,Teneligliptin 20mg + Metformin Hydrochloride 500mg,Teneligliptin+Metformin Hydrochloride,10 Units in Strip,Tablet,Knoll Healthcare Pvt Ltd,anti-diabetic-medicines,Combinations,TRUE,TRUE,FALSE,SCHEDULE H,,121.5,TRUE,1444,live,121.87,87.75,28,true,5,Guaranteed Delivery,20
209192,Glimp M 2Mg Strip Of 10 Tablets,glimp-m-2mg-strip-of-10-tablets-209192,Metformin Hydrochloride 500mg + Glimepiride 2mg,Metformin Hydrochloride+Glimepiride,10 Units in Strip,Tablet,Zydus Healthcare Limited,anti-diabetic-medicines,Combinations,TRUE,TRUE,FALSE,SCHEDULE H,,193.39,TRUE,1445,live,198.7,113.26,43,true,5,Guaranteed Delivery,18
188117,Efil 10Mg Strip Of 10 Tablets,efil-10mg-tablet-188117,Tadalafil 10mg,Tadalafil,10 Units in Strip,Tablet,J B Chemicals And Pharmaceuticals,mens-health-medicines,Sexual Wellness,TRUE,FALSE,FALSE,SCHEDULE H,,381.35,TRUE,1446,live,414.44,310.83,25,true,5,Guaranteed Delivery,20
3490501,Itrancure 100Mg Strip Of 10 Capsules,itrancure-100mg-strip-of-10-capsules-3490501,Itraconazole 100mg,Itraconazole,10 Units in Strip,Capsule,Avighna Medicare Pvt Ltd,antifungal-medicines,Other,TRUE,FALSE,FALSE,SCHEDULE H,,183.06,TRUE,1447,live,175.04,103.27,41,true,5,Guaranteed Delivery,20
3609987,Aceclotrue Sp Strip Of 10 Tablets,aceclotrue-sp-strip-of-10-tablets-3609987,Aceclofenac 100mg + Serratiopeptidase 15mg + Paracetamol / Acetaminophen 325mg,Aceclofenac+Serratiopeptidase+Paracetamol / Acetaminophen,10 Units in Strip,Tablet,Avighna Medicare Pvt Ltd,pain-relief-medicines,Anti-Inflammatory,TRUE,FALSE,FALSE,SCHEDULE H,,97.95,TRUE,1448,live,109.03,81.77,25,true,5,Guaranteed Delivery,20
4137424,Dydrolast 10Mg Strip Of 10 Tablets,dydrolast-10mg-strip-of-10-tablets-4137424,Dydrogesterone 10mg,Dydrogesterone,10 Units in Strip,Tablet,Leeford Healthcare Ltd,womens-health-medicines,Female Infertility,TRUE,FALSE,FALSE,SCHEDULE H,,509.46,TRUE,1449,live,450,324,28,true,5,Guaranteed Delivery,20
4015672,Dapaford 5Mg Strip Of 15 Tablets,dapaford-5mg-strip-of-15-tablets-4015672,Dapagliflozin 5mg,Dapagliflozin,15 Units in Strip,Tablet,Leeford Healthcare Ltd,anti-diabetic-medicines,SGLT2 inhibitors,TRUE,TRUE,FALSE,SCHEDULE G,,150.43,TRUE,1450,live,120,86.4,28,true,5,Guaranteed Delivery,20
3978438,Glimidib M 2Mg Sr Strip Of 15 Tablets,glimidib-m-2mg-sr-strip-of-15-tablets-3978438,Metformin Hydrochloride 500mg + Glimepiride 2mg,Metformin Hydrochloride+Glimepiride,15 Units in Strip,Tablet,Vivier Pharma Private Limited,anti-diabetic-medicines,Combinations,TRUE,TRUE,FALSE,SCHEDULE H,,217.33,TRUE,1451,live,214.31,55.72,74,true,5,Guaranteed Delivery,20
16002,Vogliboz 0.2Mg Strip Of 10 Tablets,vogliboz-0-2mg-tablet-16002,Voglibose 0.2mg,Voglibose,10 Units in Strip,Tablet,Knoll Healthcare Pvt Ltd,anti-diabetic-medicines,Alpha-glucosidase inhibitors,TRUE,TRUE,FALSE,SCHEDULE H,,90.24,TRUE,1453,live,84.84,47.51,44,true,5,Guaranteed Delivery,20
2974180,Oxbizep 300Mg Strip Of 10 Tablets,oxbizep-300mg-strip-of-10-tablets-2974180,Oxcarbazepine 300mg,Oxcarbazepine,10 Units in Strip,Tablet,Leeford Healthcare Ltd,neurological-medicines,Anti-Epileptic,TRUE,TRUE,FALSE,SCHEDULE H,,133.57,TRUE,1455,live,135,95.85,29,true,5,Guaranteed Delivery,20
3490510,Phoflox Oz Strip Of 10 Tablets,phoflox-oz-strip-of-10-tablets-3490510,Ofloxacin 200mg + Ornidazole 500mg,Ofloxacin+Ornidazole,10 Units in Strip,Tablet,Avighna Medicare Pvt Ltd,antibiotics|gastrointestinal-medicines,Combinations,TRUE,FALSE,FALSE,SCHEDULE H,,88.51,TRUE,1456,live,96.42,62.67,35,true,5,Guaranteed Delivery,20
3997691,Pancooly 40Mg Strip Of 15 Tablets,pancooly-40mg-strip-of-15-tablets-3997691,Pantoprazole 40mg,Pantoprazole,15 Units in Strip,Tablet,Avighna Medicare Pvt Ltd,gastrointestinal-medicines,Antacid,TRUE,FALSE,FALSE,SCHEDULE H,,135.24,TRUE,1457,live,168.94,121.64,28,true,5,Guaranteed Delivery,20
3553849,Gestcure 300Mg Sr Strip Of 10 Tablets,gestcure-300mg-strip-of-10-tablets-3553849,Progesterone 300mg,Progesterone,10 Units in Strip,Tablet,Avighna Medicare Pvt Ltd,womens-health-medicines,Hormone Replacement Therapy,TRUE,FALSE,FALSE,SCHEDULE H,,375,TRUE,1458,live,386.72,290.04,25,true,5,Guaranteed Delivery,20
38854,Calzem Strip Of 10 Softgel Capsules,calzem-capsule-38854,Vitamin D3 / Cholecalciferol 0.25mcg + Zinc 7.5mg + Calcium Carbonate 500mg,Calcium Carbonate+Vitamin D3 / Cholecalciferol+Zinc,10 Units in Strip,Softgel Capsule,Cipla Gx,vitamins-and-supplements,Calcium and Vitamin D Supplementation,TRUE,FALSE,FALSE,NON SCHEDULED,,183.14,TRUE,1459,live,202.6,151.95,25,false,2,Out of Stock,20
104263,Deflac 6Mg Strip Of 10 Tablets,deflac-6mg-tab-104263,Deflazacort 6mg,Deflazacort,10 Units in Strip,Tablet,Avighna Medicare Pvt Ltd,steroids,Other,TRUE,TRUE,FALSE,SCHEDULE H,,101.43,TRUE,1460,live,111.17,54.47,51,true,5,Guaranteed Delivery,20
3553905,Rifcure 550Mg Strip Of 10 Tablets,rifcure-550mg-strip-of-10-tablets-3553905,Rifaximin 550mg,Rifaximin,10 Units in Strip,Tablet,Avighna Medicare Pvt Ltd,antibiotics,Other,TRUE,FALSE,FALSE,SCHEDULE H,,423,TRUE,1461,live,483.91,300.02,38,true,5,Guaranteed Delivery,20
20035,Pantozec Dsr Strip Of 15 Capsules,pantozec-dsr-capsule-20035,Pantoprazole 40mg + Domperidone 30mg,Domperidone+Pantoprazole,15 Units in Strip,Capsule,Micro Labs,gastrointestinal-medicines,Antacid and Anti-Emetic,TRUE,FALSE,FALSE,SCHEDULE H,,158.52,TRUE,1462,live,162.7,115.52,29,true,5,Guaranteed Delivery,18
2936816,Finostar 1Mg Strip Of 10 Tablets,finostar-1mg-strip-of-10-tablets-2936816,Finasteride 1mg,Finasteride,10 Units in Strip,Tablet,Knoll Healthcare Pvt Ltd,dermatology-medicines,Alopecia,TRUE,FALSE,FALSE,SCHEDULE H,,72.2,TRUE,1464,live,67.5,33.75,50,true,5,Guaranteed Delivery,20
3600241,Esylnafil 100Mg Strip Of 4 Tablets,esylnafil-100mg-strip-of-10-tablets-3600241,Sildenafil 100mg,Sildenafil,4 Units in Strip,Tablet,Avighna Medicare Pvt Ltd,mens-health-medicines,Sexual Wellness,TRUE,FALSE,FALSE,SCHEDULE H,,125.25,TRUE,1465,live,134.91,98.48,27,true,5,Guaranteed Delivery,20
109949,Rami Race 10Mg Strip Of 10 Tablets,rami-race-10mg-tab-109949,Ramipril 10mg,Ramipril,10 Units in Strip,Tablet,Knoll Healthcare Pvt Ltd,blood-pressure-medicines,ACE inhibitors,TRUE,TRUE,FALSE,SCHEDULE H,,209.91,TRUE,1466,live,197,118.2,40,true,5,Guaranteed Delivery,20
3553933,Trufebux 40Mg Strip Of 10 Tablets,trufebux-40mg-strip-of-10-tablets-3553933,Febuxostat 40mg,Febuxostat,10 Units in Strip,Tablet,Avighna Medicare Pvt Ltd,gout-medicines,Xanthine oxidase inhibitors,TRUE,TRUE,FALSE,SCHEDULE H,,94.24,TRUE,1467,live,104.36,50.09,52,true,5,Guaranteed Delivery,20
3553929,Rosarex 20Mg Strip Of 10 Capsules,rosarex-20mg-strip-of-10-capsules-3553929,Isotretinoin 20mg,Isotretinoin,10 Units in Strip,Softgel Capsule,Avighna Medicare Pvt Ltd,dermatology-medicines,Anti-Acne,TRUE,FALSE,FALSE,SCHEDULE H,,194.39,TRUE,1468,live,202,113.12,44,true,5,Guaranteed Delivery,20
3740761,Perampa 4 Strip Of 10 Tablets,perampa-4-tablet-10-no-s-3740761,Perampanel 4mg,Perampanel,10 Units in Strip,Tablet,Intas Pharmaceuticals Ltd,neurological-medicines,Anti-Epileptic,TRUE,TRUE,FALSE,SCHEDULE H,,171.91,TRUE,1469,live,189.7,149.86,21,true,5,Guaranteed Delivery,20
3024032,Truetel 40Mg Strip Of 15 Tablets,truetel-40mg-strip-of-15-tablets-3024032,Telmisartan 40mg,Telmisartan,15 Units in Strip,Tablet,Avighna Medicare Pvt Ltd,blood-pressure-medicines,Angiotensin receptor blockers,TRUE,TRUE,FALSE,SCHEDULE H,,97.22,TRUE,1470,live,106.5,73.48,31,true,5,Guaranteed Delivery,20
2985303,Budure 0.5Mg 2Ml Packet Of 5 Respules,budure-0-5mg-packet-of-5-2ml-respules-2985303,Budesonide 0.5mg,Budesonide,5 Units in Packet,Respule,Avighna Medicare Pvt Ltd,respiratory-medicines,Inhaled corticosteroids,TRUE,TRUE,FALSE,SCHEDULE H,,123.62,TRUE,1471,live,124.88,88.66,29,true,5,Guaranteed Delivery,20
3944463,Glimidib M 1Mg Sr Strip Of 15 Tablets,glimidib-m-1mg-sr-strip-of-15-tablets-3944463,Glimepiride 1mg + Metformin Hydrochloride 500mg,Metformin Hydrochloride+Glimepiride,15 Units in Strip,Tablet,Vivier Pharma Private Limited,anti-diabetic-medicines,Combinations,TRUE,TRUE,FALSE,SCHEDULE H,4033590,157.67,TRUE,1472,live,149.32,82.13,45,false,2,Out of Stock,20
3608319,Kylazine Total Strip Of 10 Tablets,kylazine-total-strip-of-10-tablets-3608319,Montelukast 10mg + Levocetirizine 5mg + Ambroxol 75mg,Montelukast+Levocetirizine+Ambroxol,10 Units in Strip,Tablet,Avighna Medicare Pvt Ltd,respiratory-medicines|anti-allergic-medicines,Leukotriene antagonists,TRUE,TRUE,FALSE,SCHEDULE H,,144.79,TRUE,1473,live,157.68,115.11,27,true,5,Guaranteed Delivery,20
2935766,Tacronol 0.1% Tube Of 10Gm Ointment,tacronol-0-1-tube-of-10gm-ointment-2935766,Tacrolimus 0.1%w/w,Tacrolimus,10 G in Tube,Ointment,Knoll Healthcare Pvt Ltd,dermatology-medicines,Atopic Dermatitis,TRUE,FALSE,FALSE,SCHEDULE H,,313.04,TRUE,1475,live,293.5,199.58,32,true,5,Guaranteed Delivery,20
99501,Adoxi 120Mg Injection Vial Of 3Ml Injection,adoxi-120mg-inj-99501,Docetaxel 120mg,Docetaxel,3 Ml in Dry Vial,Injection,Adley Formulation,cancer-medicines,Mitotic inhibitors,TRUE,TRUE,TRUE,SCHEDULE H,,16027,TRUE,1476,live,16027,12340.79,23,true,3,,20
88709,Pacliall 100Mg Injection,pacliall-100mg-inj-88709,Paclitaxel 100mg,Paclitaxel,1 Units in Vial,Powder For Infusion,Mankind Pharmaceuticals Ltd,cancer-medicines,Mitotic inhibitors,TRUE,TRUE,FALSE,SCHEDULE H,,7675,TRUE,1477,live,7675,3760.75,51,true,3,,20
99473,Adcarb 150Mg Vial Of 15Ml Injection,adcarb-150mg-inj-99473,Carboplatin 10mg/ml,Carboplatin,15 Ml in Vial,Injection,Adley Formulation,cancer-medicines,Alkylating and platinum agents,TRUE,TRUE,FALSE,SCHEDULE H,,990,TRUE,1478,live,990,762.3,23,true,3,,20
99500,Adoxi 80Mg Injection Vial Of 2 Ml Injection,adoxi-80mg-inj-99500,Docetaxel 80mg,Docetaxel,2 Ml in Injection,Injection,Adley Formulation,cancer-medicines,Mitotic inhibitors,TRUE,TRUE,TRUE,SCHEDULE H,,11990,TRUE,1479,live,11990,1558.7,87,true,3,,20
83539,Erbitux 500Mg Bottle Of 100Ml Solution For Infusion,erbitux-500mg-inj-100ml-83539,Cetuximab 5mg/ml,Cetuximab,100 Ml in Bottle,Solution For Infusion,Merck Specialities Private Limited,cancer-medicines,Monoclonal antibodies,TRUE,TRUE,TRUE,SCHEDULE H,,106250,TRUE,1480,live,106250,85000,20,true,3,,10
76746,Petaxel 100Mg Injection,petaxel-100mg-inj-76746,Paclitaxel 100mg,Paclitaxel,1 Ml in Injection,Injection,Zydus Lifesciences Limited,cancer-medicines,Mitotic inhibitors,TRUE,TRUE,FALSE,SCHEDULE H,,4029,TRUE,1481,live,4029,1007.25,75,true,3,,20
99498,Adoxi 20Mg Injection Vial Of 0.5 Ml Injection,adoxi-20mg-inj-99498,Docetaxel,,0.5 Ml in Injection,Injection,Adley Formulation,cancer-medicines,Anti-Neoplastic,TRUE,TRUE,TRUE,SCHEDULE H,,2690,TRUE,1482,live,2690,645.6,76,true,3,,20
72939,Cytax 30Mg Injection,cytax-30mg-inj-72939,Paclitaxel 30mg,Paclitaxel,5 Ml in Injection,Injection,Intas Pharmaceuticals Ltd,cancer-medicines,Mitotic inhibitors,TRUE,TRUE,FALSE,SCHEDULE H,,1206,TRUE,1483,live,1131.06,870.92,23,true,5,Guaranteed Delivery,20
98040,Adpaxil 260Mg Injection,adpaxil-260mg-inj-98040,Paclitaxel 260mg,Paclitaxel,43.4 Ml in Injection,Injection,Adley Formulation,cancer-medicines,Mitotic inhibitors,TRUE,TRUE,FALSE,SCHEDULE H,,10450,TRUE,1484,live,10450,2090,80,true,3,,20
99474,Adcarb 450Mg Vial Of 45Ml Injection,adcarb-450mg-inj-99474,Carboplatin 10mg/ml,Carboplatin,45 Ml in Vial,Injection,Adley Formulation,cancer-medicines,Alkylating and platinum agents,TRUE,TRUE,FALSE,SCHEDULE H,,2973,TRUE,1485,live,2973,2229.75,25,true,3,,20
71310,Avastin 100Mg Vial Of 4Ml Solution For Infusion,avastin-100mg-inj-4ml-71310,Bevacizumab(100.0 Mg/4Ml),Bevacizumab,4 Ml in Vial,Solution For Infusion,Roche Limited,cancer-medicines,Monoclonal antibodies,TRUE,TRUE,TRUE,SCHEDULE H,,33863,TRUE,1486,live,33863,23026.84,32,true,3,,20
92247,Docet 120Mg Vial Of 3Ml Injection,docet-120mg-inj-92247,Docetaxel(120.0 Mg/3Ml),Docetaxel,3 Ml in Vial,Injection,Samarth Life Sciences Pvt Ltd,cancer-medicines,Mitotic inhibitors,TRUE,TRUE,TRUE,SCHEDULE H,,8249.99,TRUE,1487,live,8249.99,1980,76,true,3,,20
88596,Chemodoc 120Mg Injection 3Ml,chemodoc-120mg-inj-3ml-88596,Docetaxel 120mg,Docetaxel,3 Ml in Injection,Injection,Lupin,cancer-medicines,Mitotic inhibitors,TRUE,TRUE,TRUE,SCHEDULE H,,18420,TRUE,1488,live,18420,10499.4,43,false,2,Out of Stock,20
71140,Mitotax 300Mg Bottle Of 50Ml Injection,mitotax-300mg-inj-71140,Paclitaxel 300mg,Paclitaxel,50 Ml in Vial,Injection,Dr Reddy'S Laboratories Ltd,cancer-medicines,Mitotic inhibitors,TRUE,TRUE,FALSE,SCHEDULE H,,13159,TRUE,1489,live,13159,11843.1,10,true,3,,10
70707,Reditux 500Mg Vial Of 50Ml Solution For Infusion,reditux-500mg-vial-of-50ml-solution-for-injection-70707,Rituximab 500mg,Rituximab,50 Ml in Vial,Solution For Injection,Dr Reddy'S Laboratories Ltd,cancer-medicines,Monoclonal antibodies,TRUE,TRUE,TRUE,SCHEDULE H,,42659,TRUE,1490,live,42659,11517.93,73,true,3,,20
70704,Reditux 100Mg Vial Of 10Ml Solution For Infusion,reditux-100mg-vial-of-10ml-solution-for-infusion-70704,Rituximab 100mg,Rituximab,10 Ml in Vial,Solution For Infusion,Dr Reddy'S Laboratories Ltd,cancer-medicines,Monoclonal antibodies,TRUE,TRUE,TRUE,SCHEDULE H,,8532,TRUE,1491,live,8532,3327.48,61,true,3,,10
70675,Nanoxel 300Mg Injection,nanoxel-300mg-inj-70675,Paclitaxel 300mg,Paclitaxel,15 Ml in Injection,Solution For Injection,Fresenius Kabi India Pvt Ltd,cancer-medicines,Mitotic inhibitors,TRUE,TRUE,FALSE,SCHEDULE H,,26057,TRUE,1492,live,26057,16415.91,37,true,3,,10
70674,Nanoxel 30Mg Injection,nanoxel-30mg-inj-70674,Paclitaxel 30mg,Paclitaxel,1 Units in Injection,Injection,Fresenius Kabi India Pvt Ltd,cancer-medicines,Mitotic inhibitors,TRUE,TRUE,FALSE,SCHEDULE H,,4388,TRUE,1493,live,4388,3510.4,20,true,3,,20
70143,Mitotax 250Mg Injection,mitotax-250mg-inj-70143,Paclitaxel 250mg,Paclitaxel,41.70000076293945 Ml in Bottle,Infusion,Dr Reddy'S Laboratories Ltd,cancer-medicines,Mitotic inhibitors,TRUE,TRUE,FALSE,SCHEDULE H,,11601,TRUE,1494,live,11601,4176.36,64,true,3,,10
70122,Taxocare 120Mg Injection,taxocare-120mg-inj-70122,Docetaxel 120mg,Docetaxel,6 Ml in Injection,Injection,Intas Pharmaceuticals Ltd,cancer-medicines,Mitotic inhibitors,TRUE,TRUE,FALSE,SCHEDULE H,,23059,TRUE,1495,live,23059,5534.16,76,true,3,,20
70124,Taxocare 80Mg Injection,taxocare-80mg-inj-70124,Docetaxel 80mg,Docetaxel,1 Units in Injection,Injection,Intas Pharmaceuticals Ltd,cancer-medicines,Mitotic inhibitors,TRUE,TRUE,FALSE,SCHEDULE H,,11574,TRUE,1496,live,11574,8911.98,23,true,3,,20
70673,Nanoxel 100Mg Combipack Dry Vial Of 5Ml Solution For Injection,nanoxel-100mg-inj-5ml-70673,Paclitaxel 20mg/ml,Paclitaxel,5 Ml in Dry Vial,Solution For Injection,Fresenius Kabi India Pvt Ltd,cancer-medicines,Mitotic inhibitors,TRUE,TRUE,FALSE,SCHEDULE H,,11581,TRUE,1497,live,11581,7296.03,37,true,3,,20
70123,Taxocare 20Mg Injection,taxocare-20mg-inj-70123,Docetaxel 20mg,Docetaxel,1 Units in Injection,Injection,Intas Pharmaceuticals Ltd,cancer-medicines,Mitotic inhibitors,TRUE,TRUE,FALSE,SCHEDULE H,,3213,TRUE,1498,live,3213,2474.01,23,true,3,,20
67991,Daxotel 20Mg Injection,daxotel-20mg-inj-67991,Docetaxel 20mg,Docetaxel,0.5 Ml in Vial,Injection,Fresenius Kabi India Pvt Ltd,cancer-medicines,Mitotic inhibitors,TRUE,TRUE,FALSE,SCHEDULE H,,3212,TRUE,1499,live,3212,1059.96,67,true,3,,10
68343,Biomab Egfr 50Mg Vial Of 10Ml Injection,biomab-egfr-inj-10ml-68343,Nimotuzumab(50.0 Mg/10Ml),Nimotuzumab,10 Ml in Vial,Injection,Biocon Biologics Limited,cancer-medicines,Monoclonal antibodies,TRUE,TRUE,TRUE,SCHEDULE H,,59731,TRUE,1500,live,59731,43006.32,28,true,3,,20
68751,Taxotere 80Mg Vial Of 4Ml Solution For Infusion,taxotere-80mg-inj-68751,Docetaxel 80mg,Docetaxel,4 Ml in Vial,Solution For Infusion,Sanofi,cancer-medicines,Mitotic inhibitors,TRUE,TRUE,FALSE,SCHEDULE H,,11573.09,TRUE,1501,live,11573.09,10415.78,10,false,2,Out of Stock,20
69188,Intaxel 260Mg Injection 43.4Ml,intaxel-260mg-inj-43-4ml-69188,Paclitaxel 260mg,Paclitaxel,1 Units in Injection,Injection,Fresenius Kabi India Pvt Ltd,cancer-medicines,Mitotic inhibitors,TRUE,TRUE,FALSE,SCHEDULE H,,10472,TRUE,1502,live,10472,1675.52,84,true,3,,10
54145,Mitotax 100Mg Injection 16.67Ml,mitotax-100mg-injection-16-67ml-54145,Paclitaxel 100mg,Paclitaxel,16.67 Ml in Vial,Injection,Dr Reddy'S Laboratories Ltd,cancer-medicines,Mitotic inhibitors,TRUE,TRUE,FALSE,SCHEDULE H,,4029.3,TRUE,1503,live,4029.3,3102.56,23,true,3,,10
51881,Kemocarb 450Mg Vial Of 45Ml Injection,kemocarb-450mg-inj-45ml-51881,Carboplatin 10mg/ml,Carboplatin,45 Ml in Vial,Injection,Fresenius Kabi India Pvt Ltd,cancer-medicines,Alkylating and platinum agents,TRUE,TRUE,FALSE,SCHEDULE H,,2977,TRUE,1504,live,2977,1815.97,39,false,2,Out of Stock,20
68386,Carbopa 450Mg Vial Of 45Ml Injection,carbopa-450mg-inj-45ml-68386,Carboplatin 10mg/ml,Carboplatin,45 Ml in Vial,Injection,Intas Pharmaceuticals Ltd,cancer-medicines,Alkylating and platinum agents,TRUE,TRUE,FALSE,SCHEDULE H,,2977,TRUE,1505,live,2977,2173.21,27,true,3,,20
54146,Mitotax 30Mg Injection,mitotax-30mg-inj-54146,Paclitaxel 30mg,Paclitaxel,5 Ml in Injection,Injection,Dr Reddy'S Laboratories Ltd,cancer-medicines,Mitotic inhibitors,TRUE,TRUE,FALSE,SCHEDULE H,,1206,TRUE,1506,live,1206,783.9,35,true,3,,10
69406,Daxotel 120Mg Vial Of 3Ml Injection,daxotel-120mg-inj-3ml-69406,Docetaxel 120mg,Docetaxel,3 Ml in Vial,Injection,Fresenius Kabi India Pvt Ltd,cancer-medicines,Mitotic inhibitors,TRUE,TRUE,FALSE,SCHEDULE H,,17714,TRUE,1507,live,17714,14171.2,20,true,3,,20
51137,Intaxel 30Mg Injection 5Ml,intaxel-30mg-inj-5ml-51137,Paclitaxel 30mg,Paclitaxel,5 Ml in Vial,Injection,Fresenius Kabi India Pvt Ltd,cancer-medicines,Mitotic inhibitors,TRUE,TRUE,FALSE,SCHEDULE H,,1206,TRUE,1508,live,1206,928.62,23,true,3,,20
68385,Carbopa 150Mg Vial Of 15Ml Injection,carbopa-150mg-inj-15ml-68385,Carboplatin 10mg/ml,Carboplatin,15 Ml in Vial,Injection,Intas Pharmaceuticals Ltd,cancer-medicines,Alkylating and platinum agents,TRUE,TRUE,FALSE,SCHEDULE H,,992,TRUE,1509,live,992,763.84,23,true,3,,20
51880,Kemocarb 150Mg Vial Of 15Ml Injection,kemocarb-150mg-inj-15ml-51880,Carboplatin 10mg/ml,Carboplatin,15 Ml in Vial,Injection,Fresenius Kabi India Pvt Ltd,cancer-medicines,Alkylating and platinum agents,TRUE,TRUE,FALSE,SCHEDULE H,,995.23,TRUE,1510,live,995.23,746.42,25,false,2,Out of Stock,20
44681,Dutaxel 260Mg Vial Of 43.4Ml Injection,dutaxel-260mg-inj-44681,Paclitaxel 260mg,Paclitaxel,43.4 Ml in Vial,Injection,Samarth Life Sciences Pvt Ltd,cancer-medicines,Mitotic inhibitors,TRUE,TRUE,FALSE,SCHEDULE H,,1333,TRUE,1511,live,1333,1039.74,22,true,3,,20
51136,Intaxel 100Mg Injection 17Ml,intaxel-100mg-inj-17ml-51136,Paclitaxel 6mg,Paclitaxel,17 Ml in Vial,Injection,Fresenius Kabi India Pvt Ltd,cancer-medicines,Mitotic inhibitors,TRUE,TRUE,FALSE,SCHEDULE H,,4029,TRUE,1512,live,4029,2296.53,43,true,3,,10
44073,Docetere 20Mg Injection 1.5Ml,docetere-20mg-inj-44073,Docetaxel 20mg,Docetaxel,1.5 Ml in Dry Vial,Injection,Dr Reddy'S Laboratories Ltd,cancer-medicines,Mitotic inhibitors,TRUE,TRUE,TRUE,SCHEDULE H,,3212,TRUE,1513,live,3212,2473.24,23,true,3,,20
44074,Docetere 80Mg Injection 6Ml,docetere-80mg-inj-44074,Docetaxel 80mg,Docetaxel,6 Ml in Dry Vial,Injection,Dr Reddy'S Laboratories Ltd,cancer-medicines,Mitotic inhibitors,TRUE,TRUE,TRUE,SCHEDULE H,,11573,TRUE,1514,live,11573,8911.21,23,true,3,,20
44067,Docet 20Mg Injection,docet-20mg-inj-44067,Docetaxel 20mg,Docetaxel,1 Units in Injection,Solution For Injection,Samarth Life Sciences Pvt Ltd,cancer-medicines,Mitotic inhibitors,TRUE,TRUE,TRUE,SCHEDULE H,,2553,TRUE,1515,live,2553,740.37,71,true,3,,20
44072,Docetere 120Mg Injection,docetere-120mg-inj-44072,Docetaxel 120mg,Docetaxel,3 Ml in Vial,Injection,Dr Reddy'S Laboratories Ltd,cancer-medicines,Mitotic inhibitors,TRUE,TRUE,TRUE,SCHEDULE H,,16916,TRUE,1516,live,16916,5074.8,70,true,3,,20
44068,Docet 80Mg Injection,docet-80mg-inj-44068,Docetaxel 80mg,Docetaxel,2 Ml in Injection,Injection,Samarth Life Sciences Pvt Ltd,cancer-medicines,Mitotic inhibitors,TRUE,TRUE,TRUE,SCHEDULE H,,7021,TRUE,1517,live,7021,1685.04,76,true,3,,20
4319694,Daxotel 80Mg Injection 4Ml,daxotel-80mg-injection-4ml-4319694,Docetaxel 80mg,Docetaxel,4 Ml in Vial,Injection,Fresenius Kabi India Pvt Ltd,cancer-medicines,Mitotic inhibitors,TRUE,TRUE,FALSE,SCHEDULE H,,11574,TRUE,1518,live,11574,3124.98,73,true,3,,20
4320565,Solfredoc Rtu 80Mg Injection,solfredoc-rtu-80mg-injection-4320565,Docetaxel 80mg,Docetaxel,1 Ml in Vial,Injection,Sayre Therapeutics Private Limited,cancer-medicines,Mitotic inhibitors,TRUE,TRUE,FALSE,SCHEDULE H,,14157,TRUE,1519,live,14157,12741.3,10,true,3,,20
4319603,Versavo Plus 100 Mg Injection 4 Ml,versavo-plus-100-mg-injection-4-ml-4319603,Bevacizumab 100mg,Bevacizumab,1 Ml in Vial,Injection,Dr Reddy'S Laboratories Ltd,cancer-medicines,Monoclonal antibodies,TRUE,TRUE,TRUE,SCHEDULE H,,7686,TRUE,1520,live,7686,4765.32,38,true,3,,20
42579,Cytax 300Mg Vial Of 50Ml Injection,cytax-300mg-inj-42579,Paclitaxel 300mg,Paclitaxel,50 Ml in Vial,Injection,Intas Pharmaceuticals Ltd,cancer-medicines,Mitotic inhibitors,TRUE,TRUE,FALSE,SCHEDULE H,,12064,TRUE,1521,live,12064,4463.68,63,true,3,,10
42578,Cytax 100Mg Injection,cytax-100mg-inj-42578,Paclitaxel 100mg,Paclitaxel,16.7 Ml in Dry Vial,Injection,Intas Pharmaceuticals Ltd,cancer-medicines,Mitotic inhibitors,TRUE,TRUE,FALSE,SCHEDULE H,,4022,TRUE,1522,live,4022,1649.02,59,true,3,,20
4319599,Herti 440 Mg Injection,herti-440-mg-injection-4319599,Trastuzumab 440mg,Trastuzumab,1 Units in Vial,Injection,Hetero Healthcare Limited,cancer-medicines,Monoclonal antibodies,TRUE,TRUE,TRUE,SCHEDULE H,,54266,TRUE,1523,live,54266,13566.5,75,true,3,,20
4319600,Nab Mitotax 100 Mg Injection,nab-mitotax-100-mg-injection-4319600,Paclitaxel 100mg,Paclitaxel,1 Units in Vial,Injection,Dr Reddy'S Laboratories Ltd,cancer-medicines,Mitotic inhibitors,TRUE,TRUE,FALSE,SCHEDULE H,,9074,TRUE,1524,live,9074,7259.2,20,true,3,,20
4319602,Solfredoc Rtu 120 Mg Injection,solfredoc-rtu-120-mg-injection-4319602,Docetaxel 120mg,Docetaxel,1 Units in Vial,Injection,Sayre Therapeutics Private Limited,cancer-medicines,Mitotic inhibitors,TRUE,TRUE,FALSE,SCHEDULE H,,18755,TRUE,1525,live,18755,16879.5,10,true,3,,20
4134991,Tramosayr 440 Mg Inj,tramosayr-440-mg-inj-4134991,Trastuzumab 440mg,Trastuzumab,1 Units in Vial,Injection,Sayre Therapeutics Private Limited,cancer-medicines,Monoclonal antibodies,TRUE,TRUE,TRUE,SCHEDULE H,,46500,TRUE,1526,live,46500,35805,23,true,3,,20
4319598,Enhertu 100 Mg Injection,enhertu-100-mg-injection-4319598,Trastuzumab 100mg,Trastuzumab,1 Units in Vial,Injection,Astrazeneca Pharma India Ltd,cancer-medicines,Monoclonal antibodies,TRUE,TRUE,TRUE,SCHEDULE H,,187000,TRUE,1527,live,187000,164560,12,true,3,,20
4134909,Tarzed 150 Mg Inj 7.2 Ml,tarzed-150-mg-inj-7-2-ml-4134909,Trastuzumab 150mg,Trastuzumab,7.2 Ml in Vial,Injection,Cadila Pharmaceuticals Limited,cancer-medicines,Monoclonal antibodies,TRUE,TRUE,TRUE,SCHEDULE H,,17421,TRUE,1528,live,17421,9929.97,43,false,2,Out of Stock,20
4128640,Wempacli 100Mg Vial Of 16.7Ml Injection,wempacli-100mg-vial-of-16-7ml-injection-4128640,Paclitaxel 6mg/ml,Paclitaxel,16.7 Ml in Vial,Injection,Wembrace Biopharma Private Limited,cancer-medicines,Mitotic inhibitors,TRUE,TRUE,FALSE,SCHEDULE H,,4030,TRUE,1529,live,4030,3627,10,true,3,,20
4133716,Denosta 60Mg Pre Filled Syringe Of 1Ml Injection,denosta-60-mg-ml-inj-4133716,Denosumab 60mg/ml,Denosumab,1 Ml in Pre-Filled Syringe,Injection,Shilpa Medicare Limited,bone-and-joint-medicines,Osteoporosis,TRUE,FALSE,TRUE,SCHEDULE H,,24999,TRUE,1530,live,25776,7217.28,72,true,5,Guaranteed Delivery,20
4133765,Docshil Rtu 20 Mg Inj,docshil-rtu-20-mg-inj-4133765,Docetaxel 20mg,Docetaxel,1 Units in Vial,Injection,Shilpa Medicare Limited,cancer-medicines,Mitotic inhibitors,TRUE,TRUE,FALSE,SCHEDULE H,,2865,TRUE,1531,live,2865,1260.6,56,true,3,,20
4133766,Docshil Rtu 80 Mg Inj,docshil-rtu-80-mg-inj-4133766,Docetaxel 80mg,Docetaxel,1 Units in Vial,Injection,Shilpa Medicare Limited,cancer-medicines,Mitotic inhibitors,TRUE,TRUE,FALSE,SCHEDULE H,,12000,TRUE,1532,live,12000,3000,75,true,3,,20
4128379,Abraace 100Mg Dry Vial Of 1 Powder For Injection,abraace-100mg-dry-vial-of-1-powder-for-injection-4128379,Paclitaxel 100mg,Paclitaxel,1 Units in Dry Vial,Powder For Injection,Wembrace Biopharma Private Limited,cancer-medicines,Mitotic inhibitors,TRUE,TRUE,FALSE,SCHEDULE H,,9900,TRUE,1533,live,9900,8910,10,true,3,,20
4134545,Opdyta 240 Mg Inj,opdyta-240-mg-inj-4134545,Nivolumab 240mg,Nivolumab,1 Units in Vial,Injection,Bristol-Myers Squibb Pvt Ltd,cancer-medicines,Monoclonal antibodies,TRUE,TRUE,TRUE,SCHEDULE H,,238800,TRUE,1534,live,238800,207756,13,true,3,,20
4128399,Doce Ace 20Mg Vial Of 1Ml Injection,doce-ace-20mg-vial-of-1ml-injection-4128399,Docetaxel 20mg/ml + Polysorbate 540mg/ml + Alcohol 395mg/ml,Docetaxel+Polysorbate+Alcohol,1 Ml in Vial,Injection,Wembrace Biopharma Private Limited,cancer-medicines,Mitotic inhibitors,TRUE,TRUE,FALSE,SCHEDULE H,,3210,TRUE,1535,live,3210,2889,10,true,3,,20
4133530,Caveolin 100 Mg Infusion,caveolin-100-mg-inf-4133530,Paclitaxel 100mg,Paclitaxel,1 Units in Bottle,Infusion,Sayre Therapeutics Private Limited,cancer-medicines,Mitotic inhibitors,TRUE,TRUE,FALSE,SCHEDULE H,,7500,TRUE,1536,live,7500,6750,10,true,3,,20
4128594,Wempacli 260Mg Vial Of 43.4Ml Injection,wempacli-260mg-vial-of-43-4ml-injection-4128594,Paclitaxel 6mg/ml,Paclitaxel,43.4 Ml in Vial,Injection,Wembrace Biopharma Private Limited,cancer-medicines,Mitotic inhibitors,TRUE,TRUE,FALSE,SCHEDULE H,,10495,TRUE,1537,live,10495,9445.5,10,true,3,,20
4128402,Doce Ace 120Mg Vial Of 6Ml Injection,doce-ace-120mg-vail-of-6ml-injection-4128402,Docetaxel 20mg/ml + Polysorbate 540mg/ml + Alcohol 395mg/ml,Docetaxel+Polysorbate+Alcohol,6 Ml in Vial,Injection,Wembrace Biopharma Private Limited,cancer-medicines,Mitotic inhibitors,TRUE,TRUE,FALSE,SCHEDULE H,,21390,TRUE,1538,live,21390,19251,10,true,3,,20
4128384,Doce Ace 80Mg Vial Of 4Ml Injection,doce-ace-80mg-vial-of-4ml-injection-4128384,Docetaxel 20mg/ml + Polysorbate 540mg/ml + Alcohol 395mg/ml,Docetaxel+Polysorbate+Alcohol,4 Ml in Vial,Injection,Wembrace Biopharma Private Limited,cancer-medicines,Mitotic inhibitors,TRUE,TRUE,FALSE,SCHEDULE H,,11570,TRUE,1539,live,11570,10413,10,true,3,,20
4123146,Trumab 150 Injection,trumab-150-injection-1-no-s-4123146,Trastuzumab 150mg,Trastuzumab,1 Units in Dry Vial,Powder For Injection,Glenmark Pharmaceuticals,cancer-medicines,Monoclonal antibodies,TRUE,TRUE,TRUE,SCHEDULE H,,20609,TRUE,1540,live,20609,16487.2,20,false,2,Out of Stock,20
4123190,Denub 60 Mg / Ml Injection Twin Pack 2X1 Ml,denub-injection-1-ml-4123190,Denosumab 60mg,Denosumab,1 Ml in Pre-Filled Syringe,Injection,Alkem Laboratories Ltd,bone-and-joint-medicines|cancer-medicines,Osteoporosis,TRUE,TRUE,TRUE,SCHEDULE H,,24998,TRUE,1541,live,24998,14998.8,40,true,3,,20
4123163,Denosurel 120 Mg Injection 1 No'S,denosurel-120-mg-injection-1-no-s-4123163,Denosumab 120mg,Denosumab,1 Units in Vial,Injection,Reliance Life Science,bone-and-joint-medicines|cancer-medicines,Osteoporosis,TRUE,TRUE,TRUE,SCHEDULE H,,37933,TRUE,1542,live,37933,18966.5,50,false,2,Out of Stock,20
4123089,Trazumab 440Mg Injection,trazumab-440mg-injection-1-no-s-4123089,Trastuzumab 440mg,Trastuzumab,1 Units in Vial,Injection,Emcure Pharmaceuticals Ltd,cancer-medicines,Monoclonal antibodies,TRUE,TRUE,TRUE,SCHEDULE H,,61289,TRUE,1543,live,61289,15322.25,75,true,3,,20
4122718,Vivitra 375 Mg Injection,vivitra-375-mg-injection-1-no-s-4122718,Trastuzumab 375mg,Trastuzumab,1 Units in Dry Vial,Powder For Injection,Zydus Healthcare Limited,cancer-medicines,Monoclonal antibodies,TRUE,TRUE,TRUE,SCHEDULE H,,13895,TRUE,1544,live,13895,11254.95,19,true,3,,20
4122356,Eleftha 150Mg Dry Vial Of 1 Powder For Injection,eleftha-150-mg-injection-1-no-s-4122356,Trastuzumab 150mg,Trastuzumab,1 Units in Dry Vial,Powder For Injection,Intas Pharmaceuticals Ltd,cancer-medicines,Monoclonal antibodies,TRUE,TRUE,TRUE,SCHEDULE H,,6925,TRUE,1545,live,6925,3878,44,true,3,,20
4121837,Cetuxa 100 Mg Infusion 20 Ml,cetuxa-100-mg-infusion-20-ml-4121837,Cetuximab 100mg,Cetuximab,20 Ml in Vial,Infusion,Alkem Laboratories Ltd,cancer-medicines,Monoclonal antibodies,TRUE,TRUE,TRUE,SCHEDULE H,,9990,TRUE,1546,live,9990,8791.2,12,true,3,,20
4121178,Opdyta 100Mg Vial Of 10Ml Solution For Infusion,opdyta-100-mg-injection-10-ml-4121178,Nivolumab 10mg/ml,Nivolumab,10 Ml in Vial,Solution For Infusion,Bristol-Myers Squibb Pvt Ltd,cancer-medicines,Monoclonal antibodies,TRUE,TRUE,TRUE,SCHEDULE H,,99500,TRUE,1547,live,99500,89550,10,false,2,Out of Stock,20
4120804,Bevarest 400Mg Vial Of 16Ml Solution For Injection,bevarest-400-injection-16-ml-4120804,Bevacizumab(400.0 Mg/16Ml),Bevacizumab,16 Ml in Vial,Solution For Injection,Emcure Pharmaceuticals Ltd,cancer-medicines,Monoclonal antibodies,TRUE,TRUE,TRUE,SCHEDULE H,,48300,TRUE,1548,live,48300,20769,57,true,3,,20
4119600,Ritucad 500 Injection,ritucad-500-injection-1-no-s-4119600,Rituximab 500mg,Rituximab,1 Units in Vial,Injection,Cadila Pharmaceuticals Limited,cancer-medicines,Monoclonal antibodies,TRUE,TRUE,TRUE,SCHEDULE H,,46042,TRUE,1549,live,46042,41437.8,10,false,2,Out of Stock,20
4120247,Nab Altaxel 100 Mg Injection,nab-altaxel-100-mg-injection-1-no-s-4120247,Paclitaxel 100mg,Paclitaxel,1 Units in Vial,Injection,Alkem Laboratories Ltd,cancer-medicines,Mitotic inhibitors,TRUE,TRUE,FALSE,SCHEDULE H,,5930,TRUE,1550,live,5930,4328.9,27,true,3,,20
4118768,Cytax Nab 100Mg Dry Vial Of 1 Powder For Injection,cytax-nab-100-mg-injection-20-ml-4118768,Paclitaxel 100mg,Paclitaxel,1 Units in Dry Vial,Powder For Injection,Intas Pharmaceuticals Ltd,cancer-medicines,Mitotic inhibitors,TRUE,TRUE,FALSE,SCHEDULE H,,6390,TRUE,1551,live,6390,5175.9,19,true,3,,20
4119188,Herti 150 Injection,herti-150-injection-1-no-s-4119188,Trastuzumab 150mg,Trastuzumab,1 Units in Dry Vial,Powder For Injection,Hetero Healthcare Limited,cancer-medicines,Monoclonal antibodies,TRUE,TRUE,TRUE,SCHEDULE H,,17385,TRUE,1552,live,17385,3477,80,true,3,,20
4118264,Advamab 400Mg Vial Of 16Ml Solution For Infusion,advamab-400-injection-1-no-s-4118264,Bevacizumab(400.0 Mg/16Ml),Bevacizumab,16 Ml in Vial,Solution For Infusion,Alkem Laboratories Ltd,cancer-medicines,Monoclonal antibodies,TRUE,TRUE,TRUE,SCHEDULE H,,45870,TRUE,1553,live,45870,18348,60,true,3,,20
4118485,Novotaxel 80 Mg Injection,novotaxel-80-mg-injection-1-no-s-4118485,Docetaxel 80mg,Docetaxel,1 Units in Vial,Injection,Therdose Pharma Private Limited,cancer-medicines,Mitotic inhibitors,TRUE,TRUE,FALSE,SCHEDULE H,,16940,TRUE,1554,live,16940,10164,40,true,3,,20
4122824,Nab Taxhal 100 Mg Injection,nab-taxhal-100-mg-injection-1-no-s-4122824,Paclitaxel Nanoparticle 100mg,Paclitaxel Nanoparticle,1 Units in Dry Vial,Powder For Injection,Halsted Pharma,cancer-medicines,Mitotic inhibitors,TRUE,TRUE,FALSE,SCHEDULE H,,12000,TRUE,1555,live,12000,3120,74,true,3,,20
4118074,Adpaxil 300 Mg Injection 50 Ml,adpaxil-300-mg-injection-50-ml-4118074,Paclitaxel 300mg,Paclitaxel,50 Ml in Vial,Injection,Adley Formulation,cancer-medicines,Mitotic inhibitors,TRUE,TRUE,FALSE,SCHEDULE H,,12050,TRUE,1556,live,12050,6868.5,43,true,3,,20
4121411,Gros 260 Mg Injection 1 Ml,gros-260-mg-injection-1-ml-4121411,Paclitaxel 260mg,Paclitaxel,1 Ml in Vial,Injection,Emcure Pharmaceuticals Ltd,cancer-medicines,Mitotic inhibitors,TRUE,TRUE,FALSE,SCHEDULE H,,10636.50,TRUE,1557,live,10636.5,8190.11,23,true,3,,20
4117122,D Tail 20 Injection,d-tail-20-injection-1-no-s-4117122,Docetaxel 20mg,Docetaxel,1 Units in Vial,Injection,Khandelwal Laboratories Ltd,cancer-medicines,Mitotic inhibitors,TRUE,TRUE,TRUE,SCHEDULE H,,3342,TRUE,1558,live,3342,1136.28,66,true,3,,20
4120563,Eleftha 375Mg Dry Vial Of 1 Powder For Infusion,eleftha-375-injection-20-ml-4120563,Trastuzumab 375mg,Trastuzumab,1 Units in Dry Vial,Powder For Infusion,Intas Pharmaceuticals Ltd,cancer-medicines,Monoclonal antibodies,TRUE,TRUE,TRUE,SCHEDULE H,,14990,TRUE,1559,live,14990,10193.2,32,true,3,,20
4119652,Bdnab 100Mg Dry Vial Of 1 Powder For Injection,bdnab-100-mg-injection-10-ml-4119652,Paclitaxel 100mg + Human Albumin 900mg,Paclitaxel+Human Albumin,1 Units in Dry Vial,Powder For Injection,Bdr Pharmaceuticals Internationals Pvt Ltd,cancer-medicines,Mitotic inhibitors,TRUE,TRUE,FALSE,SCHEDULE H,,9900,TRUE,1560,live,9900,3960,60,false,2,Out of Stock,20
4117793,Paclither 100 Injection 16.67 Ml,paclither-100-injection-16-67-ml-4117793,Paclitaxel 100mg,Paclitaxel,16.67 Ml in Vial,Injection,Therdose Pharma Private Limited,cancer-medicines,Mitotic inhibitors,TRUE,TRUE,FALSE,SCHEDULE H,,3900,TRUE,1561,live,3900,2028,48,true,3,,20
4116484,Paclitax Nab 100 Mg Injection 20 Ml,paclitax-nab-100-mg-injection-20-ml-4116484,Paclitaxel 100mg,Paclitaxel,20 Ml in Vial,Injection,Cipla Limited,cancer-medicines,Mitotic inhibitors,TRUE,TRUE,FALSE,SCHEDULE H,,7484,TRUE,1562,live,7484,6286.56,16,true,3,,20
4118968,Novotaxel 20 Infusion 2 Ml,novotaxel-20-infusion-2-ml-4118968,Docetaxel 20mg,Docetaxel,2 Ml in Vial,Infusion,Therdose Pharma Private Limited,cancer-medicines,Mitotic inhibitors,TRUE,TRUE,FALSE,SCHEDULE H,,5808,TRUE,1563,live,5808,3426.72,41,true,3,,20
4115689,Bevarest 100Mg Vial Of 4Ml Solution For Infusion,bevarest-100-injection-1-no-s-4115689,Bevacizumab(100.0 Mg/4Ml),Bevacizumab,4 Ml in Vial,Solution For Infusion,Emcure Pharmaceuticals Ltd,cancer-medicines,Monoclonal antibodies,TRUE,TRUE,TRUE,SCHEDULE H,,15970,TRUE,1564,live,15970,7346.2,54,true,3,,20
4115068,Bevatas 300Mg Vial Of 12Ml Solution For Infusion,bevatas-300-injection-1-no-s-4115068,Bevacizumab 300mg,Bevacizumab,12 Ml in Vial,Solution For Infusion,Intas Pharmaceuticals Ltd,cancer-medicines,Monoclonal antibodies,TRUE,TRUE,TRUE,SCHEDULE H,,18000,TRUE,1565,live,18000,9000,50,true,3,,20
4116922,Lupitux Infusion 20 Ml,lupitux-infusion-20-ml-4116922,Cetuximab 100mg,Cetuximab,20 Ml in Vial,Infusion,Lupin,cancer-medicines,Monoclonal antibodies,TRUE,TRUE,TRUE,SCHEDULE H,,9990,TRUE,1566,live,9990,7992,20,false,2,Out of Stock,20
4117567,Trazumab 150 Mg Injection,trazumab-150-mg-injection-1-no-s-4117567,Trastuzumab 150mg,Trastuzumab,1 Units in Vial,Injection,Emcure Pharmaceuticals Ltd,cancer-medicines,Monoclonal antibodies,TRUE,TRUE,TRUE,SCHEDULE H,,24519,TRUE,1567,live,24519,18879.63,23,true,3,,20
4116893,Nabcure 100 Mg Injection 100 Ml,nabcure-100-mg-injection-100-ml-4116893,Paclitaxel 100mg,Paclitaxel,100 Ml in Dry Vial,Powder For Injection,Emcure Pharmaceuticals Ltd,cancer-medicines,Mitotic inhibitors,TRUE,TRUE,FALSE,SCHEDULE H,,10939,TRUE,1568,live,10939,8751.2,20,true,3,,20
4115050,Pacliaqualip 100 Injection,pacliaqualip-100-injection-1-no-s-4115050,Paclitaxel 100mg,Paclitaxel,1 Units in Vial,Injection,Intas Pharmaceuticals Ltd,cancer-medicines,Mitotic inhibitors,TRUE,TRUE,TRUE,SCHEDULE H,,10881,TRUE,1569,live,10881,8704.8,20,true,3,,20
4114491,D Tail 120 Mg Injection,d-tail-120-mg-injection-1-no-s-4114491,Docetaxel 120mg,Docetaxel,1 Units in Vial,Injection,Khandelwal Laboratories Ltd,cancer-medicines,Mitotic inhibitors,TRUE,TRUE,TRUE,SCHEDULE H,,12100,TRUE,1570,live,12100,3630,70,true,3,,20
4114116,Bevacizab 100Mg Vial Of 4Ml Solution For Infusion,bevacizab-100-mg-injection-4-ml-4114116,Bevacizumab(100.0 Mg/4Ml),Bevacizumab,4 Ml in Vial,Solution For Infusion,Abbott Healthcare Pvt Ltd,cancer-medicines,Monoclonal antibodies,TRUE,TRUE,TRUE,SCHEDULE H,,17990,TRUE,1571,live,17990,14212.1,21,false,2,Out of Stock,20
4113968,Priunta 440 Injection,priunta-440-injection-1-no-s-4113968,Trastuzumab 440mg,Trastuzumab,1 Units in Vial,Injection,Abbott Healthcare Pvt Ltd,cancer-medicines,Monoclonal antibodies,TRUE,TRUE,TRUE,SCHEDULE H,,54264,TRUE,1572,live,54264,17907.12,67,false,2,Out of Stock,20
4113983,Innocar 450Mg Vial Of 45Ml Injection,innocar-450-injection-1-no-s-4113983,Carboplatin 10mg/ml,Carboplatin,45 Ml in Vial,Injection,Bdr Pharmaceuticals Internationals Pvt Ltd,cancer-medicines,Alkylating and platinum agents,TRUE,TRUE,FALSE,SCHEDULE H,,2583,TRUE,1573,live,2583,1988.91,23,false,2,Out of Stock,20
3999258,Carbowemb 450Mg Vial Of 45Ml Injection,carbowemb-450mg-vial-of-45ml-injection-3999258,Carboplatin 10mg/ml,Carboplatin,45 Ml in Vial,Injection,Wembrace Biopharma Private Limited,cancer-medicines,Alkylating and platinum agents,TRUE,TRUE,FALSE,SCHEDULE H,,2977,TRUE,1574,live,2977,2679.3,10,true,3,,20
4003291,Phesgo 1200/600Mg Vial Of 15Ml Solution For Injection,phesgo-1200-600mg-vial-of-15ml-solution-for-injection-4003291,Trastuzumab 40mg/ml + Pertuzumab 80mg/ml,Pertuzumab+Trastuzumab,15 Ml in Vial,Solution For Injection,Roche Limited,cancer-medicines,Monoclonal antibodies,TRUE,TRUE,TRUE,SCHEDULE H,,535000,TRUE,1575,live,535000,449400,16,true,3,,20
4113803,Ritucad 100 Mg Injection 10 Ml,ritucad-100-mg-injection-10-ml-4113803,Rituximab 100mg,Rituximab,10 Ml in Vial,Injection,Cadila Pharmaceuticals Limited,cancer-medicines,Monoclonal antibodies,TRUE,TRUE,TRUE,SCHEDULE H,,8532,TRUE,1576,live,8532,7678.8,10,false,2,Out of Stock,20
3999246,Carbowemb 150Mg Vial Of 15Ml Injection,carbowemb-150mg-vial-of-15ml-injection-3999246,Carboplatin 10mg/ml,Carboplatin,15 Ml in Vial,Injection,Wembrace Biopharma Private Limited,cancer-medicines,Alkylating and platinum agents,TRUE,TRUE,FALSE,SCHEDULE H,,992,TRUE,1577,live,992,892.8,10,true,3,,20
4002443,Ab Pacli 100Mg Dry Vial Of 1 Powder For Injection,ab-pacli-100mg-dry-vial-of-1-powder-for-injection-4002443,Paclitaxel 100mg,Paclitaxel,1 Units in Dry Vial,Powder For Injection,Adley Formulation,cancer-medicines,Mitotic inhibitors,TRUE,TRUE,FALSE,SCHEDULE H,,7219,TRUE,1578,live,7219,4620.16,36,true,3,,20
4011378,Odensomab 60Mg Pre Filled Syringe Of 1Ml Injection,odensomab-60mg-pre-filled-syringe-of-1ml-injection-4011378,Denosumab 60mg/ml,Denosumab,1 Ml in Pre-Filled Syringe,Injection,Lupin,bone-and-joint-medicines|cancer-medicines,Osteoporosis,TRUE,FALSE,TRUE,SCHEDULE H,,19600.00,TRUE,1579,live,19600,8428,57,false,2,Out of Stock,20
3994866,Cyramza 100Mg Vial Of 10Ml Solution For Infusion,cyramza-100mg-vial-of-10ml-solution-for-infusion-3994866,Ramucirumab 10mg/ml,Ramucirumab,10 Ml in Vial,Solution For Infusion,Eli Lilly And Company,cancer-medicines,Monoclonal antibodies,TRUE,TRUE,TRUE,SCHEDULE H,,51546,TRUE,1580,live,51546,41236.8,20,true,3,,20
3995036,Tarzed 440Mg Dry Vial Of 20Ml Powder For Injection,tarzed-440mg-dry-vial-of-20ml-powder-for-injection-3995036,Trastuzumab 440mg,Trastuzumab,20 Ml in Dry Vial,Powder For Injection,Cadila Pharmaceuticals Limited,cancer-medicines,Monoclonal antibodies,TRUE,TRUE,TRUE,SCHEDULE H,,61289,TRUE,1581,live,61289,55160.1,10,false,2,Out of Stock,20
3994849,Phesgo 600/600Mg Vial Of 10Ml Solution For Injection,phesgo-600-600mg-vial-of-10ml-solution-for-injection-3994849,Pertuzumab 60mg/ml + Trastuzumab 60mg/ml,Pertuzumab+Trastuzumab,10 Ml in Vial,Solution For Injection,Roche Limited,cancer-medicines,Monoclonal antibodies,TRUE,TRUE,TRUE,SCHEDULE H,,280000,TRUE,1582,live,280000,232400,17,false,2,Out of Stock,20
3994844,Esentra 120Mg Vial Of 1.7Ml Solution For Injection,esentra-120mg-vial-of-1-7ml-solution-for-injection-3994844,Denosumab 70mg/ml,Denosumab,1.7 Ml in Vial,Solution For Injection,Intas Pharmaceuticals Ltd,cancer-medicines|bone-and-joint-medicines,Monoclonal antibodies,TRUE,TRUE,TRUE,SCHEDULE H,,29040,TRUE,1583,live,29947.5,10182.15,66,true,5,Guaranteed Delivery,20
3994793,Tecentriq 840Mg Vial Of 14Ml Solution For Infusion,tecentriq-840mg-vial-of-14ml-solution-for-infusion-3994793,Atezolizumab 60mg/ml,Atezolizumab,14 Ml in Vial,Solution For Infusion,Roche Limited,cancer-medicines,Monoclonal antibodies,TRUE,TRUE,TRUE,SCHEDULE H,,277708,TRUE,1584,live,277708,230497.64,17,true,3,,20
3918879,Hervycta Plus 440 Mg Injection,hervycta-plus-440-mg-injection-1-nos-3918879,Trastuzumab 440mg,Trastuzumab,1 Units in Vial,Injection,Dr Reddy'S Laboratories Ltd,cancer-medicines,Monoclonal antibodies,TRUE,TRUE,TRUE,SCHEDULE H,,40425,TRUE,1585,live,40425,29510.25,27,true,3,,20
3994835,Bavencio 200Mg Vial Of 10Ml Solution For Infusion,bavencio-200mg-vial-of-10ml-solution-for-infusion-3994835,Avelumab 20mg/ml,Avelumab,10 Ml in Vial,Solution For Infusion,Merck Limited,cancer-medicines,Monoclonal antibodies,TRUE,TRUE,TRUE,SCHEDULE H,,146800,TRUE,1586,live,146800,118908,19,true,3,,20
3918836,Versavo 100Mg Vial Of 4Ml Solution For Infusion,versavo-100-injection-4-ml-3918836,Bevacizumab(100.0 Mg/4Ml),Bevacizumab,4 Ml in Vial,Solution For Infusion,Dr Reddy'S Laboratories Ltd,cancer-medicines,Monoclonal antibodies,TRUE,TRUE,TRUE,SCHEDULE H,,7686,TRUE,1587,live,7686,4765.32,38,true,3,,20
3900213,Bryxta 300Mg Vial Of 12Ml Solution For Infusion,bryxta-300mg-vial-of-12ml-solution-for-infusion-3900213,Bevacizumab 300mg,Bevacizumab,12 Ml in Vial,Solution For Infusion,Zydus Lifesciences Limited,cancer-medicines,Monoclonal antibodies,TRUE,TRUE,TRUE,SCHEDULE H,,28995,TRUE,1588,live,28995,10728.15,63,true,3,,20
3885688,Ujvira 160Mg Dry Vial Of 1 Powder For Injection,ujvira-160mg-dry-vial-of-1-powder-for-injection-3885688,Trastuzumab Emtansine 160mg,Trastuzumab Emtansine,1 Units in Dry Vial,Powder For Injection,Zydus Lifesciences Limited,cancer-medicines,Monoclonal antibodies,TRUE,TRUE,TRUE,SCHEDULE H,,56992,TRUE,1589,live,56992,44453.76,22,true,3,,20
3885669,Ujvira 100Mg Dry Vial Of 1 Powder For Injection,ujvira-100mg-dry-vial-of-1-powder-for-injection-3885669,Trastuzumab Emtansine 100mg,Trastuzumab Emtansine,1 Units in Dry Vial,Powder For Injection,Zydus Lifesciences Limited,cancer-medicines,Monoclonal antibodies,TRUE,TRUE,TRUE,SCHEDULE H,,37044,TRUE,1590,live,37044,19633.32,47,true,3,,20
3822038,Denoci 120Mg Vial Of 1.7Ml Solution For Injection,denoci-120mg-vial-of-1-7ml-solution-for-injection-3822038,Denosumab 120mg,Denosumab,1.7 Ml in Vial,Solution For Injection,Cipla Limited,bone-and-joint-medicines|cancer-medicines,Osteoporosis,TRUE,TRUE,TRUE,SCHEDULE H,,31350.00,TRUE,1591,live,31350,15675,50,true,3,,20
3885723,Zytax 120Mg Vial Of 6Ml Solution For Infusion,zytax-120mg-vial-of-6ml-solution-for-infusion-3885723,Docetaxel 20mg/ml,Docetaxel,6 Ml in Vial,Solution For Infusion,Zydus Lifesciences Limited,cancer-medicines,Mitotic inhibitors,TRUE,TRUE,FALSE,SCHEDULE H,,13889,TRUE,1592,live,13889,3333.36,76,true,3,,20
39070,Carboplatin 450Mg Vial Of 45Ml Injection (Pfizer),carboplatin-450mg-inj-45ml-39070,Carboplatin 10mg/ml,Carboplatin,45 Ml in Vial,Injection,Pfizer Product India Private Limited,cancer-medicines,Alkylating and platinum agents,TRUE,TRUE,FALSE,SCHEDULE H,,2650,TRUE,1593,live,2650,2040.5,23,true,3,,20
3824414,Herclon 150Mg Dry Vial Of 1 Powder For Infusion,herclon-150mg-dry-vial-of-1-powder-for-infusion-3824414,Trastuzumab 150mg,Trastuzumab,1 Units in Dry Vial,Powder For Infusion,Cipla Limited,cancer-medicines,Monoclonal antibodies,TRUE,TRUE,TRUE,SCHEDULE H,,17390,TRUE,1594,live,17390,14433.7,17,true,3,,20
3731223,Bevacirel 100Mg Vial Of 4Ml Solution For Infusion,bevacirel-100-injection-4-ml-3731223,Bevacizumab(100.0 Mg/4Ml),Bevacizumab,4 Ml in Vial,Solution For Infusion,Reliance Life Science,cancer-medicines,Monoclonal antibodies,TRUE,TRUE,TRUE,SCHEDULE H,,19900,TRUE,1595,live,19900,4577,77,true,3,,20
3743110,Versavo 400Mg Vial Of 16Ml Solution For Infusion,versavo-injection-16-ml-3743110,Bevacizumab(400.0 Mg/16Ml),Bevacizumab,16 Ml in Vial,Solution For Infusion,Dr Reddy'S Laboratories Ltd,cancer-medicines,Monoclonal antibodies,TRUE,TRUE,TRUE,SCHEDULE H,,55005,TRUE,1596,live,55005,42353.85,23,true,3,,20
3734128,Hervycta Dry Vial Of 1 Powder For Injection,hervycta-injection-1-no-s-3734128,Trastuzumab 150mg,Trastuzumab,1 Units in Dry Vial,Powder For Injection,Dr Reddy'S Laboratories Ltd,cancer-medicines,Monoclonal antibodies,TRUE,TRUE,TRUE,SCHEDULE H,,6500,TRUE,1597,live,6500,5200,20,true,3,,20
3569502,Lupiximab 100Mg Vial Of 10Ml Solution For Injection,lupiximab-100mg-vial-of-10ml-injection-3569502,Rituximab(100.0 Mg/10Ml),Rituximab,10 Ml in Vial,Solution For Injection,Lupin,cancer-medicines,Monoclonal antibodies,TRUE,TRUE,TRUE,SCHEDULE H,,4074,TRUE,1598,live,4074,3014.76,26,false,2,Out of Stock,20
3714493,Erbitux 100Mg Vial Of 20Ml Solution For Infusion,erbitux-100-mg-injection-20-ml-3714493,Cetuximab 100mg,Cetuximab,20 Ml in Vial,Injection,Merck Limited,cancer-medicines,Monoclonal antibodies,TRUE,TRUE,TRUE,SCHEDULE H,,21250,TRUE,1599,live,21250,18062.5,15,true,3,,20
3732302,Cyramza 500Mg Vial Of 50Ml Injection,cyramza-500-mg-injection-50-ml-3732302,Ramucirumab 10mg/ml,Ramucirumab,50 Ml in Vial,Injection,Eli Lilly And Company,cancer-medicines,Monoclonal antibodies,TRUE,TRUE,TRUE,SCHEDULE H,,257532,TRUE,1600,live,257532,211176.24,18,true,3,,20
3441822,Eleftha 440Mg Vial Of 1 Powder For Injection,eleftha-440mg-vial-of-1-injection-3441822,Trastuzumab 440mg,Trastuzumab,1 Units in Dry Vial,Powder For Injection,Intas Pharmaceuticals Ltd,cancer-medicines,Monoclonal antibodies,TRUE,TRUE,TRUE,SCHEDULE H,,20482,TRUE,1601,live,19202.1,7488.82,61,true,3,,20
3731224,Bevacirel 400Mg Vial Of 16Ml Solution For Infusion,bevacirel-400-mg-injection-16-ml-3731224,Bevacizumab 400mg,Bevacizumab,16 Ml in Vial,Solution For Infusion,Reliance Life Science,cancer-medicines,Monoclonal antibodies,TRUE,TRUE,TRUE,SCHEDULE H,,62578,TRUE,1602,live,62578,18773.4,70,true,3,,20
3730256,Abevmy 400Mg Vial Of 16Ml Solution For Infusion,abevmy-400-mg-injection-16-ml-3730256,Bevacizumab(400.0 Mg/16Ml),Bevacizumab,16 Ml in Vial,Solution For Infusion,Eris Life Sciences Pvt Ltd,cancer-medicines,Monoclonal antibodies,TRUE,TRUE,TRUE,SCHEDULE H,,35120,TRUE,1603,live,35120,11238.4,68,true,3,,20
3104195,Hersima 440 Mg Injection,hersima-440-mg-injection-1-3104195,Trastuzumab 440mg,Trastuzumab,1 Ml in Vial,Injection,Alkem Laboratories Ltd,cancer-medicines,Monoclonal antibodies,TRUE,TRUE,TRUE,SCHEDULE H,,54663,TRUE,1604,live,54663,42090.51,23,true,3,,20
3103568,Enfiera 500Mg Vial Of 50Ml Injection,enfiera-500-mg-injection-1-3103568,Rituximab(500.0 Mg/50Ml),Rituximab,50 Ml in Vial,Injection,Zydus Lifesciences Limited,cancer-medicines,Monoclonal antibodies,TRUE,TRUE,TRUE,SCHEDULE H,,42659,TRUE,1605,live,40688.25,8137.65,80,true,5,Guaranteed Delivery,20
3103567,Enfiera 100 Mg Injection,enfiera-100-mg-injection-1-3103567,Rituximab 100mg,Rituximab,1 Ml in Vial,Injection,Zydus Lifesciences Limited,cancer-medicines,Monoclonal antibodies,TRUE,TRUE,TRUE,SCHEDULE H,,8532,TRUE,1606,live,8532,5204.52,39,true,3,,20
3734127,Hervycta 440 Dry Vial Of 1 Powder For Injection,hervycta-440-injection-1-no-s-3734127,Trastuzumab 440mg,Trastuzumab,1 Units in Dry Vial,Powder For Injection,Dr Reddy'S Laboratories Ltd,cancer-medicines,Monoclonal antibodies,TRUE,TRUE,TRUE,SCHEDULE H,,18900,TRUE,1607,live,18900,14553,23,true,3,,20
3731225,Bevacizab 400Mg Vial Of 16Ml Solution For Infusion,bevacizab-400-mg-injection-16-ml-3731225,Bevacizumab(400.0 Mg/16Ml),Bevacizumab,16 Ml in Vial,Solution For Infusion,Abbott Healthcare Pvt Ltd,cancer-medicines,Monoclonal antibodies,TRUE,TRUE,TRUE,SCHEDULE H,,53889,TRUE,1608,live,53889,36105.63,33,false,2,Out of Stock,20
3103051,Cizumab 400Mg Vial Of 16Ml Solution For Infusion,cizumab-400-mg-injection-1-3103051,Bevacizumab 400mg,Bevacizumab,16 Ml in Vial,Solution For Infusion,Hetero Healthcare Limited,cancer-medicines,Monoclonal antibodies,TRUE,TRUE,TRUE,SCHEDULE H,,52800,TRUE,1609,live,52800,39600,25,true,3,,20
3101975,Abevmy 100Mg Vial Of 4Ml Solution For Infusion,abevmy-100-mg-injection-1-3101975,Bevacizumab(100.0 Mg/4Ml),Bevacizumab,4 Ml in Vial,Solution For Infusion,Eris Life Sciences Pvt Ltd,cancer-medicines,Monoclonal antibodies,TRUE,TRUE,TRUE,SCHEDULE H,,13451,TRUE,1610,live,24000,10560,56,true,3,,20
3102389,Avastin 400Mg Vial Of 16Ml Solution For Infusion,avastin-400-mg-injection-16-ml-3102389,Bevacizumab 400mg,Bevacizumab,16 Ml in Vial,Solution For Infusion,Roche Products India Private Limited,cancer-medicines,Monoclonal antibodies,TRUE,TRUE,TRUE,SCHEDULE H,,123506,TRUE,1611,live,123506,96334.68,22,true,3,,20
23547,Ristova 100Mg Vial Of 10Ml Solution For Infusion,ristova-100mg-inj-23547,Rituximab 10mg/ml,Rituximab,10 Ml in Vial,Solution For Infusion,Cipla Limited,cancer-medicines,Monoclonal antibodies,TRUE,TRUE,TRUE,SCHEDULE H,,8530,TRUE,1612,live,8530,8188.8,4,true,3,,20
234940,Neuzumab 440Mg Injection 20Ml,neuzumab-440mg-injection-20ml-234940,Trastuzumab 440mg,Trastuzumab,20 Ml in Vial,Injection,Lupin,cancer-medicines,Monoclonal antibodies,TRUE,TRUE,TRUE,SCHEDULE H,,19800,TRUE,1613,live,19800,14850,25,false,2,Out of Stock,20
23548,Ristova 500Mg Vial Of 50Ml Solution For Infusion,ristova-500mg-injection-50ml-23548,Rituximab 500mg,Rituximab,50 Ml in Vial,Solution For Infusion,Cipla Limited,cancer-medicines,Monoclonal antibodies,TRUE,TRUE,TRUE,SCHEDULE H,,42650,TRUE,1614,live,42650,35399.5,17,true,3,,20
237262,Opdyta 40Mg Vial Of 4Ml Solution For Infusion,opdyta-40mg-vial-of-4ml-injection-237262,Nivolumab 10mg/ml,Nivolumab,4 Ml in Vial,Solution For Infusion,Bristol-Myers Squibb Pvt Ltd,cancer-medicines,Monoclonal antibodies,TRUE,TRUE,TRUE,SCHEDULE H,,43780,TRUE,1615,live,43780,43780,0,true,3,,20
3102685,Bryxta 400Mg Vial Of 16Ml Suspension For Infusion,bryxta-400-mg-injection-16-ml-3102685,Bevacizumab(400.0 Mg/16Ml),Bevacizumab,16 Ml in Vial,Suspension For Infusion,Zydus Lifesciences Limited,cancer-medicines,Monoclonal antibodies,TRUE,TRUE,TRUE,SCHEDULE H,,63995,TRUE,1616,live,63995,8959.3,86,true,5,Guaranteed Delivery,20
232442,Pacshil 30Mg Injection 5Ml,pacshil-30mg-injection-5ml-232442,Paclitaxel 6mg,Paclitaxel,5 Ml in Vial,Injection,Shilpa Medicare Limited,cancer-medicines,Mitotic inhibitors,TRUE,TRUE,FALSE,SCHEDULE H,,1206,TRUE,1617,live,1206,928.62,23,true,3,,20
232210,Pacshil 100Mg Injection 16.7Ml,pacshil-100mg-injection-16-7ml-232210,Paclitaxel 100mg,Paclitaxel,16.7 Ml in Vial,Injection,Shilpa Medicare Limited,cancer-medicines,Mitotic inhibitors,TRUE,TRUE,FALSE,SCHEDULE H,,3787,TRUE,1618,live,3787,2915.99,23,false,2,Out of Stock,20
232219,Pacshil 260Mg Injection 43.4Ml,pacshil-260mg-injection-43-4ml-232219,Paclitaxel 260mg,Paclitaxel,43.4 Ml in Vial,Injection,Shilpa Medicare Limited,cancer-medicines,Mitotic inhibitors,TRUE,TRUE,FALSE,SCHEDULE H,,10472,TRUE,1619,live,10472,1570.8,85,true,3,,20
3102684,Bryxta 100Mg Vial Of 4Ml Solution For Infusion,bryxta-100-mg-injection-4-ml-3102684,Bevacizumab(100.0 Mg/4Ml),Bevacizumab,4 Ml in Vial,Solution For Infusion,Zydus Lifesciences Limited,cancer-medicines,Monoclonal antibodies,TRUE,TRUE,TRUE,SCHEDULE H,,21995,TRUE,1620,live,21995,5718.7,74,true,3,,20
217713,Keytruda 100Mg Vial Of 4Ml Injection,keytruda-100mg-inj-1-s-217713,Pembrolizumab(100.0 Mg/4Ml),Pembrolizumab,4 Ml in Vial,Injection,Msd Pharmaceuticals Indian Private Ltd,cancer-medicines,Monoclonal antibodies,TRUE,TRUE,TRUE,SCHEDULE H,,216500,TRUE,1621,live,216500,188355,13,true,3,,10
208970,Nanopacli 100Mg Injection,nanopacli-100mg-inj-208970,Paclitaxel 100mg,Paclitaxel,1 Units in Vial,Injection,Abbott Healthcare Pvt Ltd,cancer-medicines,Mitotic inhibitors,TRUE,TRUE,TRUE,SCHEDULE H,,8780,TRUE,1622,live,8780,5092.4,42,true,3,,6
208687,Prolia 60Mg Pre Filled Syringe Of 1Ml Solution For Injection,prolia-60mg-pre-filled-syringe-injection-1ml-208687,Denosumab 60mg,Denosumab,1 Ml in Pre-Filled Syringe,Solution For Injection,Dr Reddy'S Laboratories Ltd,bone-and-joint-medicines|cancer-medicines,Osteoporosis,TRUE,TRUE,TRUE,SCHEDULE H,,21000,TRUE,1623,live,19687.5,14765.62,25,true,3,,3
209093,Krabeva 400Mg Vial Of 16Ml Solution For Infusion,krabeva-400mg-16ml-inj-1-s-209093,Bevacizumab(400.0 Mg/16Ml),Bevacizumab,16 Ml in Vial,Solution For Infusion,Eris Life Sciences Pvt Ltd,cancer-medicines,Monoclonal antibodies,TRUE,TRUE,TRUE,SCHEDULE H,,43212,TRUE,1624,live,43212,11235.12,74,true,3,,3
203820,Kadcyla 160 Mg Injection,kadcyla-160-mg-injection-1-203820,Ado-Trastuzumab Emtansine 160mg,Ado-Trastuzumab Emtansine,1 G in Injection,Injection,Roche Limited,cancer-medicines,Monoclonal antibodies,TRUE,TRUE,TRUE,SCHEDULE H,,275211,TRUE,1625,live,275211,239433.57,13,false,2,Out of Stock,3
205123,Canmab 440 Mg Injection 1 Ml,canmab-440-mg-injection-1-ml-205123,Trastuzumab 440mg,Trastuzumab,1 Ml in Injection,Injection,Eris Life Sciences Pvt Ltd,cancer-medicines,Monoclonal antibodies,TRUE,TRUE,TRUE,SCHEDULE H,,61288,TRUE,1626,live,61288,12257.6,80,true,3,,20
205124,Hertraz 150Mg Vial Of 0.15Gm Powder For Injection,hertraz-150-mg-injection-1-205124,Trastuzumab 150mg,Trastuzumab,1 Units in Vial,Powder For Injection,Eris Life Sciences Pvt Ltd,cancer-medicines,Monoclonal antibodies,TRUE,TRUE,TRUE,SCHEDULE H,,19500,TRUE,1627,live,19500,5265,73,true,3,,20
205125,Hertraz 440Mg Dry Vial Of 1 Powder For Injection,hertraz-440-mg-injection-1-205125,Trastuzumab 440mg,Trastuzumab,1 Units in Dry Vial,Powder For Injection,Eris Life Sciences Pvt Ltd,cancer-medicines,Monoclonal antibodies,TRUE,TRUE,TRUE,SCHEDULE H,,54663,TRUE,1628,live,54663,12025.86,78,true,3,,10
201633,Perjeta 420Mg Vial Of 14Ml Solution For Infusion,perjeta-420-mg-injection-14-ml-201633,Pertuzumab 30mg/ml,Pertuzumab,14 Ml in Vial,Solution For Infusion,Roche Limited,cancer-medicines,Monoclonal antibodies,TRUE,TRUE,TRUE,SCHEDULE H,,275562,TRUE,1629,live,275562,228716.46,17,true,3,,20
205402,Carbotero 150Mg Vial Of 15Ml Injection,carbotero-150-mg-injection-15-ml-205402,Carboplatin 10mg/ml,Carboplatin,15 Ml in Vial,Injection,Hetero Healthcare Limited,cancer-medicines,Alkylating and platinum agents,TRUE,TRUE,FALSE,SCHEDULE H,,992,TRUE,1630,live,992,744,25,true,3,,20
205274,Bevatas 100Mg Vial Of 4Ml Solution For Infusion,bevatas-100-mg-injection-4-ml-205274,Bevacizumab(100.0 Mg/4Ml),Bevacizumab,4 Ml in Vial,Solution For Infusion,Intas Pharmaceuticals Ltd,cancer-medicines,Monoclonal antibodies,TRUE,TRUE,TRUE,SCHEDULE H,,13516,TRUE,1631,live,13516,5676.72,58,true,3,,3
205403,Carbotero 450Mg Vial Of 45Ml Injection,carbotero-450-mg-injection-45-ml-205403,Carboplatin 10mg/ml,Carboplatin,45 Ml in Vial,Injection,Hetero Healthcare Limited,cancer-medicines,Alkylating and platinum agents,TRUE,TRUE,FALSE,SCHEDULE H,,2977,TRUE,1632,live,2977,2232.75,25,true,3,,20
205275,Cizumab 100Mg Vial Of 4Ml Solution For Infusion,cizumab-100-mg-injection-1-205275,Bevacizumab(25.0 Mg/4Ml),Bevacizumab,4 Ml in Vial,Solution For Infusion,Hetero Healthcare Limited,cancer-medicines,Monoclonal antibodies,TRUE,TRUE,TRUE,SCHEDULE H,,14300,TRUE,1633,live,14300,7150,50,true,3,,20
201237,Doceaqualip 20Mg Dry Vial Of 1 Powder For Injection,doceaqualip-20mg-injection-1-s-201237,Docetaxel 20mg,Docetaxel,1 Units in Dry Vial,Powder For Injection,Intas Pharmaceuticals Ltd,cancer-medicines,Mitotic inhibitors,TRUE,TRUE,TRUE,SCHEDULE H,,5178,TRUE,1634,live,5178,3521.04,32,true,3,,10
205127,Vivitra 150 Mg Injection,vivitra-150-mg-injection-1-ml-205127,Trastuzumab 150mg,Trastuzumab,1 Ml in Injection,Injection,Zydus Lifesciences Limited,cancer-medicines,Monoclonal antibodies,TRUE,TRUE,TRUE,SCHEDULE H,,9995,TRUE,1635,live,9995,4497.75,55,true,3,,20
200867,Tubitere Novo 20 Mg Injection,tubitere-novo-20-mg-injection-1-200867,Docetaxel 20mg,Docetaxel,5 Units in Injection,Injection,Alkem Laboratories Ltd,cancer-medicines,Mitotic inhibitors,TRUE,TRUE,FALSE,SCHEDULE H,,2865,TRUE,1636,live,2865,2206.05,23,true,3,,20
201287,Doceaqualip 80Mg Dry Vial Of 1 Powder For Injection,doceaqualip-80mg-injection-1-s-201287,Docetaxel 80mg,Docetaxel,1 Units in Dry Vial,Powder For Injection,Intas Pharmaceuticals Ltd,cancer-medicines,Mitotic inhibitors,TRUE,TRUE,TRUE,SCHEDULE H,,20710,TRUE,1637,live,20710,8076.9,61,true,3,,10
200865,Tubitere Novo 120 Mg Injection,tubitere-novo-120-mg-injection-1-200865,Docetaxel 120mg,Docetaxel,10 Units in Injection,Injection,Alkem Laboratories Ltd,cancer-medicines,Mitotic inhibitors,TRUE,TRUE,FALSE,SCHEDULE H,,14550,TRUE,1638,live,14550,11203.5,23,true,3,,20
199885,Docetero 80 Mg Injection 2 Ml,docetero-80-mg-injection-2-ml-199885,Docetaxel 80mg,Docetaxel,2 Ml in Injection,Solution For Injection,Hetero Healthcare Limited,cancer-medicines,Mitotic inhibitors,TRUE,TRUE,TRUE,SCHEDULE H,,12013,TRUE,1639,live,12013,1441.56,88,true,3,,20
205277,Bevatas 400Mg Vial Of 16Ml Solution For Infusion,bevatas-400-mg-injection-16-ml-205277,Bevacizumab 400mg,Bevacizumab,16 Ml in Vial,Solution For Infusion,Intas Pharmaceuticals Ltd,cancer-medicines,Monoclonal antibodies,TRUE,TRUE,TRUE,SCHEDULE H,,51810,TRUE,1640,live,56991,11968.11,79,true,3,,10
199854,Mabtas T 500Mg Vial Of 50Ml Solution For Infusion,mabtas-t-500-mg-injection-50-ml-199854,Rituximab 10mg/ml,Rituximab,50 Ml in Vial,Solution For Infusion,Intas Pharmaceuticals Ltd,cancer-medicines,Monoclonal antibodies,TRUE,TRUE,TRUE,SCHEDULE H,,42659,TRUE,1641,live,42659,20049.73,53,true,3,,20
199884,Docetero 20 Mg Injection 0.5 Ml,docetero-20-mg-injection-0-5-ml-199884,Docetaxel 20mg,Docetaxel,0.5 Ml in Injection,Injection,Hetero Healthcare Limited,cancer-medicines,Mitotic inhibitors,TRUE,TRUE,TRUE,SCHEDULE H,,3212,TRUE,1642,live,3212,674.52,79,true,3,,20
199857,Mabtas N 500Mg Vial Of 50Ml Solution For Infusion,mabtas-n-500-mg-injection-50-ml-199857,Rituximab 10mg/ml,Rituximab,50 Ml in Vial,Solution For Infusion,Intas Pharmaceuticals Ltd,cancer-medicines,Monoclonal antibodies,TRUE,TRUE,TRUE,SCHEDULE H,,47162.08,TRUE,1643,live,47162.08,12733.76,73,true,3,,20
199850,Mabtas Ra 500Mg Vial Of 50Ml Solution For Infusion,mabtas-ra-500-mg-injection-50-ml-199850,Rituximab 500mg,Rituximab,10 Units in Injection,Injection,Intas Pharmaceuticals Ltd,cancer-medicines,Monoclonal antibodies,TRUE,TRUE,TRUE,SCHEDULE H,,42659,TRUE,1644,live,42659,10664.75,75,true,3,,20
199551,Toritz 100 Mg Injection,toritz-100-mg-injection-199551,Rituximab 100mg,Rituximab,10 Ml in Injection,Injection,Torrent Pharmaceuticals Ltd,cancer-medicines,Monoclonal antibodies,TRUE,TRUE,TRUE,SCHEDULE H,,8531,TRUE,1645,live,8531,3156.47,63,true,3,,10
199544,Toritz 500 Mg Injection,toritz-500-mg-injection-1-199544,Rituximab 500mg,Rituximab,4 Units in Injection,Injection,Torrent Pharmaceuticals Ltd,cancer-medicines,Monoclonal antibodies,TRUE,TRUE,TRUE,SCHEDULE H,,38088,TRUE,1646,live,38088,14092.56,63,true,3,,10
199320,Maball 500Mg Injection 50Ml,maball-500mg-injection-50ml-199320,Rituximab 500mg,Rituximab,50 Ml in Vial,Injection,Hetero Healthcare Limited,cancer-medicines,Monoclonal antibodies,TRUE,TRUE,TRUE,SCHEDULE H,,40169,TRUE,1647,live,40169,10845.63,73,true,3,,20
207969,Tecentriq 1200Mg Vial Of 20Ml Solution For Infusion,tecentriq-1200mg-20ml-inj-1-s-207969,Atezolizumab 60mg/ml,Atezolizumab,20 Ml in Vial,Solution For Infusion,Roche Limited,cancer-medicines,Monoclonal antibodies,TRUE,TRUE,TRUE,SCHEDULE H,,396725,TRUE,1648,live,396725,329281.75,17,true,3,,20
205278,Krabeva 100Mg Vial Of 4Ml Solution For Infusion,krabeva-100-mg-injection-4-ml-205278,Bevacizumab(100.0 Mg/4Ml),Bevacizumab,4 Ml in Vial,Solution For Infusion,Eris Life Sciences Pvt Ltd,cancer-medicines,Monoclonal antibodies,TRUE,TRUE,TRUE,SCHEDULE H,,14752,TRUE,1649,live,14752,8851.2,40,true,3,,20
205126,Vivitra 440Mg Dry Vial Of 1 Powder For Injection,vivitra-440-mg-injection-1-205126,Trastuzumab 440mg,Trastuzumab,1 Units in Dry Vial,Powder For Injection,Zydus Lifesciences Limited,cancer-medicines,Monoclonal antibodies,TRUE,TRUE,TRUE,SCHEDULE H,,40754,TRUE,1650,live,40754,31380.58,23,true,3,,10
199849,Mabtas T 100 Mg Injection 10 Ml,mabtas-t-100-mg-injection-10-ml-199849,Rituximab 100mg,Rituximab,10 Ml in Injection,Injection,Intas Pharmaceuticals Ltd,cancer-medicines,Monoclonal antibodies,TRUE,TRUE,TRUE,SCHEDULE H,,8532,TRUE,1651,live,8532,6569.64,23,true,3,,20
199883,Docetero 120 Mg Injection 3 Ml,docetero-120-mg-injection-3-ml-199883,Docetaxel 120mg,Docetaxel,1 Units in Injection,Injection,Hetero Healthcare Limited,cancer-medicines,Mitotic inhibitors,TRUE,TRUE,TRUE,SCHEDULE H,,15450,TRUE,1652,live,15450,5562,64,true,3,,20
199317,Maball 100 Mg Injection,maball-100-mg-injection-1-199317,Rituximab 100mg,Rituximab,10 Units in Injection,Injection,Hetero Healthcare Limited,cancer-medicines,Monoclonal antibodies,TRUE,TRUE,TRUE,SCHEDULE H,,8100,TRUE,1653,live,8100,4131,49,true,3,,20
205128,Kadcyla 100Mg Dry Vial Of 1 Powder For Injection,kadcyla-100-mg-injection-1-205128,Ado-Trastuzumab Emtansine 100mg,Ado-Trastuzumab Emtansine,1 Units in Dry Vial,Powder For Injection,Roche Limited,cancer-medicines,Monoclonal antibodies,TRUE,TRUE,TRUE,SCHEDULE H,,171963,TRUE,1654,live,171963,137570.4,20,false,2,Out of Stock,3
198359,Bevetex 300 Mg Injection,bevetex-300-mg-injection-1-198359,Paclitaxel 300mg,Paclitaxel,10 Units in Injection,Injection,Sun Pharma,cancer-medicines,Mitotic inhibitors,TRUE,TRUE,FALSE,SCHEDULE H,,37000,TRUE,1655,live,37000,31450,15,true,3,,20
198358,Bevetex 100Mg Vial Of 0.91Ml Injection,bevetex-100-mg-injection-1-198358,Paclitaxel 100mg,Paclitaxel,0.91 Ml in Vial,Injection,Sun Pharma,cancer-medicines,Mitotic inhibitors,TRUE,TRUE,FALSE,SCHEDULE H,,12500,TRUE,1656,live,12500,9625,23,true,3,,20
198353,Cytax 260 Mg Injection 43.4 Ml,cytax-260-mg-injection-43-4-ml-198353,Paclitaxel 260mg,Paclitaxel,10 Units in Injection,Injection,Intas Pharmaceuticals Ltd,cancer-medicines,Mitotic inhibitors,TRUE,TRUE,FALSE,SCHEDULE H,,10458,TRUE,1657,live,10458,5961.06,43,true,3,,20
198354,Taxonab 100Mg Vial Of 1 Powder For Infusion,taxonab-100-mg-injection-100-ml-198354,Paclitaxel 100mg + Human Albumin(900.0 Mg/20Ml),Paclitaxel+Human Albumin,1 Units in Vial,Powder For Infusion,Zydus Lifesciences Limited,cancer-medicines,Mitotic inhibitors,TRUE,TRUE,FALSE,SCHEDULE H,,9830,TRUE,1658,live,9830,8355.5,15,false,2,Out of Stock,20
198350,Altaxel Nova 300 Mg Injection,altaxel-nova-300-mg-injection-1-198350,Paclitaxel 300mg,Paclitaxel,6 Units in Injection,Injection,Alkem Laboratories Ltd,cancer-medicines,Mitotic inhibitors,TRUE,TRUE,FALSE,SCHEDULE H,,11482,TRUE,1659,live,11482,8841.14,23,true,3,,20
198349,Altaxel Nova 260 Mg Injection,altaxel-nova-260-mg-injection-1-198349,Paclitaxel 260mg,Paclitaxel,10 Units in Injection,Injection,Alkem Laboratories Ltd,cancer-medicines,Mitotic inhibitors,TRUE,TRUE,FALSE,SCHEDULE H,,10006,TRUE,1660,live,10006,7904.74,21,true,3,,20
198362,Pacliaqualip 30 Mg Injection,pacliaqualip-30-mg-injection-1-198362,Paclitaxel 30mg,Paclitaxel,10 Units in Injection,Injection,Intas Pharmaceuticals Ltd,cancer-medicines,Mitotic inhibitors,TRUE,TRUE,TRUE,SCHEDULE H,,3300,TRUE,1661,live,3300,2475,25,true,3,,20
198351,Altaxel Nova 30Mg Vial Of 5Ml Injection,altaxel-nova-30mg-inj-5ml-198351,Paclitaxel 30mg,Paclitaxel,5 Ml in Vial,Injection,Alkem Laboratories Ltd,cancer-medicines,Mitotic inhibitors,TRUE,TRUE,FALSE,SCHEDULE H,,1148,TRUE,1662,live,1148,918.4,20,true,3,,20
198332,Gros 100 Mg Injection 16.7 Ml,gros-100-mg-injection-16-7-ml-198332,Paclitaxel 100mg,Paclitaxel,16.7 Ml in Injection,Injection,Emcure Pharmaceuticals Ltd,cancer-medicines,Mitotic inhibitors,TRUE,TRUE,FALSE,SCHEDULE H,,4022,TRUE,1663,live,4022,3096.94,23,true,3,,3
179772,Paclitero 100Mg Injection,paclitero-100mg-inj-179772,Paclitaxel 100mg,Paclitaxel,16.7 Ml in Injection,Injection,Hetero Healthcare Limited,cancer-medicines,Mitotic inhibitors,TRUE,TRUE,FALSE,SCHEDULE H,,4029,TRUE,1664,live,4029,3102.33,23,true,3,,20
181862,Trasturel 150Mg Injection,trasturel-150mg-inj-181862,Trastuzumab 150mg,Trastuzumab,12 Ml in Injection,Injection,Reliance Life Science,cancer-medicines,Monoclonal antibodies,TRUE,TRUE,TRUE,SCHEDULE H,,38974,TRUE,1665,live,38974,10522.98,73,true,3,,20
155563,Rituxirel 500Mg Vial Of 50Ml Injection,rituxirel-500mg-inj-155563,Rituximab(500.0 Mg/50Ml),Rituximab,50 Ml in Vial,Injection,Reliance Life Science,cancer-medicines,Monoclonal antibodies,TRUE,TRUE,TRUE,SCHEDULE H,,42659,TRUE,1666,live,40952,7780.88,81,true,5,Guaranteed Delivery,10
165545,Docemax 120Mg Injection,docemax-120mg-inj-165545,Docetaxel 120mg,Docetaxel,3 Ml in Injection,Injection,Gls Pharma Ltd,cancer-medicines,Mitotic inhibitors,TRUE,TRUE,TRUE,SCHEDULE H,,14916,TRUE,1667,live,14916,13424.4,10,false,2,Out of Stock,20
198331,Gros 30 Mg Injection 5 Ml,gros-30-mg-injection-5-ml-198331,Paclitaxel 30mg,Paclitaxel,5 Ml in Injection,Injection,Emcure Pharmaceuticals Ltd,cancer-medicines,Mitotic inhibitors,TRUE,TRUE,FALSE,SCHEDULE H,,1206,TRUE,1668,live,1206,928.62,23,true,3,,20
155559,Rituxirel 100Mg Vial Of 10Ml Injection,rituxirel-100mg-inj-155559,Rituximab 100mg,Rituximab,10 Ml in Injection,Injection,Reliance Life Science,cancer-medicines,Monoclonal antibodies,TRUE,TRUE,TRUE,SCHEDULE H,,8531.79,TRUE,1669,live,7998.55,2479.55,69,true,5,Guaranteed Delivery,10
135654,Paclitero 260Mg Injection,paclitero-260mg-inj-135654,Paclitaxel 260mg,Paclitaxel,43.5 Ml in Vial,Injection,Hetero Healthcare Limited,cancer-medicines,Mitotic inhibitors,TRUE,TRUE,FALSE,SCHEDULE H,,10470,TRUE,1670,live,10470,1884.6,82,true,3,,20
123698,Bd Taxel 300Mg Injection,bd-taxel-300mg-inj-123698,Paclitaxel 300mg,Paclitaxel,50 Ml in Injection,Injection,Bdr Pharmaceuticals Internationals Pvt Ltd,cancer-medicines,Mitotic inhibitors,TRUE,TRUE,FALSE,SCHEDULE H,,10800,TRUE,1671,live,10800,8316,23,false,2,Out of Stock,20
181893,Trasturel 440Mg Injection,trasturel-440mg-inj-181893,Trastuzumab 440mg,Trastuzumab,20 Ml in Injection,Injection,Reliance Life Science,cancer-medicines,Monoclonal antibodies,TRUE,TRUE,TRUE,SCHEDULE H,,61289,TRUE,1672,live,61289,18386.7,70,true,3,,20
198347,Tortaxel 260 Mg Injection,tortaxel-260-mg-injection-1-198347,Paclitaxel 260mg,Paclitaxel,5 Units in Injection,Injection,Torrent Pharmaceuticals Ltd,cancer-medicines,Mitotic inhibitors,TRUE,TRUE,FALSE,SCHEDULE H,,10454,TRUE,1673,live,10454,2822.58,73,true,3,,20
123695,Bd Taxel 260Mg Injection,bd-taxel-260mg-inj-123695,Paclitaxel 260mg,Paclitaxel,43.4 Ml in Injection,Injection,Bdr Pharmaceuticals Internationals Pvt Ltd,cancer-medicines,Mitotic inhibitors,TRUE,TRUE,FALSE,SCHEDULE H,,9000,TRUE,1674,live,9000,1710,81,true,3,,20
198348,Altaxel Nova 100 Mg Injection,altaxel-nova-100-mg-injection-1-198348,Paclitaxel 100mg,Paclitaxel,10 Units in Injection,Injection,Alkem Laboratories Ltd,cancer-medicines,Mitotic inhibitors,TRUE,TRUE,FALSE,SCHEDULE H,,3428,TRUE,1675,live,3428,2742.4,20,true,3,,20
198339,Paclicad 100 Mg Injection 16.7 Ml,paclicad-100-mg-injection-16-7-ml-198339,Paclitaxel 100mg,Paclitaxel,16.7 Ml in Injection,Injection,Cadila Pharmaceuticals Limited,cancer-medicines,Mitotic inhibitors,TRUE,TRUE,FALSE,SCHEDULE H,,3856,TRUE,1676,live,3856,1118.24,71,true,3,,20
198346,Tortaxel 100 Mg Injection,tortaxel-100-mg-injection-1-198346,Paclitaxel 100mg,Paclitaxel,5 Units in Injection,Injection,Torrent Pharmaceuticals Ltd,cancer-medicines,Mitotic inhibitors,TRUE,TRUE,FALSE,SCHEDULE H,,4262,TRUE,1677,live,4262,1449.08,66,true,3,,20
11594,Xgeva 120Mg Vial Of 1.7Ml Solution For Injection,xgeva-120mg-injection-1-7ml-11594,Denosumab 70mg/ml,Denosumab,1.7 Ml in Vial,Solution For Injection,Dr Reddy'S Laboratories Ltd,bone-and-joint-medicines,Osteoporosis,TRUE,FALSE,TRUE,SCHEDULE H,,28787,TRUE,1678,live,28787,24468.95,15,false,2,Out of Stock,3
114606,Herclon 440Mg Injection,herclon-440mg-inj-114606,Trastuzumab 440mg,Trastuzumab,1 Units in Vial,Powder For Infusion,Cipla Limited,cancer-medicines,Monoclonal antibodies,TRUE,TRUE,TRUE,SCHEDULE H,,61270,TRUE,1679,live,61270,47177.9,23,true,3,,20
110708,Canmab 150Mg Injection,canmab-150mg-inj-110708,Trastuzumab 150mg,Trastuzumab,7.2 Ml in Vial,Injection,Eris Life Sciences Pvt Ltd,cancer-medicines,Monoclonal antibodies,TRUE,TRUE,TRUE,SCHEDULE H,,25883.76,TRUE,1680,live,25883.76,5953.26,77,true,3,,20
101130,Zytax 20Mg Injection,zytax-20mg-inj-101130,Docetaxel 20mg,Docetaxel,2 Ml in Injection,Injection,Zydus Lifesciences Limited,cancer-medicines,Mitotic inhibitors,TRUE,TRUE,FALSE,SCHEDULE H,,3212,TRUE,1681,live,3212,899.36,72,true,3,,20
114594,Mabtas 100Mg Injection 10Ml,mabtas-100mg-injection-10ml-114594,Rituximab 100mg,Rituximab,10 Ml in Vial,Injection,Intas Pharmaceuticals Ltd,cancer-medicines,Monoclonal antibodies,TRUE,TRUE,TRUE,SCHEDULE H,,8532,TRUE,1682,live,8532,3327.48,61,true,3,,10
114595,Mabtas 500Mg Vial Of 50Ml Solution For Infusion,mabtas-500mg-injection-50ml-114595,Rituximab 10mg/ml,Rituximab,50 Ml in Vial,Solution For Infusion,Intas Pharmaceuticals Ltd,cancer-medicines,Monoclonal antibodies,TRUE,TRUE,TRUE,SCHEDULE H,,42661,TRUE,1683,live,40690.99,7324.38,82,true,3,,10
101131,Zytax 80Mg Injection,zytax-80mg-inj-101131,Docetaxel 80mg,Docetaxel,2 Ml in Injection,Injection,Zydus Lifesciences Limited,cancer-medicines,Mitotic inhibitors,TRUE,TRUE,FALSE,SCHEDULE H,,11573,TRUE,1684,live,11573,8911.21,23,true,3,,20
101081,Genexol Pm 100Mg Dry Vial 1 Powder For Injection,genexol-pm-100mg-inj-101081,Paclitaxel 100mg,Paclitaxel,1 Units in Dry Vial,Powder For Injection,Lupin,cancer-medicines,Mitotic inhibitors,TRUE,TRUE,FALSE,SCHEDULE H,,18271,TRUE,1685,live,18271,12424.28,32,false,2,Out of Stock,20
213330,Aplevant 0.75Mg Pre Filled Pen Of 0.5Ml Solution For Injection (Pack Of 2),aplevant-0-75mg-pre-filled-pen-of-2-0-5ml-solution-for-injection-213330,Dulaglutide(0.75 Mg/0.5Ml),Dulaglutide,0.5 Ml in Pre-Filled Pen,Solution For Injection,Lupin,anti-diabetic-medicines,GLP-1 receptor agonists,TRUE,TRUE,TRUE,SCHEDULE H,,5022.74,TRUE,1686,live,5669,5385.55,5,true,5,Guaranteed Delivery,20
213387,Aplevant 1.5Mg Pre Filled Pen Of 0.5Ml Solution For Injection (Pack Of 2),aplevant-1-5mg-inj-0-5ml-1-2-213387,Dulaglutide(1.5 Mg/0.5Ml),Dulaglutide,0.5 Ml in Pre-Filled Pen,Solution For Injection,Lupin,anti-diabetic-medicines,GLP-1 receptor agonists,TRUE,TRUE,TRUE,SCHEDULE H,,4789.58,TRUE,1687,live,5669,4761.96,16,true,5,Guaranteed Delivery,20
9146,Trulicity 0.75Mg Pre Filled Pen Of 0.5Ml Solution For Injection (Pack Of 2),trulicity-0-75mg-pre-filled-pen-of-2-0-5ml-solution-for-injection-9146,Dulaglutide(0.75 Mg/0.5Ml),Dulaglutide,1 Ml in Pre-Filled Pen,Solution For Injection,Cipla Limited,anti-diabetic-medicines,GLP-1 receptor agonists,TRUE,TRUE,TRUE,SCHEDULE H,,5235.49,TRUE,1688,live,5669.06,4762.01,16,true,4,Short in Supply. May be delivered late.,20
170350,Trulicity 1.5Mg Pre Filled Pen Of 0.5Ml Solution For Injection (Pack Of 2),trulicity-1-5mg-pre-filled-pen-of-2-0-5ml-solution-for-injection-170350,Dulaglutide(1.5 Mg/0.5Ml),Dulaglutide,1 Ml in Pre-Filled Pen,Solution For Injection,Cipla Limited,anti-diabetic-medicines,GLP-1 receptor agonists,TRUE,TRUE,TRUE,SCHEDULE H,,5487.56,TRUE,1689,live,5669.06,4648.63,18,true,5,Guaranteed Delivery,20
4161959,Soliqua Solostar 100Iu Pre Filled Pen Of 3Ml Solution For Injection,soliqua-solostar-100iu-pre-filled-pen-of-3ml-solution-for-injection-4161959,Insulin Glargine 100iu/ml + Lixisenatide 0.05mg/ml,Insulin Glargine+Lixisenatide,3 Ml in Pre-Filled Pen,Solution For Injection,Sanofi,anti-diabetic-medicines,Insulins,TRUE,TRUE,TRUE,SCHEDULE H,,1849.98,TRUE,1690,live,2034,1871.28,8,true,5,Guaranteed Delivery,20
4312720,Erly 6Mg Pre Filled Pen Of 3Ml Solution For Injection,erly-6-injection-1-no-s-4312720,Liraglutide 6mg/ml,Liraglutide,3 Ml in Pre-Filled Pen,Solution For Injection,Eris Life Sciences Pvt Ltd,anti-diabetic-medicines,GLP-1 receptor agonists,TRUE,TRUE,TRUE,SCHEDULE H,,2000,TRUE,1691,live,2062.5,1897.5,8,true,5,Guaranteed Delivery,20
4359933,Gliptoza 6Mg Pre Filled Pen Of 3Ml Solution For Injection,gliptoza-6mg-pre-filled-pen-of-3ml-solution-for-injection-4359933,Liraglutide 6mg/ml,Liraglutide,3 Ml in Pre-Filled Pen,Solution For Injection,Eris Life Sciences Pvt Ltd,anti-diabetic-medicines,GLP-1 receptor agonists,TRUE,TRUE,TRUE,SCHEDULE H,,2000,TRUE,1692,live,1875,1725,8,true,5,Guaranteed Delivery,20
4606570,Lirafit S Cartridge Of 3Ml Solution For Injection (Pack Of 5),lirafit-s-cartridge-of-3ml-solution-for-injection-pack-of-5--4606570,Liraglutide 6mg/ml,Liraglutide,15 Ml in Cartridge,Solution For Injection,Glenmark Pharmaceuticals,anti-diabetic-medicines,GLP-1 receptor agonists,TRUE,TRUE,TRUE,SCHEDULE H,,8999,TRUE,1693,live,8999,8099.1,10,true,3,,20
4140603,Lirafit 6Mg Pre Filled Pen Of 3Ml Solution For Injection,lirafit-6mg-pre-filled-pen-of-3ml-solution-for-injection-4140603,Liraglutide 6mg/ml,Liraglutide,3 Ml in Pre-Filled Pen,Solution For Injection,Glenmark Pharmaceuticals,anti-diabetic-medicines,GLP-1 receptor agonists,TRUE,TRUE,TRUE,SCHEDULE H,,2010.89,TRUE,1694,live,2085.94,1877.35,10,true,5,Guaranteed Delivery,20
4360359,Lyrato 6Mg Pre Filled Pen Of 3Ml Solution For Injection,lyrato-6mg-pre-filled-pen-of-3ml-solution-for-injection-4360359,Liraglutide 6mg/ml,Liraglutide,3 Ml in Pre-Filled Pen,Solution For Injection,Eris Life Sciences Pvt Ltd,anti-diabetic-medicines,GLP-1 receptor agonists,TRUE,TRUE,TRUE,SCHEDULE H,,2000,TRUE,1695,live,1875,1687.5,10,true,5,Guaranteed Delivery,20
3625084,Rybelsus 14Mg Strip Of 10 Tablets,rybelsus-14mg-strip-of-10-tablets-3625084,Semaglutide 14mg,Semaglutide,10 Units in Strip,Tablet,Novo Nordisk India Pvt Ltd,anti-diabetic-medicines,GLP-1 receptor agonists,TRUE,TRUE,FALSE,SCHEDULE H,,3870,TRUE,1696,live,3628.13,3047.63,16,true,5,Guaranteed Delivery,6
3625102,Rybelsus 3Mg Strip Of 10 Tablets,rybelsus-3mg-strip-of-10-tablets-3625102,Semaglutide 3mg,Semaglutide,10 Units in Strip,Tablet,Novo Nordisk India Pvt Ltd,anti-diabetic-medicines,GLP-1 receptor agonists,TRUE,TRUE,FALSE,SCHEDULE H,,3170,TRUE,1697,live,2971.88,2585.54,13,true,5,Guaranteed Delivery,6
3625131,Rybelsus 7Mg Strip Of 10 Tablets,rybelsus-7mg-strip-of-10-tablets-3625131,Semaglutide 7mg,Semaglutide,10 Units in Strip,Tablet,Novo Nordisk India Pvt Ltd,anti-diabetic-medicines,GLP-1 receptor agonists,TRUE,TRUE,FALSE,SCHEDULE H,,3520,TRUE,1698,live,3300,2706,18,true,5,Guaranteed Delivery,6
4485842,Wegovy 0.25Mg Flextouch Pre Filled Pen Of 1.5Ml Solution For Injection,wegovy-0-25mg-flextouch-pen-of-1-5ml-injection-4485842,Semaglutide(1.0 Mg/1.5Ml),Semaglutide,1.5 Ml in Pre-Filled Pen,Solution For Injection,Novo Nordisk India Pvt Ltd,weight-management-medicines,GLP-1 receptor agonists,TRUE,TRUE,TRUE,SCHEDULE H,,5660,TRUE,1699,live,5660,4980.8,12,true,5,Guaranteed Delivery,6
4485848,Wegovy 0.5Mg Flextouch Pre Filled Pen Of 1.5Ml Solution For Injection,wegovy-0-5mg-flextouch-pen-of-1-5ml-injection-4485848,Semaglutide(2.0 Mg/1.5Ml),Semaglutide,1.5 Ml in Pre-Filled Pen,Solution For Injection,Novo Nordisk India Pvt Ltd,weight-management-medicines,GLP-1 receptor agonists,TRUE,TRUE,TRUE,SCHEDULE H,,8100,TRUE,1700,live,8100,7128,12,true,5,Guaranteed Delivery,6
4485858,Wegovy 1.7Mg Flextouch Pre Filled Pen Of 3Ml Solution For Injection,wegovy-1-7mg-flextouch-pen-of-3ml-injection-4485858,Semaglutide(6.8 Mg/3Ml),Semaglutide,3 Ml in Pre-Filled Pen,Solution For Injection,Novo Nordisk India Pvt Ltd,weight-management-medicines,GLP-1 receptor agonists,TRUE,TRUE,TRUE,SCHEDULE H,,12750,TRUE,1701,live,12750,11220,12,true,5,Guaranteed Delivery,6
4485853,Wegovy 1Mg Flextouch Pre Filled Pen Of 3Ml Solution For Injection,wegovy-1mg-flextouch-pen-of-3ml-injection-4485853,Semaglutide(4.0 Mg/3Ml),Semaglutide,3 Ml in Pre-Filled Pen,Solution For Injection,Novo Nordisk India Pvt Ltd,weight-management-medicines,GLP-1 receptor agonists,TRUE,TRUE,TRUE,SCHEDULE H,,9100,TRUE,1702,live,9100,8008,12,true,5,Guaranteed Delivery,6
4485863,Wegovy 2.4Mg Flextouch Pre Filled Pen Of 3Ml Solution For Injection,wegovy-2-4mg-flextouch-pen-of-3ml-injection-4485863,Semaglutide(9.6 Mg/3Ml),Semaglutide,3 Ml in Pre-Filled Pen,Solution For Injection,Novo Nordisk India Pvt Ltd,weight-management-medicines,GLP-1 receptor agonists,TRUE,TRUE,TRUE,SCHEDULE H,,16400,TRUE,1703,live,16400,14432,12,true,5,Guaranteed Delivery,6
4507582,Mounjaro Kwikpen 10Mg Pre Filled Pen Of 2.4Ml Solution For Injection,mounjaro-kwikpen-10mg-pre-filled-pen-of-3ml-solution-for-injection-4507582,Tirzepatide(10.0 Mg/0.6Ml),Tirzepatide,2.4 Ml in Pre-Filled Pen,Solution For Injection,Eli Lilly And Company,weight-management-medicines|anti-diabetic-medicines,GLP-1 receptor agonists,TRUE,TRUE,TRUE,SCHEDULE H,,22000,TRUE,1704,live,20625,18150,12,true,5,Guaranteed Delivery,6
4507584,Mounjaro Kwikpen 12.5Mg Pre Filled Pen Of 2.4Ml Solution For Injection,mounjaro-kwikpen-12-5mg-pre-filled-pen-of-3ml-solution-for-injection-4507584,Tirzepatide(12.5 Mg/0.6Ml),Tirzepatide,2.4 Ml in Pre-Filled Pen,Solution For Injection,Eli Lilly And Company,anti-diabetic-medicines|weight-management-medicines,GLP-1 receptor agonists,TRUE,TRUE,TRUE,SCHEDULE H,,27500,TRUE,1705,live,25781.25,22687.5,12,true,5,Guaranteed Delivery,6
4507580,Mounjaro Kwikpen 2.5Mg Pre Filled Pen Of 2.4Ml Solution For Injection,mounjaro-kwikpen-2-5mg-pre-filled-pen-of-3ml-solution-for-injection-4507580,Tirzepatide(2.5 Mg/0.6Ml),Tirzepatide,2.4 Ml in Pre-Filled Pen,Solution For Injection,Eli Lilly And Company,anti-diabetic-medicines|weight-management-medicines,GLP-1 receptor agonists,TRUE,TRUE,TRUE,SCHEDULE H,,14000,TRUE,1706,live,13125,11550,12,true,5,Guaranteed Delivery,6
4507588,Mounjaro Kwikpen 5Mg Pre Filled Pen Of 2.4Ml Solution For Injection,mounjaro-kwikpen-5mg-pre-filled-pen-of-3ml-solution-for-injection-4507588,Tirzepatide(5.0 Mg/0.6Ml),Tirzepatide,2.4 Ml in Pre-Filled Pen,Solution For Injection,Eli Lilly And Company,anti-diabetic-medicines|weight-management-medicines,GLP-1 receptor agonists,TRUE,TRUE,TRUE,SCHEDULE H,,17500,TRUE,1707,live,16406.25,14437.5,12,true,5,Guaranteed Delivery,6
4507586,Mounjaro Kwikpen 7.5Mg Pre Filled Pen Of 2.4Ml Solution For Injection,mounjaro-kwikpen-7-5mg-pre-filled-pen-of-3ml-solution-for-injection-4507586,Tirzepatide(7.5 Mg/0.6Ml),Tirzepatide,2.4 Ml in Pre-Filled Pen,Solution For Injection,Eli Lilly And Company,anti-diabetic-medicines|weight-management-medicines,GLP-1 receptor agonists,TRUE,TRUE,TRUE,SCHEDULE H,,22000,TRUE,1708,live,20625,18150,12,true,5,Guaranteed Delivery,6
4507590,Mounjaro Kwikpen 15Mg Pre Filled Pen Of 2.4Ml Solution For Injection,mounjaro-kwikpen-15mg-pre-filled-pen-of-3ml-solution-for-injection-4507590,Tirzepatide(15.0 Mg/0.6Ml),Tirzepatide,2.4 Ml in Pre-Filled Pen,Solution For Injection,Eli Lilly And Company,anti-diabetic-medicines|weight-management-medicines,GLP-1 receptor agonists,TRUE,TRUE,TRUE,SCHEDULE H,,27500,TRUE,1709,live,25781.25,22687.5,12,true,5,Guaranteed Delivery,6
4605697,Yurpeak Kwikpen 10Mg Pre Filled Pen Of 2.4Ml Solution For Injection,yurpeak-kwikpen-10mg-pre-filled-pen-of-2-4ml-solution-for-injection-4605697,Tirzepatide(10.0 Mg/0.6Ml),Tirzepatide,2.4 Ml in Pre-Filled Pen,Solution For Injection,Cipla Limited,weight-management-medicines|anti-diabetic-medicines,GLP-1 receptor agonists,TRUE,TRUE,TRUE,SCHEDULE H,,20625,TRUE,1710,live,20625,17325,16,true,5,Guaranteed Delivery,6
4605698,Yurpeak Kwikpen 12.5Mg Pre Filled Pen Of 2.4Ml Solution For Injection,yurpeak-kwikpen-12-5mg-pre-filled-pen-of-2-4ml-solution-for-injection-4605698,Tirzepatide(12.5 Mg/0.6Ml),Tirzepatide,2.4 Ml in Pre-Filled Pen,Solution For Injection,Cipla Limited,anti-diabetic-medicines|weight-management-medicines,GLP-1 receptor agonists,TRUE,TRUE,TRUE,SCHEDULE H,,25781.25,TRUE,1711,live,25781.25,21656.25,16,true,5,Guaranteed Delivery,6
4605699,Yurpeak Kwikpen 15Mg Pre Filled Pen Of 2.4Ml Solution For Injection,yurpeak-kwikpen-15mg-pre-filled-pen-of-2-4ml-solution-for-injection-4605699,Tirzepatide(15.0 Mg/0.6Ml),Tirzepatide,2.4 Ml in Pre-Filled Pen,Solution For Injection,Cipla Limited,anti-diabetic-medicines|weight-management-medicines,GLP-1 receptor agonists,TRUE,TRUE,TRUE,SCHEDULE H,,25781.25,TRUE,1712,live,25781.25,21656.25,16,true,5,Guaranteed Delivery,6
4605675,Yurpeak Kwikpen 2.5Mg Pre Filled Pen Of 2.4Ml Solution For Injection,yurpeak-kwikpen-2-5mg-pre-filled-pen-of-2-4ml-solution-for-injection-4605675,Tirzepatide(2.5 Mg/0.6Ml),Tirzepatide,2.4 Ml in Pre-Filled Pen,Solution For Injection,Cipla Limited,anti-diabetic-medicines|weight-management-medicines,GLP-1 receptor agonists,TRUE,TRUE,TRUE,SCHEDULE H,,13125,TRUE,1713,live,13125,11025,16,true,5,Guaranteed Delivery,6
4605687,Yurpeak Kwikpen 5Mg Pre Filled Pen Of 2.4Ml Solution For Injection,yurpeak-kwikpen-5mg-pre-filled-pen-of-2-4ml-solution-for-injection-4605687,Tirzepatide(5.0 Mg/0.6Ml),Tirzepatide,2.4 Ml in Pre-Filled Pen,Solution For Injection,Cipla Limited,anti-diabetic-medicines|weight-management-medicines,GLP-1 receptor agonists,TRUE,TRUE,TRUE,SCHEDULE H,,16406,TRUE,1714,live,16406.25,13781.25,16,true,5,Guaranteed Delivery,6
4605696,Yurpeak Kwikpen 7.5Mg Pre Filled Pen Of 2.4Ml Solution For Injection,yurpeak-kwikpen-7-5mg-pre-filled-pen-of-2-4ml-solution-for-injection-4605696,Tirzepatide(7.5 Mg/0.6Ml),Tirzepatide,2.4 Ml in Pre-Filled Pen,Solution For Injection,Cipla Limited,anti-diabetic-medicines|weight-management-medicines,GLP-1 receptor agonists,TRUE,TRUE,TRUE,SCHEDULE H,,20625,TRUE,1715,live,20625,17325,16,true,5,Guaranteed Delivery,6
4386902,Mounjaro 2.5Mg Vial Of 0.5Ml Solution For Injection,mounjaro-2-5mg-vial-of-0-5ml-solution-for-injection-4386902,Tirzepatide(2.5 Mg/0.5Ml),Tirzepatide,.5 Ml in Vial,Solution For Injection,Eli Lilly And Company,anti-diabetic-medicines|weight-management-medicines,GLP-1 receptor agonists,TRUE,TRUE,TRUE,SCHEDULE H,,3500,TRUE,1716,live,3281.25,2887.5,12,true,5,Guaranteed Delivery,6
4386909,Mounjaro 5Mg Vial Of 0.5Ml Solution For Injection,mounjaro-5mg-vial-of-0-5ml-solution-for-injection-4386909,Tirzepatide(5.0 Mg/0.5Ml),Tirzepatide,.5 Ml in Vial,Solution For Injection,Eli Lilly And Company,anti-diabetic-medicines|weight-management-medicines,GLP-1 receptor agonists,TRUE,TRUE,TRUE,SCHEDULE H,,4375,TRUE,1717,live,4101.56,3609.37,12,false,2,Out of Stock,6
